id,species,stage,site,cycle,sex,age,capture_reg,capture_subreg,lon,lat,duration,start,end,jstart,jend,season,year,to,from,to_sea,from_sea,type,type2,count_ind_sp,weight,wt_sp,wt_dur,wt_sp_sex,wt_ind,wt_ind_sp,cluster
100431_1,BLSC,W,W2,1,M,ASY,Southern New England,Rhode Island,-73.89280369,40.50656275,101.9583333,12/25/2010,4/6/2011,359,96,W,2010,2,1.0,W,W,WD,W,89,1,3.120704107,0.2793379,5.90952381,0.066666667,0.000749064,8
100431_1,BLSC,S,S1,1,M,ASY,Southern New England,Rhode Island,-62.40861903,49.09720139,35.0,4/13/2011,5/18/2011,103,138,S,2011,15,2.0,S,W,SM,SM,89,1,3.120704107,0.095890411,5.90952381,0.066666667,0.000749064,15
100431_1,BLSC,M,M1,1,M,ASY,Southern New England,Rhode Island,-80.53283334,51.76117363,99.0,5/28/2011,9/4/2011,148,247,F,2011,14,15.0,F,S,SM,SM,89,1,3.120704107,0.271232877,5.90952381,0.066666667,0.000749064,19
100431_1,BLSC,M,M2,1,M,ASY,Southern New England,Rhode Island,-79.39920348,54.07557557,28.0,9/16/2011,10/14/2011,259,287,F,2011,23,14.0,F,F,MD,WM,89,1,3.120704107,0.076712329,5.90952381,0.066666667,0.000749064,19
100431_1,BLSC,W,W1,2,M,ASY,Southern New England,Rhode Island,-70.83991032,41.33249444,4.0,10/31/2011,11/4/2011,304,308,W,2011,2,23.0,W,F,WM,WM,89,1,3.120704107,0.010958904,5.90952381,0.066666667,0.000749064,8
100431_1,BLSC,W,W2,2,M,ASY,Southern New England,Rhode Island,-74.95174456,39.08963103,133.9583333,11/9/2011,3/22/2012,313,82,W,2011,3,2.0,W,W,WD,W,89,1,3.120704107,0.367009132,5.90952381,0.066666667,0.000749064,7
100431_1,BLSC,S,S1,2,M,ASY,Southern New England,Rhode Island,-64.65175223,46.6311321,11.0,3/30/2012,4/10/2012,90,101,S,2012,12,3.0,S,W,SM,SM,89,1,3.120704107,0.030136986,5.90952381,0.066666667,0.000749064,14
100431_1,BLSC,S,S2,2,M,ASY,Southern New England,Rhode Island,-63.43352971,49.47978003,27.0,4/15/2012,5/12/2012,106,133,S,2012,15,12.0,S,S,SD,SM,89,1,3.120704107,0.073972603,5.90952381,0.066666667,0.000749064,15
100431_1,BLSC,S,S3,2,M,ASY,Southern New England,Rhode Island,-61.42007832,48.92725625,2.0,4/30/2012,5/2/2012,121,123,S,2012,13,15.0,S,S,SD,SM,89,1,3.120704107,0.005479452,5.90952381,0.066666667,0.000749064,15
100431_1,BLSC,BM,St,2,M,ASY,Southern New England,Rhode Island,-92.45015974,56.9764806,2.0,5/28/2012,5/30/2012,149,151,S,2012,29,13.0,S,S,SD,SM,89,1,3.120704107,0.005479452,5.90952381,0.066666667,0.000749064,24
100431_1,BLSC,B,B1,2,M,ASY,Southern New England,Rhode Island,-96.48245587,59.71172207,12.0,6/6/2012,6/18/2012,158,170,B,2012,18,29.0,B,S,SM,SM,89,1,3.120704107,0.032876712,5.90952381,0.066666667,0.000749064,24
100431_1,BLSC,M,M1,2,M,ASY,Southern New England,Rhode Island,-90.31340301,57.13981274,65.0,7/5/2012,9/8/2012,187,252,F,2012,29,18.0,F,B,WM,WM,89,1,3.120704107,0.178082192,5.90952381,0.066666667,0.000749064,23
100431_1,BLSC,M,M2,2,M,ASY,Southern New England,Rhode Island,-79.35138072,52.123528,19.0,9/18/2012,10/7/2012,262,281,F,2012,14,29.0,F,F,MD,WM,89,1,3.120704107,0.052054795,5.90952381,0.066666667,0.000749064,19
100431_1,BLSC,W,W1,3,M,ASY,Southern New England,Rhode Island,-70.27835395,41.31776716,45.04166667,11/2/2012,12/17/2012,307,352,W,2012,1,14.0,W,F,WM,WM,89,1,3.120704107,0.123401826,5.90952381,0.066666667,0.066666667,8
100432_1,BLSC,W,W2,1,F,ASY,Southern New England,Rhode Island,-71.82372175,41.08675528,66.95833333,3/1/2011,5/7/2011,60,127,W,2011,2,2.0,W,W,WD,W,89,1,3.120704107,0.183447489,6.612788633,0.333333333,0.003745318,8
100432_1,BLSC,S,S1,1,F,ASY,Southern New England,Rhode Island,-66.43184024,48.03466773,12.0,5/18/2011,5/30/2011,138,150,S,2011,31,2.0,S,W,SM,SM,89,1,3.120704107,0.032876712,6.612788633,0.333333333,0.003745318,15
100437_1,BLSC,W,W2,1,F,SY,Southern New England,Rhode Island,-70.77101427,41.30341277,40.95833333,3/8/2011,4/18/2011,67,108,W,2011,2,2.0,W,W,WD,W,89,1,3.120704107,0.112214612,6.612788633,0.083333333,0.00093633,8
100437_1,BLSC,S,S1,1,F,SY,Southern New England,Rhode Island,-65.0250445,47.09250223,22.0,4/25/2011,5/17/2011,115,137,S,2011,12,2.0,S,W,SM,SM,89,1,3.120704107,0.060273973,6.612788633,0.083333333,0.00093633,14
100437_1,BLSC,B,B1,1,F,SY,Southern New England,Rhode Island,-77.19661352,59.55329575,55.0,6/8/2011,8/2/2011,159,214,B,2011,19,12.0,B,S,SM,SM,89,1,3.120704107,0.150684932,6.612788633,0.083333333,0.00093633,21
100437_1,BLSC,MM,St,1,F,SY,Southern New England,Rhode Island,-76.82000897,57.63376329,3.0,8/7/2011,8/10/2011,219,222,F,2011,19,19.0,F,B,WM,WM,89,1,3.120704107,0.008219178,6.612788633,0.083333333,0.00093633,20
100437_1,BLSC,M,M1,1,F,SY,Southern New England,Rhode Island,-79.49342947,54.21119936,69.0,8/16/2011,10/24/2011,228,297,F,2011,23,19.0,F,F,MD,WM,89,1,3.120704107,0.189041096,6.612788633,0.083333333,0.00093633,19
100437_1,BLSC,W,W1,2,F,SY,Southern New England,Rhode Island,-71.21114394,41.32884754,16.0,11/14/2011,11/30/2011,318,334,W,2011,2,23.0,W,F,WM,WM,89,1,3.120704107,0.043835616,6.612788633,0.083333333,0.00093633,8
100437_1,BLSC,W,W2,2,F,SY,Southern New England,Rhode Island,-70.78485787,41.30279519,108.9583333,12/1/2011,3/19/2012,335,79,W,2011,2,2.0,W,W,WD,W,89,1,3.120704107,0.298515982,6.612788633,0.083333333,0.00093633,8
100437_1,BLSC,S,S1,2,F,SY,Southern New England,Rhode Island,-64.77068363,46.60195843,15.0,3/28/2012,4/12/2012,88,103,S,2012,12,2.0,S,W,SM,SM,89,1,3.120704107,0.04109589,6.612788633,0.083333333,0.00093633,14
100437_1,BLSC,S,S2,2,F,SY,Southern New England,Rhode Island,-66.5070808,48.03867055,14.0,4/20/2012,5/4/2012,111,125,S,2012,31,12.0,S,S,SD,SM,89,1,3.120704107,0.038356164,6.612788633,0.083333333,0.00093633,15
100437_1,BLSC,B,B1,2,F,SY,Southern New England,Rhode Island,-76.93099686,59.58060546,33.0,6/11/2012,7/14/2012,163,196,B,2012,19,31.0,B,S,SM,SM,89,1,3.120704107,0.090410959,6.612788633,0.083333333,0.00093633,21
100437_1,BLSC,M,M1,2,F,SY,Southern New England,Rhode Island,-79.52306686,54.25416382,69.0,8/15/2012,10/23/2012,228,297,F,2012,23,19.0,F,B,WM,WM,89,1,3.120704107,0.189041096,6.612788633,0.083333333,0.00093633,19
100438_1,BLSC,S,S1,1,F,SY,Southern New England,Rhode Island,-64.66300167,46.43183915,11.0,5/10/2011,5/21/2011,130,141,S,2011,12,2.0,S,W,SM,SM,89,1,3.120704107,0.030136986,6.612788633,0.142857143,0.001605136,14
100438_1,BLSC,BM,St,1,F,SY,Southern New England,Rhode Island,-66.11057557,47.9077266,2.0,5/26/2011,5/28/2011,146,148,S,2011,31,12.0,S,S,SD,SM,89,1,3.120704107,0.005479452,6.612788633,0.142857143,0.001605136,15
100438_1,BLSC,B,B1,1,F,SY,Southern New England,Rhode Island,-75.78479945,57.59952617,39.0,6/13/2011,7/22/2011,164,203,B,2011,19,31.0,B,S,SM,SM,89,1,3.120704107,0.106849315,6.612788633,0.142857143,0.001605136,20
100438_1,BLSC,M,M1,1,F,SY,Southern New England,Rhode Island,-76.69350848,57.33660835,81.0,7/25/2011,10/14/2011,206,287,F,2011,19,19.0,F,B,WM,WM,89,1,3.120704107,0.221917808,6.612788633,0.142857143,0.001605136,20
100438_1,BLSC,W,W1,2,F,SY,Southern New England,Rhode Island,-71.72633456,41.24851742,17.0,11/14/2011,12/1/2011,318,335,W,2011,2,19.0,W,F,WM,WM,89,1,3.120704107,0.046575342,6.612788633,0.142857143,0.001605136,8
100438_1,BLSC,W,W2,2,F,SY,Southern New England,Rhode Island,-80.7389733,32.07071339,5.0,12/17/2011,12/22/2011,351,356,W,2011,4,2.0,W,W,WD,W,89,1,3.120704107,0.01369863,6.612788633,0.142857143,0.001605136,6
100441_1,BLSC,W,W2,1,F,HY,Southern New England,Rhode Island,-71.5833076,41.27642788,79.95833333,2/20/2011,5/11/2011,51,131,W,2011,2,2.0,W,W,WD,W,89,1,3.120704107,0.219063927,6.612788633,0.1,0.001123596,8
100441_1,BLSC,S,S1,1,F,HY,Southern New England,Rhode Island,-67.95203903,44.40458929,24.0,5/17/2011,6/10/2011,137,161,S,2011,5,2.0,S,W,SM,SM,89,1,3.120704107,0.065753425,6.612788633,0.1,0.001123596,9
100441_1,BLSC,BM,St,1,F,HY,Southern New England,Rhode Island,-69.04499017,48.32272373,3.0,6/16/2011,6/19/2011,167,170,S,2011,16,5.0,S,S,SD,SM,89,1,3.120704107,0.008219178,6.612788633,0.1,0.001123596,13
100441_1,BLSC,M,M1,1,F,HY,Southern New England,Rhode Island,-79.05767599,52.15298792,66.0,6/28/2011,9/2/2011,179,245,F,2011,14,16.0,F,S,SM,SM,89,1,3.120704107,0.180821918,6.612788633,0.1,0.001123596,19
100441_1,BLSC,M,M2,1,F,HY,Southern New England,Rhode Island,-78.71635249,52.50171957,10.0,9/6/2011,9/16/2011,249,259,F,2011,14,14.0,F,F,MD,WM,89,1,3.120704107,0.02739726,6.612788633,0.1,0.001123596,19
100441_1,BLSC,M,M3,1,F,HY,Southern New England,Rhode Island,-79.35652438,54.00494671,16.0,9/19/2011,10/5/2011,262,278,F,2011,23,14.0,F,F,MD,WM,89,1,3.120704107,0.043835616,6.612788633,0.1,0.001123596,19
100441_1,BLSC,WM,St,1,F,HY,Southern New England,Rhode Island,-69.3880823,43.63323124,30.04166667,10/16/2011,11/15/2011,289,319,F,2011,5,23.0,F,F,MD,WM,89,1,3.120704107,0.082305936,6.612788633,0.1,0.001123596,9
100441_1,BLSC,W,W1,2,F,HY,Southern New England,Rhode Island,-81.26882716,31.24472918,67.0,11/30/2011,2/5/2012,334,36,W,2011,4,5.0,W,F,WM,WM,89,1,3.120704107,0.183561644,6.612788633,0.1,0.001123596,6
100441_1,BLSC,W,W2,2,F,HY,Southern New England,Rhode Island,-80.71690147,32.11564338,9.0,12/22/2011,12/31/2011,356,365,W,2011,4,4.0,W,W,WD,W,89,1,3.120704107,0.024657534,6.612788633,0.1,0.001123596,6
100443_1,BLSC,W,W2,1,M,HY,Southern New England,Rhode Island,-71.79344413,41.10947287,79.95833333,3/2/2011,5/21/2011,61,141,W,2011,2,2.0,W,W,WD,W,89,1,3.120704107,0.219063927,5.90952381,0.166666667,0.001872659,8
100443_1,BLSC,W,W3,1,M,HY,Southern New England,Rhode Island,-70.79417874,41.31032088,14.0,4/23/2011,5/7/2011,113,127,W,2011,2,2.0,W,W,WD,W,89,1,3.120704107,0.038356164,5.90952381,0.166666667,0.001872659,8
100443_1,BLSC,M,M1,1,M,HY,Southern New England,Rhode Island,-66.56616316,44.98596764,108.0,5/28/2011,9/13/2011,148,256,F,2011,5,2.0,F,W,SM,SM,89,1,3.120704107,0.295890411,5.90952381,0.166666667,0.001872659,14
100443_1,BLSC,W,W1,2,M,HY,Southern New England,Rhode Island,-70.3857525,43.45420793,59.04166667,9/23/2011,11/21/2011,266,325,W,2011,5,5.0,W,F,WM,WM,89,1,3.120704107,0.161757991,5.90952381,0.166666667,0.001872659,9
100443_1,BLSC,W,W2,2,M,HY,Southern New England,Rhode Island,-70.67039095,42.72118116,10.0,11/24/2011,12/4/2011,328,338,W,2011,6,5.0,W,W,WD,W,89,1,3.120704107,0.02739726,5.90952381,0.166666667,0.001872659,9
22628_1,BLSC,BM,St,1,M,SY,Quebec,Chaleur Bay,-66.54777707,49.72327122,4.0,5/30/2002,6/3/2002,150,154,S,2002,15,31.0,S,S,SD,SM,89,1,3.120704107,0.010958904,5.90952381,0.142857143,0.001605136,15
22628_1,BLSC,M,M1,1,M,SY,Quebec,Chaleur Bay,-81.12784707,52.75809064,75.0,6/12/2002,8/26/2002,163,238,F,2002,14,15.0,F,S,SM,SM,89,1,3.120704107,0.205479452,5.90952381,0.142857143,0.001605136,19
22628_1,BLSC,M,M2,1,M,SY,Quebec,Chaleur Bay,-80.6731397,52.93479093,46.0,8/30/2002,10/15/2002,242,288,F,2002,14,14.0,F,F,MD,WM,89,1,3.120704107,0.126027397,5.90952381,0.142857143,0.001605136,19
22628_1,BLSC,W,W1,1,M,SY,Quebec,Chaleur Bay,-70.41512119,41.30940593,6.041666667,10/26/2002,11/1/2002,299,305,W,2002,1,14.0,W,F,WM,WM,89,1,3.120704107,0.016552511,5.90952381,0.142857143,0.001605136,8
22628_1,BLSC,W,W2,1,M,SY,Quebec,Chaleur Bay,-70.79523423,41.31220006,149.0,11/7/2002,4/5/2003,311,95,W,2002,2,1.0,W,W,WD,W,89,1,3.120704107,0.408219178,5.90952381,0.142857143,0.001605136,8
22628_1,BLSC,W,W3,1,M,SY,Quebec,Chaleur Bay,-72.76406136,40.73923151,38.0,11/24/2002,1/1/2003,328,1,W,2002,2,2.0,W,W,WD,W,89,1,3.120704107,0.104109589,5.90952381,0.142857143,0.001605136,8
22630_1,BLSC,S,S2,1,M,AHY,Quebec,Chaleur Bay,-70.10538299,47.51096964,10.0,6/7/2002,6/17/2002,158,168,S,2002,16,31.0,S,S,SD,SM,89,1,3.120704107,0.02739726,5.90952381,0.111111111,0.001248439,13
22630_1,BLSC,M,M1,1,M,AHY,Quebec,Chaleur Bay,-80.68853334,52.97947111,82.0,7/4/2002,9/24/2002,185,267,F,2002,14,16.0,F,S,SM,SM,89,1,3.120704107,0.224657534,5.90952381,0.111111111,0.001248439,19
22630_1,BLSC,M,M2,1,M,AHY,Quebec,Chaleur Bay,-79.37747308,54.09618119,8.0,9/30/2002,10/8/2002,273,281,F,2002,23,14.0,F,F,MD,WM,89,1,3.120704107,0.021917808,5.90952381,0.111111111,0.001248439,19
22630_1,BLSC,W,W1,1,M,AHY,Quebec,Chaleur Bay,-70.15385533,41.41655931,10.0,10/17/2002,10/27/2002,290,300,W,2002,1,23.0,W,F,WM,WM,89,1,3.120704107,0.02739726,5.90952381,0.111111111,0.001248439,8
22630_1,BLSC,W,W2,1,M,AHY,Quebec,Chaleur Bay,-76.42375613,38.05709514,121.0,11/14/2002,3/15/2003,318,74,W,2002,7,1.0,W,W,WD,W,89,1,3.120704107,0.331506849,5.90952381,0.111111111,0.001248439,7
22630_1,BLSC,S,S1,2,M,AHY,Quebec,Chaleur Bay,-71.78569668,41.07787216,16.95833333,3/27/2003,4/13/2003,86,103,S,2003,2,7.0,S,W,SM,SM,89,1,3.120704107,0.046461187,5.90952381,0.111111111,0.001248439,8
22630_1,BLSC,S,S2,2,M,AHY,Quebec,Chaleur Bay,-65.70436616,45.54605834,0.0,5/1/2003,5/1/2003,121,121,S,2003,5,2.0,S,S,SD,SM,89,1,3.120704107,0.0,5.90952381,0.111111111,0.001248439,14
22630_1,BLSC,S,S3,2,M,AHY,Quebec,Chaleur Bay,-67.79442709,49.26349717,0.0,5/20/2003,5/20/2003,140,140,S,2003,16,5.0,S,S,SD,SM,89,1,3.120704107,0.0,5.90952381,0.111111111,0.001248439,15
22631_1,BLSC,M,M1,1,M,AHY,Quebec,Chaleur Bay,-80.65991345,52.52743431,21.0,6/4/2002,6/25/2002,155,176,F,2002,14,31.0,F,S,SM,SM,89,1,3.120704107,0.057534247,5.90952381,0.111111111,0.001248439,19
22631_1,BLSC,M,M2,1,M,AHY,Quebec,Chaleur Bay,-82.14357063,53.69472861,57.0,6/27/2002,8/23/2002,178,235,F,2002,30,14.0,F,F,MD,WM,89,1,3.120704107,0.156164384,5.90952381,0.111111111,0.001248439,19
22631_1,BLSC,M,M3,1,M,AHY,Quebec,Chaleur Bay,-80.81816295,53.05283532,14.0,8/26/2002,9/9/2002,238,252,F,2002,14,30.0,F,F,MD,WM,89,1,3.120704107,0.038356164,5.90952381,0.111111111,0.001248439,19
22631_1,BLSC,M,M4,1,M,AHY,Quebec,Chaleur Bay,-79.50955054,54.20073685,28.0,9/15/2002,10/13/2002,258,286,F,2002,23,14.0,F,F,MD,WM,89,1,3.120704107,0.076712329,5.90952381,0.111111111,0.001248439,19
22631_1,BLSC,WM,St,1,M,AHY,Quebec,Chaleur Bay,-75.71984649,37.42421595,6.041666667,10/25/2002,10/31/2002,298,304,F,2002,7,23.0,F,F,MD,WM,89,1,3.120704107,0.016552511,5.90952381,0.111111111,0.001248439,7
22631_1,BLSC,W,W1,1,M,AHY,Quebec,Chaleur Bay,-72.42418986,40.89571171,81.0,11/10/2002,1/30/2003,314,30,W,2002,2,7.0,W,F,WM,WM,89,1,3.120704107,0.221917808,5.90952381,0.111111111,0.001248439,8
22631_1,BLSC,W,W2,1,M,AHY,Quebec,Chaleur Bay,-75.01167837,38.85444807,7.0,2/15/2003,2/22/2003,46,53,W,2003,3,2.0,W,W,WD,W,89,1,3.120704107,0.019178082,5.90952381,0.111111111,0.001248439,7
22631_1,BLSC,W,W3,1,M,AHY,Quebec,Chaleur Bay,-71.77372965,41.12044525,12.0,3/5/2003,3/17/2003,64,76,W,2003,2,3.0,W,W,WD,W,89,1,3.120704107,0.032876712,5.90952381,0.111111111,0.001248439,8
36022_1,BLSC,M,M1,1,M,AHY,Quebec,Chaleur Bay,-57.23536455,53.90562462,18.0,6/23/2002,7/11/2002,174,192,F,2002,17,31.0,F,S,SM,SM,89,1,3.120704107,0.049315068,5.90952381,0.2,0.002247191,16
36022_1,BLSC,M,M2,1,M,AHY,Quebec,Chaleur Bay,-59.65579043,55.38387828,96.0,7/15/2002,10/19/2002,196,292,F,2002,17,17.0,F,F,MD,WM,89,1,3.120704107,0.263013699,5.90952381,0.2,0.002247191,16
36022_1,BLSC,W,W1,1,M,AHY,Quebec,Chaleur Bay,-70.61166931,41.30882008,101.0416667,10/27/2002,2/5/2003,300,36,W,2002,1,17.0,W,F,WM,WM,89,1,3.120704107,0.276826484,5.90952381,0.2,0.002247191,8
36022_1,BLSC,W,W2,1,M,AHY,Quebec,Chaleur Bay,-72.91257825,40.74493134,36.0,11/20/2002,12/26/2002,324,360,W,2002,2,1.0,W,W,WD,W,89,1,3.120704107,0.098630137,5.90952381,0.2,0.002247191,8
36023_1,BLSC,M,M1,1,M,AHY,Quebec,Chaleur Bay,-79.28958964,52.01376411,85.0,6/11/2002,9/4/2002,162,247,F,2002,14,31.0,F,S,SM,SM,89,1,3.120704107,0.232876712,5.90952381,0.142857143,0.001605136,19
36023_1,BLSC,M,M2,1,M,AHY,Quebec,Chaleur Bay,-79.32260029,53.76097567,34.0,9/7/2002,10/11/2002,250,284,F,2002,23,14.0,F,F,MD,WM,89,1,3.120704107,0.093150685,5.90952381,0.142857143,0.001605136,19
36023_1,BLSC,W,W1,1,M,AHY,Quebec,Chaleur Bay,-70.66679259,41.31285344,25.04166667,10/16/2002,11/10/2002,289,314,W,2002,1,23.0,W,F,WM,WM,89,1,3.120704107,0.068607306,5.90952381,0.142857143,0.001605136,8
36023_1,BLSC,W,W2,1,M,AHY,Quebec,Chaleur Bay,-69.91233256,41.64138462,25.0,11/14/2002,12/9/2002,318,343,W,2002,1,1.0,W,W,WD,W,89,1,3.120704107,0.068493151,5.90952381,0.142857143,0.001605136,8
36023_1,BLSC,W,W3,1,M,AHY,Quebec,Chaleur Bay,-75.55880353,37.60640355,5.0,12/13/2002,12/18/2002,347,352,W,2002,7,1.0,W,W,WD,W,89,1,3.120704107,0.01369863,5.90952381,0.142857143,0.001605136,7
36023_1,BLSC,W,W4,1,M,AHY,Quebec,Chaleur Bay,-70.8136468,41.39904451,72.0,12/23/2002,3/5/2003,357,64,W,2002,2,7.0,W,W,WD,W,89,1,3.120704107,0.197260274,5.90952381,0.142857143,0.001605136,8
36024_1,BLSC,B,B1,1,M,AHY,Quebec,Chaleur Bay,-67.1546431,49.69812317,11.0,5/20/2002,5/31/2002,140,151,B,2002,16,31.0,B,S,SM,SM,89,1,3.120704107,0.030136986,5.90952381,0.25,0.002808989,15
36024_1,BLSC,M,M1,1,M,AHY,Quebec,Chaleur Bay,-70.33884305,56.34246079,21.0,6/8/2002,6/29/2002,159,180,F,2002,22,16.0,F,B,WM,WM,89,1,3.120704107,0.057534247,5.90952381,0.25,0.002808989,17
36024_1,BLSC,M,M2,1,M,AHY,Quebec,Chaleur Bay,-82.23100249,54.33810667,61.0,7/6/2002,9/5/2002,187,248,F,2002,30,22.0,F,F,MD,WM,89,1,3.120704107,0.167123288,5.90952381,0.25,0.002808989,19
36198_1,BLSC,B,B1,1,M,AHY,Quebec,Chaleur Bay,-73.69377528,58.48417313,17.0,6/13/2002,6/30/2002,164,181,B,2002,20,31.0,B,S,SM,SM,89,1,3.120704107,0.046575342,5.90952381,0.166666667,0.001872659,21
36198_1,BLSC,M,M1,1,M,AHY,Quebec,Chaleur Bay,-79.67998566,51.90881556,12.0,7/9/2002,7/21/2002,190,202,F,2002,14,20.0,F,B,WM,WM,89,1,3.120704107,0.032876712,5.90952381,0.166666667,0.001872659,19
36198_1,BLSC,M,M2,1,M,AHY,Quebec,Chaleur Bay,-79.45330702,51.77287242,53.0,7/25/2002,9/16/2002,206,259,F,2002,14,14.0,F,F,MD,WM,89,1,3.120704107,0.145205479,5.90952381,0.166666667,0.001872659,19
36198_1,BLSC,M,M3,1,M,AHY,Quebec,Chaleur Bay,-78.71162875,52.24967509,29.0,9/21/2002,10/20/2002,264,293,F,2002,14,14.0,F,F,MD,WM,89,1,3.120704107,0.079452055,5.90952381,0.166666667,0.001872659,19
36198_1,BLSC,W,W1,1,M,AHY,Quebec,Chaleur Bay,-76.43219764,35.32531503,108.0,11/10/2002,2/26/2003,314,57,W,2002,8,14.0,W,F,WM,WM,89,1,3.120704107,0.295890411,5.90952381,0.166666667,0.001872659,7
36199_1,BLSC,M,M1,1,M,AHY,Quebec,Chaleur Bay,-80.53059725,51.76790762,5.0,6/6/2002,6/11/2002,157,162,F,2002,14,31.0,F,S,SM,SM,89,1,3.120704107,0.01369863,5.90952381,0.125,0.001404494,19
36199_1,BLSC,M,M2,1,M,AHY,Quebec,Chaleur Bay,-81.13854169,52.71277821,10.0,6/12/2002,6/22/2002,163,173,F,2002,14,14.0,F,F,MD,WM,89,1,3.120704107,0.02739726,5.90952381,0.125,0.001404494,19
36199_1,BLSC,M,M3,1,M,AHY,Quebec,Chaleur Bay,-82.15242641,53.7764046,61.0,6/23/2002,8/23/2002,174,235,F,2002,30,14.0,F,F,MD,WM,89,1,3.120704107,0.167123288,5.90952381,0.125,0.001404494,19
36199_1,BLSC,M,M4,1,M,AHY,Quebec,Chaleur Bay,-82.19487738,54.73956633,9.0,8/24/2002,9/2/2002,236,245,F,2002,30,30.0,F,F,MD,WM,89,1,3.120704107,0.024657534,5.90952381,0.125,0.001404494,19
36199_1,BLSC,M,M5,1,M,AHY,Quebec,Chaleur Bay,-79.75557398,51.99368359,39.0,9/5/2002,10/14/2002,248,287,F,2002,14,30.0,F,F,MD,WM,89,1,3.120704107,0.106849315,5.90952381,0.125,0.001404494,19
36199_1,BLSC,W,W1,1,M,AHY,Quebec,Chaleur Bay,-75.22017428,37.99389869,8.041666667,10/20/2002,10/28/2002,293,301,W,2002,3,14.0,W,F,WM,WM,89,1,3.120704107,0.022031963,5.90952381,0.125,0.001404494,7
36199_1,BLSC,W,W2,1,M,AHY,Quebec,Chaleur Bay,-70.77714496,41.22245733,122.0,11/2/2002,3/4/2003,306,63,W,2002,2,3.0,W,W,WD,W,89,1,3.120704107,0.334246575,5.90952381,0.125,0.001404494,8
36200_1,BLSC,S,S2,1,M,AHY,Quebec,Chaleur Bay,-66.94990408,49.97254138,3.0,5/30/2002,6/2/2002,150,153,S,2002,15,31.0,S,S,SD,SM,89,1,3.120704107,0.008219178,5.90952381,0.090909091,0.00102145,15
36200_1,BLSC,B,B1,1,M,AHY,Quebec,Chaleur Bay,-74.2852824,56.60327074,5.0,6/7/2002,6/12/2002,158,163,B,2002,20,15.0,B,S,SM,SM,89,1,3.120704107,0.01369863,5.90952381,0.090909091,0.00102145,20
36200_1,BLSC,B,B2,1,M,AHY,Quebec,Chaleur Bay,-73.41758902,57.18966466,16.0,6/13/2002,6/29/2002,164,180,B,2002,20,20.0,B,B,BD,B,89,1,3.120704107,0.043835616,5.90952381,0.090909091,0.00102145,20
36200_1,BLSC,M,M1,1,M,AHY,Quebec,Chaleur Bay,-82.13526929,53.7358452,67.0,7/4/2002,9/9/2002,185,252,F,2002,30,20.0,F,B,WM,WM,89,1,3.120704107,0.183561644,5.90952381,0.090909091,0.00102145,19
36200_1,BLSC,M,M2,1,M,AHY,Quebec,Chaleur Bay,-79.83243019,52.17243747,33.0,9/12/2002,10/15/2002,255,288,F,2002,14,30.0,F,F,MD,WM,89,1,3.120704107,0.090410959,5.90952381,0.090909091,0.00102145,19
36200_1,BLSC,M,M3,1,M,AHY,Quebec,Chaleur Bay,-80.90791493,53.17482291,0.0,9/13/2002,9/13/2002,256,256,F,2002,14,14.0,F,F,MD,WM,89,1,3.120704107,0.0,5.90952381,0.090909091,0.00102145,19
36200_1,BLSC,M,M4,1,M,AHY,Quebec,Chaleur Bay,-81.06572558,53.12866876,0.0,9/14/2002,9/14/2002,257,257,F,2002,14,14.0,F,F,MD,WM,89,1,3.120704107,0.0,5.90952381,0.090909091,0.00102145,19
36200_1,BLSC,W,W1,1,M,AHY,Quebec,Chaleur Bay,-70.68113132,41.30153852,26.04166667,10/21/2002,11/16/2002,294,320,W,2002,1,14.0,W,F,WM,WM,89,1,3.120704107,0.071347032,5.90952381,0.090909091,0.00102145,8
36200_1,BLSC,W,W2,1,M,AHY,Quebec,Chaleur Bay,-73.02125003,40.67795871,35.0,11/20/2002,12/25/2002,324,359,W,2002,2,1.0,W,W,WD,W,89,1,3.120704107,0.095890411,5.90952381,0.090909091,0.00102145,8
36200_1,BLSC,W,W3,1,M,AHY,Quebec,Chaleur Bay,-74.47696464,39.42249191,10.0,12/28/2002,1/7/2003,362,7,W,2002,3,2.0,W,W,WD,W,89,1,3.120704107,0.02739726,5.90952381,0.090909091,0.00102145,7
36201_1,BLSC,S,S2,1,M,ASY,Quebec,Chaleur Bay,-66.86733688,49.87477185,4.0,5/30/2002,6/3/2002,150,154,S,2002,15,31.0,S,S,SD,SM,89,1,3.120704107,0.010958904,5.90952381,0.142857143,0.001605136,15
36201_1,BLSC,BM,St,1,M,ASY,Quebec,Chaleur Bay,-79.00617635,53.57094587,7.0,6/8/2002,6/15/2002,159,166,S,2002,23,15.0,S,S,SD,SM,89,1,3.120704107,0.019178082,5.90952381,0.142857143,0.001605136,19
36201_1,BLSC,B,B1,1,M,ASY,Quebec,Chaleur Bay,-75.99348039,58.36499796,11.0,6/19/2002,6/30/2002,170,181,B,2002,19,23.0,B,S,SM,SM,89,1,3.120704107,0.030136986,5.90952381,0.142857143,0.001605136,20
36201_1,BLSC,MM,St,1,M,ASY,Quebec,Chaleur Bay,-76.63143143,57.36750971,2.0,7/3/2002,7/5/2002,184,186,F,2002,19,19.0,F,B,WM,WM,89,1,3.120704107,0.005479452,5.90952381,0.142857143,0.001605136,20
36201_1,BLSC,M,M1,1,M,ASY,Quebec,Chaleur Bay,-80.72164066,52.812012,100.0,7/11/2002,10/19/2002,192,292,F,2002,14,19.0,F,F,MD,WM,89,1,3.120704107,0.273972603,5.90952381,0.142857143,0.001605136,19
36201_1,BLSC,W,W1,1,M,ASY,Quebec,Chaleur Bay,-75.13972704,38.17699649,3.041666667,10/25/2002,10/28/2002,298,301,W,2002,3,14.0,W,F,WM,WM,89,1,3.120704107,0.008333333,5.90952381,0.142857143,0.001605136,7
36202_1,BLSC,S,S2,1,M,ASY,Quebec,Chaleur Bay,-67.16661932,49.71102954,2.0,5/26/2002,5/28/2002,146,148,S,2002,16,31.0,S,S,SD,SM,89,1,3.120704107,0.005479452,5.90952381,0.1,0.001123596,15
36202_1,BLSC,M,M1,1,M,ASY,Quebec,Chaleur Bay,-79.58283495,52.03279818,135.0,6/2/2002,10/15/2002,153,288,F,2002,14,16.0,F,S,SM,SM,89,1,3.120704107,0.369863014,5.90952381,0.1,0.001123596,19
36202_1,BLSC,M,M2,1,M,ASY,Quebec,Chaleur Bay,-81.66555753,52.74875629,97.0,6/10/2002,9/15/2002,161,258,F,2002,14,14.0,F,F,MD,WM,89,1,3.120704107,0.265753425,5.90952381,0.1,0.001123596,19
36202_1,BLSC,M,M3,1,M,ASY,Quebec,Chaleur Bay,-82.11170242,53.73047998,69.0,6/21/2002,8/29/2002,172,241,F,2002,30,14.0,F,F,MD,WM,89,1,3.120704107,0.189041096,5.90952381,0.1,0.001123596,19
36202_1,BLSC,M,M4,1,M,ASY,Quebec,Chaleur Bay,-82.33289541,54.22340151,13.0,8/30/2002,9/12/2002,242,255,F,2002,30,30.0,F,F,MD,WM,89,1,3.120704107,0.035616438,5.90952381,0.1,0.001123596,19
36202_1,BLSC,M,M5,1,M,ASY,Quebec,Chaleur Bay,-81.21340299,52.17870066,18.0,9/16/2002,10/4/2002,259,277,F,2002,14,30.0,F,F,MD,WM,89,1,3.120704107,0.049315068,5.90952381,0.1,0.001123596,19
36202_1,BLSC,W,W1,1,M,ASY,Quebec,Chaleur Bay,-70.7246626,41.31771903,12.04166667,10/20/2002,11/1/2002,293,305,W,2002,1,14.0,W,F,WM,WM,89,1,3.120704107,0.032990868,5.90952381,0.1,0.001123596,8
36202_1,BLSC,W,W2,1,M,ASY,Quebec,Chaleur Bay,-76.26768766,38.26426254,41.0,11/4/2002,12/15/2002,308,349,W,2002,7,1.0,W,W,WD,W,89,1,3.120704107,0.112328767,5.90952381,0.1,0.001123596,7
36202_1,BLSC,W,W3,1,M,ASY,Quebec,Chaleur Bay,-80.53889323,32.09519255,42.0,12/19/2002,1/30/2003,353,30,W,2002,4,7.0,W,W,WD,W,89,1,3.120704107,0.115068493,5.90952381,0.1,0.001123596,6
36366_1,BLSC,BM,St,1,F,AHY,Quebec,Chaleur Bay,-79.25126887,51.64016875,3.0,6/1/2002,6/4/2002,152,155,S,2002,14,31.0,S,S,SD,SM,89,1,3.120704107,0.008219178,6.612788633,0.125,0.001404494,19
36366_1,BLSC,B,B1,1,F,AHY,Quebec,Chaleur Bay,-94.19579382,57.82907039,59.0,6/7/2002,8/5/2002,158,217,B,2002,18,14.0,B,S,SM,SM,89,1,3.120704107,0.161643836,6.612788633,0.125,0.001404494,24
36366_1,BLSC,MM,St,1,F,AHY,Quebec,Chaleur Bay,-90.52135796,57.23351778,3.0,8/7/2002,8/10/2002,219,222,F,2002,29,18.0,F,B,WM,WM,89,1,3.120704107,0.008219178,6.612788633,0.125,0.001404494,23
36366_1,BLSC,M,M1,1,F,AHY,Quebec,Chaleur Bay,-80.72876781,52.99860036,3.0,8/15/2002,8/18/2002,227,230,F,2002,14,29.0,F,F,MD,WM,89,1,3.120704107,0.008219178,6.612788633,0.125,0.001404494,19
36366_1,BLSC,M,M2,1,F,AHY,Quebec,Chaleur Bay,-79.70756732,51.95905293,62.0,8/19/2002,10/20/2002,231,293,F,2002,14,14.0,F,F,MD,WM,89,1,3.120704107,0.169863014,6.612788633,0.125,0.001404494,19
36366_1,BLSC,W,W1,1,F,AHY,Quebec,Chaleur Bay,-70.29141238,41.38181118,6.041666667,10/25/2002,10/31/2002,298,304,W,2002,1,14.0,W,F,WM,WM,89,1,3.120704107,0.016552511,6.612788633,0.125,0.001404494,8
36366_1,BLSC,W,W2,1,F,AHY,Quebec,Chaleur Bay,-75.98902895,38.56362727,81.0,11/4/2002,1/24/2003,308,24,W,2002,7,1.0,W,W,WD,W,89,1,3.120704107,0.221917808,6.612788633,0.125,0.001404494,7
36367_1,BLSC,S,S2,1,F,AHY,Quebec,Chaleur Bay,-64.34509189,48.8021298,18.0,6/7/2002,6/25/2002,158,176,S,2002,12,31.0,S,S,SD,SM,89,1,3.120704107,0.049315068,6.612788633,0.25,0.002808989,15
36367_1,BLSC,M,M1,1,F,AHY,Quebec,Chaleur Bay,-68.6051861,48.98676934,83.0,6/30/2002,9/21/2002,181,264,F,2002,16,12.0,F,S,SM,SM,89,1,3.120704107,0.22739726,6.612788633,0.25,0.002808989,13
36367_1,BLSC,W,W1,1,F,AHY,Quebec,Chaleur Bay,-68.94849808,43.98434822,25.0,9/26/2002,10/21/2002,269,294,W,2002,5,16.0,W,F,WM,WM,89,1,3.120704107,0.068493151,6.612788633,0.25,0.002808989,9
36485_1,BLSC,M,M1,1,M,AHY,Quebec,Chaleur Bay,-67.46843299,49.447582,78.0,7/22/2010,10/8/2010,203,281,F,2010,16,31.0,F,S,SM,SM,89,1,3.120704107,0.21369863,5.90952381,0.05,0.000561798,15
36485_1,BLSC,M,M2,1,M,AHY,Quebec,Chaleur Bay,-68.5102098,49.02920692,19.0,10/9/2010,10/28/2010,282,301,F,2010,16,16.0,F,F,MD,WM,89,1,3.120704107,0.052054795,5.90952381,0.05,0.000561798,13
36485_1,BLSC,W,W1,1,M,AHY,Quebec,Chaleur Bay,-71.85363816,41.09091865,20.04166667,11/5/2010,11/25/2010,309,329,W,2010,2,16.0,W,F,WM,WM,89,1,3.120704107,0.054908676,5.90952381,0.05,0.000561798,8
36485_1,BLSC,W,W2,1,M,AHY,Quebec,Chaleur Bay,-77.61250626,33.04231079,3.0,12/3/2010,12/6/2010,337,340,W,2010,4,2.0,W,W,WD,W,89,1,3.120704107,0.008219178,5.90952381,0.05,0.000561798,6
36485_1,BLSC,W,W3,1,M,AHY,Quebec,Chaleur Bay,-80.82498066,31.98478791,79.0,12/15/2010,3/4/2011,349,63,W,2010,4,4.0,W,W,WD,W,89,1,3.120704107,0.216438356,5.90952381,0.05,0.000561798,6
36485_1,BLSC,SM,St,1,M,AHY,Quebec,Chaleur Bay,-70.00061264,41.87718641,4.0,3/16/2011,3/20/2011,75,79,S,2011,1,4.0,S,W,SM,SM,89,1,3.120704107,0.010958904,5.90952381,0.05,0.000561798,9
36485_1,BLSC,S,S1,2,M,AHY,Quebec,Chaleur Bay,-64.44760747,46.21353695,14.0,4/10/2011,4/24/2011,100,114,S,2011,12,1.0,S,S,SD,SM,89,1,3.120704107,0.038356164,5.90952381,0.05,0.000561798,14
36485_1,BLSC,S,S2,2,M,AHY,Quebec,Chaleur Bay,-66.49379665,48.08284679,13.0,5/2/2011,5/15/2011,122,135,S,2011,31,12.0,S,S,SD,SM,89,1,3.120704107,0.035616438,5.90952381,0.05,0.000561798,15
36485_1,BLSC,M,M1,2,M,AHY,Quebec,Chaleur Bay,-79.03905336,51.97975491,14.0,5/30/2011,6/13/2011,150,164,F,2011,14,31.0,F,S,SM,SM,89,1,3.120704107,0.038356164,5.90952381,0.05,0.000561798,19
36485_1,BLSC,M,M2,2,M,AHY,Quebec,Chaleur Bay,-80.59744566,51.87312329,66.0,6/19/2011,8/24/2011,170,236,F,2011,14,14.0,F,F,MD,WM,89,1,3.120704107,0.180821918,5.90952381,0.05,0.000561798,19
36485_1,BLSC,M,M3,2,M,AHY,Quebec,Chaleur Bay,-79.54854058,54.39913908,45.0,9/2/2011,10/17/2011,245,290,F,2011,23,14.0,F,F,MD,WM,89,1,3.120704107,0.123287671,5.90952381,0.05,0.000561798,19
36485_1,BLSC,W,W1,2,M,AHY,Quebec,Chaleur Bay,-78.66804245,33.74795869,16.0,12/6/2011,12/22/2011,340,356,W,2011,4,23.0,W,F,WM,WM,89,1,3.120704107,0.043835616,5.90952381,0.05,0.000561798,6
36485_1,BLSC,W,W2,2,M,AHY,Quebec,Chaleur Bay,-75.86105162,37.01035461,9.0,12/23/2011,1/1/2012,357,1,W,2011,7,4.0,W,W,WD,W,89,1,3.120704107,0.024657534,5.90952381,0.05,0.000561798,7
36485_1,BLSC,S,S1,3,M,AHY,Quebec,Chaleur Bay,-69.03630085,48.63899779,5.0,5/4/2012,5/9/2012,125,130,S,2012,16,7.0,S,W,SM,SM,89,1,3.120704107,0.01369863,5.90952381,0.05,0.000561798,13
36485_1,BLSC,M,M1,3,M,AHY,Quebec,Chaleur Bay,-80.9095348,51.96926044,8.0,5/25/2012,6/2/2012,146,154,F,2012,14,16.0,F,S,SM,SM,89,1,3.120704107,0.021917808,5.90952381,0.05,0.000561798,19
36485_1,BLSC,M,M2,3,M,AHY,Quebec,Chaleur Bay,-92.39109825,57.27133547,66.0,6/20/2012,8/25/2012,172,238,F,2012,29,14.0,F,F,MD,WM,89,1,3.120704107,0.180821918,5.90952381,0.05,0.000561798,24
36485_1,BLSC,M,M3,3,M,AHY,Quebec,Chaleur Bay,-79.66317141,53.8936956,45.0,9/18/2012,11/2/2012,262,307,F,2012,23,29.0,F,F,MD,WM,89,1,3.120704107,0.123287671,5.90952381,0.05,0.000561798,19
36485_1,BLSC,M,M4,3,M,AHY,Quebec,Chaleur Bay,-78.99399235,51.64186467,7.041666667,11/3/2012,11/10/2012,308,315,F,2012,14,23.0,F,F,MD,WM,89,1,3.120704107,0.019292237,5.90952381,0.05,0.000561798,19
36485_1,BLSC,W,W1,3,M,AHY,Quebec,Chaleur Bay,-75.5303322,37.74742038,40.0,11/27/2012,1/6/2013,332,6,W,2012,7,14.0,W,F,WM,WM,89,1,3.120704107,0.109589041,5.90952381,0.05,0.000561798,7
36486_1,BLSC,BM,St,1,M,AHY,Quebec,Chaleur Bay,-69.61995421,49.02444731,0.0,5/28/2010,5/28/2010,148,148,S,2010,16,31.0,S,S,SD,SM,89,1,3.120704107,0.0,5.90952381,0.045454545,0.000510725,13
36486_1,BLSC,M,M1,1,M,AHY,Quebec,Chaleur Bay,-79.51509265,51.64073023,124.0,6/10/2010,10/12/2010,161,285,F,2010,14,16.0,F,S,SM,SM,89,1,3.120704107,0.339726027,5.90952381,0.045454545,0.000510725,19
36486_1,BLSC,M,M2,1,M,AHY,Quebec,Chaleur Bay,-80.7318928,51.88522301,29.0,9/3/2010,10/2/2010,246,275,F,2010,14,14.0,F,F,MD,WM,89,1,3.120704107,0.079452055,5.90952381,0.045454545,0.000510725,19
36486_1,BLSC,W,W1,1,M,AHY,Quebec,Chaleur Bay,-68.48607366,48.94273708,7.0,10/21/2010,10/28/2010,294,301,W,2010,16,14.0,W,F,WM,WM,89,1,3.120704107,0.019178082,5.90952381,0.045454545,0.000510725,13
36486_1,BLSC,W,W2,1,M,AHY,Quebec,Chaleur Bay,-71.68475408,41.13107159,127.0416667,11/4/2010,3/11/2011,308,70,W,2010,2,16.0,W,W,WD,W,89,1,3.120704107,0.348059361,5.90952381,0.045454545,0.000510725,8
36486_1,BLSC,S,S1,2,M,AHY,Quebec,Chaleur Bay,-64.41050022,46.25814465,12.0,3/20/2011,4/1/2011,79,91,S,2011,12,2.0,S,W,SM,SM,89,1,3.120704107,0.032876712,5.90952381,0.045454545,0.000510725,14
36486_1,BLSC,S,S2,2,M,AHY,Quebec,Chaleur Bay,-68.83432149,48.68896459,14.0,4/6/2011,4/20/2011,96,110,S,2011,16,12.0,S,S,SD,SM,89,1,3.120704107,0.038356164,5.90952381,0.045454545,0.000510725,13
36486_1,BLSC,S,S3,2,M,AHY,Quebec,Chaleur Bay,-70.02192873,47.502177,20.0,4/22/2011,5/12/2011,112,132,S,2011,16,16.0,S,S,SD,SM,89,1,3.120704107,0.054794521,5.90952381,0.045454545,0.000510725,13
36486_1,BLSC,M,M1,2,M,AHY,Quebec,Chaleur Bay,-80.65547827,51.89278351,115.0,5/22/2011,9/14/2011,142,257,F,2011,14,16.0,F,S,SM,SM,89,1,3.120704107,0.315068493,5.90952381,0.045454545,0.000510725,19
36486_1,BLSC,M,M2,2,M,AHY,Quebec,Chaleur Bay,-81.1095493,52.73207179,67.0,6/10/2011,8/16/2011,161,228,F,2011,14,14.0,F,F,MD,WM,89,1,3.120704107,0.183561644,5.90952381,0.045454545,0.000510725,19
36486_1,BLSC,M,M3,2,M,AHY,Quebec,Chaleur Bay,-79.73414044,51.90783255,38.0,9/15/2011,10/23/2011,258,296,F,2011,14,14.0,F,F,MD,WM,89,1,3.120704107,0.104109589,5.90952381,0.045454545,0.000510725,19
36486_1,BLSC,W,W1,2,M,AHY,Quebec,Chaleur Bay,-69.90150514,41.31036784,50.04166667,11/1/2011,12/21/2011,305,355,W,2011,1,14.0,W,F,WM,WM,89,1,3.120704107,0.137100457,5.90952381,0.045454545,0.000510725,8
36486_1,BLSC,W,W2,2,M,AHY,Quebec,Chaleur Bay,-74.3287048,39.38335777,18.0,12/31/2011,1/18/2012,365,18,W,2011,3,1.0,W,W,WD,W,89,1,3.120704107,0.049315068,5.90952381,0.045454545,0.000510725,7
36486_1,BLSC,W,W3,2,M,AHY,Quebec,Chaleur Bay,-75.10276727,39.00315208,47.0,1/22/2012,3/9/2012,22,69,W,2012,3,3.0,W,W,WD,W,89,1,3.120704107,0.128767123,5.90952381,0.045454545,0.000510725,7
36486_1,BLSC,S,S1,3,M,AHY,Quebec,Chaleur Bay,-66.55816146,48.03405126,36.0,3/25/2012,4/30/2012,85,121,S,2012,31,3.0,S,W,SM,SM,89,1,3.120704107,0.098630137,5.90952381,0.045454545,0.000510725,15
36486_1,BLSC,S,S2,3,M,AHY,Quebec,Chaleur Bay,-68.02594152,49.01235632,9.0,5/2/2012,5/11/2012,123,132,S,2012,16,31.0,S,S,SD,SM,89,1,3.120704107,0.024657534,5.90952381,0.045454545,0.000510725,15
36486_1,BLSC,M,M1,3,M,AHY,Quebec,Chaleur Bay,-81.25475515,52.77292152,16.0,5/18/2012,6/3/2012,139,155,F,2012,14,16.0,F,S,SM,SM,89,1,3.120704107,0.043835616,5.90952381,0.045454545,0.000510725,19
36486_1,BLSC,M,M2,3,M,AHY,Quebec,Chaleur Bay,-80.95019657,52.69733199,76.0,6/4/2012,8/19/2012,156,232,F,2012,14,14.0,F,F,MD,WM,89,1,3.120704107,0.208219178,5.90952381,0.045454545,0.000510725,19
36486_1,BLSC,M,M3,3,M,AHY,Quebec,Chaleur Bay,-80.64973737,52.95158436,63.0,8/20/2012,10/22/2012,233,296,F,2012,14,14.0,F,F,MD,WM,89,1,3.120704107,0.17260274,5.90952381,0.045454545,0.000510725,19
36486_1,BLSC,WM,St,3,M,AHY,Quebec,Chaleur Bay,-76.55353589,44.94182248,16.04166667,10/25/2012,11/10/2012,299,315,F,2012,10,14.0,F,F,MD,WM,89,1,3.120704107,0.043949772,5.90952381,0.045454545,0.000510725,12
36486_1,BLSC,W,W1,3,M,AHY,Quebec,Chaleur Bay,-75.04590441,39.03602782,54.0,11/14/2012,1/7/2013,319,7,W,2012,3,10.0,W,F,WM,WM,89,1,3.120704107,0.147945205,5.90952381,0.045454545,0.000510725,7
36492_1,BLSC,S,S2,1,M,AHY,Quebec,Chaleur Bay,-66.4251505,48.05910266,17.0,5/17/2010,6/3/2010,137,154,S,2010,31,31.0,S,S,SD,SM,89,1,3.120704107,0.046575342,5.90952381,0.047619048,0.000535045,15
36492_1,BLSC,BM,St,1,M,AHY,Quebec,Chaleur Bay,-78.82469521,51.99193495,2.0,6/16/2010,6/18/2010,167,169,S,2010,14,31.0,S,S,SD,SM,89,1,3.120704107,0.005479452,5.90952381,0.047619048,0.000535045,19
36492_1,BLSC,M,M1,1,M,AHY,Quebec,Chaleur Bay,-80.57973016,51.86039652,66.0,6/22/2010,8/27/2010,173,239,F,2010,14,14.0,F,S,SM,SM,89,1,3.120704107,0.180821918,5.90952381,0.047619048,0.000535045,19
36492_1,BLSC,M,M2,1,M,AHY,Quebec,Chaleur Bay,-80.11894373,53.35000486,8.0,9/7/2010,9/15/2010,250,258,F,2010,23,14.0,F,F,MD,WM,89,1,3.120704107,0.021917808,5.90952381,0.047619048,0.000535045,19
36492_1,BLSC,M,M3,1,M,AHY,Quebec,Chaleur Bay,-78.67578097,52.39106552,21.0,9/18/2010,10/9/2010,261,282,F,2010,14,23.0,F,F,MD,WM,89,1,3.120704107,0.057534247,5.90952381,0.047619048,0.000535045,19
36492_1,BLSC,W,W1,1,M,AHY,Quebec,Chaleur Bay,-70.26946777,41.34632091,152.0,10/25/2010,3/26/2011,298,85,W,2010,1,14.0,W,F,WM,WM,89,1,3.120704107,0.416438356,5.90952381,0.047619048,0.000535045,8
36492_1,BLSC,S,S1,2,M,AHY,Quebec,Chaleur Bay,-63.30246275,46.30435227,20.0,4/5/2011,4/25/2011,95,115,S,2011,12,1.0,S,W,SM,SM,89,1,3.120704107,0.054794521,5.90952381,0.047619048,0.000535045,14
36492_1,BLSC,S,S2,2,M,AHY,Quebec,Chaleur Bay,-66.55067764,48.06143239,14.0,4/29/2011,5/13/2011,119,133,S,2011,31,12.0,S,S,SD,SM,89,1,3.120704107,0.038356164,5.90952381,0.047619048,0.000535045,15
36492_1,BLSC,M,M1,2,M,AHY,Quebec,Chaleur Bay,-80.47943482,51.63722407,15.0,5/26/2011,6/10/2011,146,161,F,2011,14,31.0,F,S,SM,SM,89,1,3.120704107,0.04109589,5.90952381,0.047619048,0.000535045,19
36492_1,BLSC,M,M2,2,M,AHY,Quebec,Chaleur Bay,-81.43730056,52.80776253,9.0,6/14/2011,6/23/2011,165,174,F,2011,14,14.0,F,F,MD,WM,89,1,3.120704107,0.024657534,5.90952381,0.047619048,0.000535045,19
36492_1,BLSC,M,M3,2,M,AHY,Quebec,Chaleur Bay,-82.08776684,53.6226733,63.0,6/30/2011,9/1/2011,181,244,F,2011,30,14.0,F,F,MD,WM,89,1,3.120704107,0.17260274,5.90952381,0.047619048,0.000535045,19
36492_1,BLSC,M,M4,2,M,AHY,Quebec,Chaleur Bay,-78.89383174,52.01295219,24.0,9/5/2011,9/29/2011,248,272,F,2011,14,30.0,F,F,MD,WM,89,1,3.120704107,0.065753425,5.90952381,0.047619048,0.000535045,19
36492_1,BLSC,WM,St,2,M,AHY,Quebec,Chaleur Bay,-66.55178702,48.08289756,14.0,10/9/2011,10/23/2011,282,296,F,2011,31,14.0,F,F,MD,WM,89,1,3.120704107,0.038356164,5.90952381,0.047619048,0.000535045,15
36492_1,BLSC,W,W1,2,M,AHY,Quebec,Chaleur Bay,-70.3252352,41.3329302,123.0416667,11/2/2011,3/4/2012,306,64,W,2011,1,31.0,W,F,WM,WM,89,1,3.120704107,0.337100457,5.90952381,0.047619048,0.000535045,8
36492_1,BLSC,S,S1,3,M,AHY,Quebec,Chaleur Bay,-64.71652626,47.05236204,19.0,3/12/2012,3/31/2012,72,91,S,2012,12,1.0,S,W,SM,SM,89,1,3.120704107,0.052054795,5.90952381,0.047619048,0.000535045,14
36492_1,BLSC,S,S2,3,M,AHY,Quebec,Chaleur Bay,-66.36280428,48.03836934,45.0,4/1/2012,5/16/2012,92,137,S,2012,31,12.0,S,S,SD,SM,89,1,3.120704107,0.123287671,5.90952381,0.047619048,0.000535045,15
36492_1,BLSC,M,M1,3,M,AHY,Quebec,Chaleur Bay,-78.8906218,51.95457098,16.0,5/26/2012,6/11/2012,147,163,F,2012,14,31.0,F,S,SM,SM,89,1,3.120704107,0.043835616,5.90952381,0.047619048,0.000535045,19
36492_1,BLSC,M,M2,3,M,AHY,Quebec,Chaleur Bay,-80.713399,52.83318804,126.0,6/27/2012,10/31/2012,179,305,F,2012,14,14.0,F,F,MD,WM,89,1,3.120704107,0.345205479,5.90952381,0.047619048,0.000535045,19
36492_1,BLSC,W,W1,3,M,AHY,Quebec,Chaleur Bay,-70.35976213,41.33637339,122.9583333,11/11/2012,3/14/2013,316,73,W,2012,1,14.0,W,F,WM,WM,89,1,3.120704107,0.336872146,5.90952381,0.047619048,0.000535045,8
36492_1,BLSC,S,S1,4,M,AHY,Quebec,Chaleur Bay,-66.51028489,48.06118285,51.0,3/28/2013,5/18/2013,87,138,S,2013,31,1.0,S,W,SM,SM,89,1,3.120704107,0.139726027,5.90952381,0.047619048,0.000535045,15
36493_1,BLSC,M,M1,1,M,HY,Quebec,Chaleur Bay,-66.52612897,48.08427068,74.0,5/31/2010,8/13/2010,151,225,F,2010,31,31.0,F,S,SM,SM,89,1,3.120704107,0.202739726,5.90952381,0.5,0.005617978,15
36614_1,BLSC,M,M1,1,M,AHY,Quebec,Chaleur Bay,-79.35906586,51.72504506,72.0,6/16/2010,8/27/2010,167,239,F,2010,14,31.0,F,S,SM,SM,89,1,3.120704107,0.197260274,5.90952381,0.047619048,0.000535045,19
36614_1,BLSC,M,M2,1,M,AHY,Quebec,Chaleur Bay,-79.49331196,54.24013522,30.0,8/31/2010,9/30/2010,243,273,F,2010,23,14.0,F,F,MD,WM,89,1,3.120704107,0.082191781,5.90952381,0.047619048,0.000535045,19
36614_1,BLSC,W,W1,1,M,AHY,Quebec,Chaleur Bay,-70.05965258,41.41615276,28.04166667,10/11/2010,11/8/2010,284,312,W,2010,1,23.0,W,F,WM,WM,89,1,3.120704107,0.076826484,5.90952381,0.047619048,0.000535045,8
36614_1,BLSC,W,W2,1,M,AHY,Quebec,Chaleur Bay,-71.74580992,41.13425574,123.9583333,11/16/2010,3/20/2011,320,79,W,2010,2,1.0,W,W,WD,W,89,1,3.120704107,0.339611872,5.90952381,0.047619048,0.000535045,8
36614_1,BLSC,W,W3,1,M,AHY,Quebec,Chaleur Bay,-75.10572494,38.8818069,4.0,2/2/2011,2/6/2011,33,37,W,2011,3,2.0,W,W,WD,W,89,1,3.120704107,0.010958904,5.90952381,0.047619048,0.000535045,7
36614_1,BLSC,S,S1,2,M,AHY,Quebec,Chaleur Bay,-64.52363345,46.19416775,3.0,4/2/2011,4/5/2011,92,95,S,2011,12,3.0,S,W,SM,SM,89,1,3.120704107,0.008219178,5.90952381,0.047619048,0.000535045,14
36614_1,BLSC,S,S2,2,M,AHY,Quebec,Chaleur Bay,-66.2293335,48.12862507,12.0,4/21/2011,5/3/2011,111,123,S,2011,31,12.0,S,S,SD,SM,89,1,3.120704107,0.032876712,5.90952381,0.047619048,0.000535045,15
36614_1,BLSC,M,M1,2,M,AHY,Quebec,Chaleur Bay,-80.44255923,51.61976829,38.0,5/21/2011,6/28/2011,141,179,F,2011,14,31.0,F,S,SM,SM,89,1,3.120704107,0.104109589,5.90952381,0.047619048,0.000535045,19
36614_1,BLSC,M,M2,2,M,AHY,Quebec,Chaleur Bay,-79.57914362,52.86941633,107.0,6/29/2011,10/14/2011,180,287,F,2011,14,14.0,F,F,MD,WM,89,1,3.120704107,0.293150685,5.90952381,0.047619048,0.000535045,19
36614_1,BLSC,W,W1,2,M,AHY,Quebec,Chaleur Bay,-69.98252054,41.61075678,7.0,10/28/2011,11/4/2011,301,308,W,2011,1,14.0,W,F,WM,WM,89,1,3.120704107,0.019178082,5.90952381,0.047619048,0.000535045,8
36614_1,BLSC,W,W2,2,M,AHY,Quebec,Chaleur Bay,-63.77096514,46.71789088,52.0,11/11/2011,1/2/2012,315,2,W,2011,12,1.0,W,W,WD,W,89,1,3.120704107,0.142465753,5.90952381,0.047619048,0.000535045,14
36614_1,BLSC,W,W3,2,M,AHY,Quebec,Chaleur Bay,-61.94484094,46.51263525,16.0,1/8/2012,1/24/2012,8,24,W,2012,13,12.0,W,W,WD,W,89,1,3.120704107,0.043835616,5.90952381,0.047619048,0.000535045,15
36614_1,BLSC,W,W4,2,M,AHY,Quebec,Chaleur Bay,-71.61597212,41.23812686,7.0,2/10/2012,2/17/2012,41,48,W,2012,2,13.0,W,W,WD,W,89,1,3.120704107,0.019178082,5.90952381,0.047619048,0.000535045,8
36614_1,BLSC,W,W5,2,M,AHY,Quebec,Chaleur Bay,-75.11741404,38.91746641,16.95833333,2/26/2012,3/14/2012,57,74,W,2012,3,2.0,W,W,WD,W,89,1,3.120704107,0.046461187,5.90952381,0.047619048,0.000535045,7
36614_1,BLSC,S,S1,3,M,AHY,Quebec,Chaleur Bay,-66.49592606,48.05879423,4.0,4/16/2012,4/20/2012,107,111,S,2012,31,3.0,S,W,SM,SM,89,1,3.120704107,0.010958904,5.90952381,0.047619048,0.000535045,15
36614_1,BLSC,S,S2,3,M,AHY,Quebec,Chaleur Bay,-68.58840342,49.02208914,9.0,5/2/2012,5/11/2012,123,132,S,2012,16,31.0,S,S,SD,SM,89,1,3.120704107,0.024657534,5.90952381,0.047619048,0.000535045,13
36614_1,BLSC,M,M1,3,M,AHY,Quebec,Chaleur Bay,-78.98659888,52.39807153,101.0,5/21/2012,8/30/2012,142,243,F,2012,14,16.0,F,S,SM,SM,89,1,3.120704107,0.276712329,5.90952381,0.047619048,0.000535045,19
36614_1,BLSC,M,M2,3,M,AHY,Quebec,Chaleur Bay,-79.30023309,53.90065886,129.0,6/12/2012,10/19/2012,164,293,F,2012,23,14.0,F,F,MD,WM,89,1,3.120704107,0.353424658,5.90952381,0.047619048,0.000535045,19
36614_1,BLSC,W,W1,3,M,AHY,Quebec,Chaleur Bay,-69.90253239,41.3192365,37.0,11/22/2012,12/29/2012,327,364,W,2012,1,23.0,W,F,WM,WM,89,1,3.120704107,0.101369863,5.90952381,0.047619048,0.000535045,8
36614_1,BLSC,W,W2,3,M,AHY,Quebec,Chaleur Bay,-74.70573315,38.97971296,53.95833333,1/26/2013,3/21/2013,26,80,W,2013,3,1.0,W,W,WD,W,89,1,3.120704107,0.14783105,5.90952381,0.047619048,0.000535045,7
36615_1,BLSC,S,S2,1,M,AHY,Quebec,Chaleur Bay,-67.93966256,49.16435707,10.0,5/22/2010,6/1/2010,142,152,S,2010,16,31.0,S,S,SD,SM,89,1,3.120704107,0.02739726,5.90952381,0.142857143,0.001605136,15
36615_1,BLSC,M,M1,1,M,AHY,Quebec,Chaleur Bay,-82.17698418,53.99607149,75.0,6/9/2010,8/23/2010,160,235,F,2010,30,16.0,F,S,SM,SM,89,1,3.120704107,0.205479452,5.90952381,0.142857143,0.001605136,19
36615_1,BLSC,M,M2,1,M,AHY,Quebec,Chaleur Bay,-79.53105497,54.23860046,34.0,8/26/2010,9/29/2010,238,272,F,2010,23,30.0,F,F,MD,WM,89,1,3.120704107,0.093150685,5.90952381,0.142857143,0.001605136,19
36615_1,BLSC,W,W1,1,M,AHY,Quebec,Chaleur Bay,-69.80741387,41.47256168,14.0,10/10/2010,10/24/2010,283,297,W,2010,1,23.0,W,F,WM,WM,89,1,3.120704107,0.038356164,5.90952381,0.142857143,0.001605136,8
36615_1,BLSC,W,W2,1,M,AHY,Quebec,Chaleur Bay,-70.76303794,41.44697685,14.04166667,11/2/2010,11/16/2010,306,320,W,2010,2,1.0,W,W,WD,W,89,1,3.120704107,0.03847032,5.90952381,0.142857143,0.001605136,8
36615_1,BLSC,W,W3,1,M,AHY,Quebec,Chaleur Bay,-76.18800419,35.32786732,3.0,11/23/2010,11/26/2010,327,330,W,2010,8,2.0,W,W,WD,W,89,1,3.120704107,0.008219178,5.90952381,0.142857143,0.001605136,7
36650_1,BLSC,S,S2,1,M,AHY,Quebec,Chaleur Bay,-68.4638325,48.8155044,6.0,6/13/2010,6/19/2010,164,170,S,2010,16,31.0,S,S,SD,SM,89,1,3.120704107,0.016438356,5.90952381,0.037037037,0.000416146,13
36650_1,BLSC,M,M1,1,M,AHY,Quebec,Chaleur Bay,-79.50524034,52.20815003,95.0,6/28/2010,10/1/2010,179,274,F,2010,14,16.0,F,S,SM,SM,89,1,3.120704107,0.260273973,5.90952381,0.037037037,0.000416146,19
36650_1,BLSC,M,M2,1,M,AHY,Quebec,Chaleur Bay,-79.37551178,54.16236714,8.0,10/8/2010,10/16/2010,281,289,F,2010,23,14.0,F,F,MD,WM,89,1,3.120704107,0.021917808,5.90952381,0.037037037,0.000416146,19
36650_1,BLSC,W,W1,1,M,AHY,Quebec,Chaleur Bay,-69.97611677,41.47282404,46.04166667,10/27/2010,12/12/2010,300,346,W,2010,1,23.0,W,F,WM,WM,89,1,3.120704107,0.126141553,5.90952381,0.037037037,0.000416146,8
36650_1,BLSC,W,W2,1,M,AHY,Quebec,Chaleur Bay,-71.85679563,41.10090318,97.0,11/9/2010,2/14/2011,313,45,W,2010,2,1.0,W,W,WD,W,89,1,3.120704107,0.265753425,5.90952381,0.037037037,0.000416146,8
36650_1,BLSC,W,W3,1,M,AHY,Quebec,Chaleur Bay,-74.00978771,40.45169027,13.0,2/17/2011,3/2/2011,48,61,W,2011,2,2.0,W,W,WD,W,89,1,3.120704107,0.035616438,5.90952381,0.037037037,0.000416146,8
36650_1,BLSC,S,S1,2,M,AHY,Quebec,Chaleur Bay,-64.7773634,47.04597822,10.0,3/20/2011,3/30/2011,79,89,S,2011,12,2.0,S,W,SM,SM,89,1,3.120704107,0.02739726,5.90952381,0.037037037,0.000416146,14
36650_1,BLSC,S,S2,2,M,AHY,Quebec,Chaleur Bay,-65.89654158,48.08883899,11.0,4/2/2011,4/13/2011,92,103,S,2011,31,12.0,S,S,SD,SM,89,1,3.120704107,0.030136986,5.90952381,0.037037037,0.000416146,15
36650_1,BLSC,S,S3,2,M,AHY,Quebec,Chaleur Bay,-68.80919558,48.79111773,24.0,4/17/2011,5/11/2011,107,131,S,2011,16,31.0,S,S,SD,SM,89,1,3.120704107,0.065753425,5.90952381,0.037037037,0.000416146,13
36650_1,BLSC,BM,St,2,M,AHY,Quebec,Chaleur Bay,-87.69587254,57.50408485,4.0,5/19/2011,5/23/2011,139,143,S,2011,29,16.0,S,S,SD,SM,89,1,3.120704107,0.010958904,5.90952381,0.037037037,0.000416146,23
36650_1,BLSC,B,B1,2,M,AHY,Quebec,Chaleur Bay,-98.43140309,60.0197719,29.0,5/31/2011,6/29/2011,151,180,B,2011,18,29.0,B,S,SM,SM,89,1,3.120704107,0.079452055,5.90952381,0.037037037,0.000416146,24
36650_1,BLSC,MM,St,2,M,AHY,Quebec,Chaleur Bay,-94.86388924,59.08939855,5.0,7/4/2011,7/9/2011,185,190,F,2011,18,18.0,F,B,WM,WM,89,1,3.120704107,0.01369863,5.90952381,0.037037037,0.000416146,24
36650_1,BLSC,M,M1,2,M,AHY,Quebec,Chaleur Bay,-89.13033751,56.94882866,64.0,7/13/2011,9/15/2011,194,258,F,2011,29,18.0,F,F,MD,WM,89,1,3.120704107,0.175342466,5.90952381,0.037037037,0.000416146,23
36650_1,BLSC,M,M2,2,M,AHY,Quebec,Chaleur Bay,-81.88706232,53.49800409,2.0,9/24/2011,9/26/2011,267,269,F,2011,30,29.0,F,F,MD,WM,89,1,3.120704107,0.005479452,5.90952381,0.037037037,0.000416146,19
36650_1,BLSC,M,M3,2,M,AHY,Quebec,Chaleur Bay,-79.50270417,51.59960688,13.0,9/30/2011,10/13/2011,273,286,F,2011,14,30.0,F,F,MD,WM,89,1,3.120704107,0.035616438,5.90952381,0.037037037,0.000416146,19
36650_1,BLSC,W,W1,2,M,AHY,Quebec,Chaleur Bay,-70.62979017,41.28082025,6.0,10/29/2011,11/4/2011,302,308,W,2011,1,14.0,W,F,WM,WM,89,1,3.120704107,0.016438356,5.90952381,0.037037037,0.000416146,8
36650_1,BLSC,W,W2,2,M,AHY,Quebec,Chaleur Bay,-71.74465038,41.11442485,85.0,11/14/2011,2/7/2012,318,38,W,2011,2,1.0,W,W,WD,W,89,1,3.120704107,0.232876712,5.90952381,0.037037037,0.000416146,8
36650_1,BLSC,W,W3,2,M,AHY,Quebec,Chaleur Bay,-74.85411438,39.01958858,24.95833333,2/23/2012,3/19/2012,54,79,W,2012,3,2.0,W,W,WD,W,89,1,3.120704107,0.068378995,5.90952381,0.037037037,0.000416146,7
36650_1,BLSC,S,S1,3,M,AHY,Quebec,Chaleur Bay,-64.95647662,47.13603513,3.0,4/11/2012,4/14/2012,102,105,S,2012,12,3.0,S,W,SM,SM,89,1,3.120704107,0.008219178,5.90952381,0.037037037,0.000416146,14
36650_1,BLSC,S,S2,3,M,AHY,Quebec,Chaleur Bay,-66.6924211,48.22916408,7.0,4/20/2012,4/27/2012,111,118,S,2012,31,12.0,S,S,SD,SM,89,1,3.120704107,0.019178082,5.90952381,0.037037037,0.000416146,15
36650_1,BLSC,S,S3,3,M,AHY,Quebec,Chaleur Bay,-69.27697496,47.79142898,7.0,5/3/2012,5/10/2012,124,131,S,2012,16,31.0,S,S,SD,SM,89,1,3.120704107,0.019178082,5.90952381,0.037037037,0.000416146,13
36650_1,BLSC,BM,St,3,M,AHY,Quebec,Chaleur Bay,-82.7138876,53.71534666,22.0,5/17/2012,6/8/2012,138,160,S,2012,30,16.0,S,S,SD,SM,89,1,3.120704107,0.060273973,5.90952381,0.037037037,0.000416146,19
36650_1,BLSC,M,M1,3,M,AHY,Quebec,Chaleur Bay,-80.4499036,51.56130718,53.0,7/17/2012,9/8/2012,199,252,F,2012,14,30.0,F,S,SM,SM,89,1,3.120704107,0.145205479,5.90952381,0.037037037,0.000416146,19
36650_1,BLSC,M,M2,3,M,AHY,Quebec,Chaleur Bay,-79.57586561,51.74301374,22.0,9/9/2012,10/1/2012,253,275,F,2012,14,14.0,F,F,MD,WM,89,1,3.120704107,0.060273973,5.90952381,0.037037037,0.000416146,19
36650_1,BLSC,W,W1,3,M,AHY,Quebec,Chaleur Bay,-70.3217887,41.31487764,28.04166667,10/18/2012,11/15/2012,292,320,W,2012,1,14.0,W,F,WM,WM,89,1,3.120704107,0.076826484,5.90952381,0.037037037,0.000416146,8
36650_1,BLSC,W,W2,3,M,AHY,Quebec,Chaleur Bay,-75.06094136,38.9436966,116.9583333,12/3/2012,3/30/2013,338,89,W,2012,3,1.0,W,W,WD,W,89,1,3.120704107,0.32043379,5.90952381,0.037037037,0.000416146,7
36657_1,BLSC,S,S2,1,M,AHY,Quebec,Chaleur Bay,-68.11611341,49.22094537,13.0,5/31/2010,6/13/2010,151,164,S,2010,16,31.0,S,S,SD,SM,89,1,3.120704107,0.035616438,5.90952381,0.04,0.000449438,15
36657_1,BLSC,M,M1,1,M,AHY,Quebec,Chaleur Bay,-79.65766734,51.87304783,79.0,6/29/2010,9/16/2010,180,259,F,2010,14,16.0,F,S,SM,SM,89,1,3.120704107,0.216438356,5.90952381,0.04,0.000449438,19
36657_1,BLSC,M,M2,1,M,AHY,Quebec,Chaleur Bay,-78.70666443,52.47717962,10.0,9/20/2010,9/30/2010,263,273,F,2010,14,14.0,F,F,MD,WM,89,1,3.120704107,0.02739726,5.90952381,0.04,0.000449438,19
36657_1,BLSC,W,W1,1,M,AHY,Quebec,Chaleur Bay,-76.31505989,35.22091021,28.04166667,10/16/2010,11/13/2010,289,317,W,2010,8,14.0,W,F,WM,WM,89,1,3.120704107,0.076826484,5.90952381,0.04,0.000449438,7
36657_1,BLSC,W,W2,1,M,AHY,Quebec,Chaleur Bay,-73.87802997,40.47267163,83.0,11/19/2010,2/10/2011,323,41,W,2010,2,8.0,W,W,WD,W,89,1,3.120704107,0.22739726,5.90952381,0.04,0.000449438,8
36657_1,BLSC,W,W3,1,M,AHY,Quebec,Chaleur Bay,-71.84137521,41.09479947,32.95833333,2/21/2011,3/26/2011,52,85,W,2011,2,2.0,W,W,WD,W,89,1,3.120704107,0.090296804,5.90952381,0.04,0.000449438,8
36657_1,BLSC,S,S1,2,M,AHY,Quebec,Chaleur Bay,-65.45327885,47.78743509,27.0,4/6/2011,5/3/2011,96,123,S,2011,31,2.0,S,W,SM,SM,89,1,3.120704107,0.073972603,5.90952381,0.04,0.000449438,15
36657_1,BLSC,M,M1,2,M,AHY,Quebec,Chaleur Bay,-79.52615719,52.64948406,98.0,5/27/2011,9/2/2011,147,245,F,2011,14,31.0,F,S,SM,SM,89,1,3.120704107,0.268493151,5.90952381,0.04,0.000449438,19
36657_1,BLSC,M,M2,2,M,AHY,Quebec,Chaleur Bay,-79.4764026,54.05270425,30.0,9/6/2011,10/6/2011,249,279,F,2011,23,14.0,F,F,MD,WM,89,1,3.120704107,0.082191781,5.90952381,0.04,0.000449438,19
36657_1,BLSC,M,M3,2,M,AHY,Quebec,Chaleur Bay,-78.69871735,52.22478765,12.0,10/10/2011,10/22/2011,283,295,F,2011,14,23.0,F,F,MD,WM,89,1,3.120704107,0.032876712,5.90952381,0.04,0.000449438,19
36657_1,BLSC,W,W1,2,M,AHY,Quebec,Chaleur Bay,-74.96103206,38.99432385,118.0,11/9/2011,3/6/2012,313,66,W,2011,3,14.0,W,F,WM,WM,89,1,3.120704107,0.323287671,5.90952381,0.04,0.000449438,7
36657_1,BLSC,S,S1,3,M,AHY,Quebec,Chaleur Bay,-65.03034584,47.08763786,10.0,3/21/2012,3/31/2012,81,91,S,2012,12,3.0,S,W,SM,SM,89,1,3.120704107,0.02739726,5.90952381,0.04,0.000449438,14
36657_1,BLSC,S,S2,3,M,AHY,Quebec,Chaleur Bay,-64.74619193,47.56902395,7.0,4/6/2012,4/13/2012,97,104,S,2012,12,12.0,S,S,SD,SM,89,1,3.120704107,0.019178082,5.90952381,0.04,0.000449438,14
36657_1,BLSC,S,S3,3,M,AHY,Quebec,Chaleur Bay,-66.20059409,48.135204,18.0,4/19/2012,5/7/2012,110,128,S,2012,31,12.0,S,S,SD,SM,89,1,3.120704107,0.049315068,5.90952381,0.04,0.000449438,15
36657_1,BLSC,M,M1,3,M,AHY,Quebec,Chaleur Bay,-80.79381945,52.25588679,24.0,5/21/2012,6/14/2012,142,166,F,2012,14,31.0,F,S,SM,SM,89,1,3.120704107,0.065753425,5.90952381,0.04,0.000449438,19
36657_1,BLSC,M,M2,3,M,AHY,Quebec,Chaleur Bay,-80.47060851,51.63752213,59.0,6/15/2012,8/13/2012,167,226,F,2012,14,14.0,F,F,MD,WM,89,1,3.120704107,0.161643836,5.90952381,0.04,0.000449438,19
36657_1,BLSC,M,M3,3,M,AHY,Quebec,Chaleur Bay,-79.50368298,51.63886997,6.0,8/24/2012,8/30/2012,237,243,F,2012,14,14.0,F,F,MD,WM,89,1,3.120704107,0.016438356,5.90952381,0.04,0.000449438,19
36657_1,BLSC,M,M4,3,M,AHY,Quebec,Chaleur Bay,-79.44925774,54.06053512,33.0,9/3/2012,10/6/2012,247,280,F,2012,23,14.0,F,F,MD,WM,89,1,3.120704107,0.090410959,5.90952381,0.04,0.000449438,19
36657_1,BLSC,W,W1,3,M,AHY,Quebec,Chaleur Bay,-70.36793763,41.3268857,45.04166667,10/21/2012,12/5/2012,295,340,W,2012,1,23.0,W,F,WM,WM,89,1,3.120704107,0.123401826,5.90952381,0.04,0.000449438,8
36657_1,BLSC,W,W2,3,M,AHY,Quebec,Chaleur Bay,-75.06694197,38.92813857,91.95833333,12/16/2012,3/18/2013,351,77,W,2012,3,1.0,W,W,WD,W,89,1,3.120704107,0.251940639,5.90952381,0.04,0.000449438,7
36657_1,BLSC,S,S1,4,M,AHY,Quebec,Chaleur Bay,-65.17984588,47.35251793,19.0,4/6/2013,4/25/2013,96,115,S,2013,12,3.0,S,W,SM,SM,89,1,3.120704107,0.052054795,5.90952381,0.04,0.000449438,14
36657_1,BLSC,S,S2,4,M,AHY,Quebec,Chaleur Bay,-65.92100882,48.17361275,6.0,4/30/2013,5/6/2013,120,126,S,2013,31,12.0,S,S,SD,SM,89,1,3.120704107,0.016438356,5.90952381,0.04,0.000449438,15
36657_1,BLSC,M,M1,4,M,AHY,Quebec,Chaleur Bay,-79.41165079,52.03260763,10.0,5/21/2013,5/31/2013,141,151,F,2013,14,31.0,F,S,SM,SM,89,1,3.120704107,0.02739726,5.90952381,0.04,0.000449438,19
36657_1,BLSC,M,M2,4,M,AHY,Quebec,Chaleur Bay,-76.62006299,57.09448181,44.0,6/11/2013,7/25/2013,162,206,F,2013,19,14.0,F,F,MD,WM,89,1,3.120704107,0.120547945,5.90952381,0.04,0.000449438,20
36944_1,BLSC,S,S2,1,F,AHY,Quebec,Chaleur Bay,-68.65332638,48.83190691,8.0,5/23/2010,5/31/2010,143,151,S,2010,16,31.0,S,S,SD,SM,89,1,3.120704107,0.021917808,6.612788633,0.0625,0.000702247,13
36944_1,BLSC,BM,St,1,F,AHY,Quebec,Chaleur Bay,-80.89107026,52.23556549,4.0,6/8/2010,6/12/2010,159,163,S,2010,14,16.0,S,S,SD,SM,89,1,3.120704107,0.010958904,6.612788633,0.0625,0.000702247,19
36944_1,BLSC,B,B1,1,F,AHY,Quebec,Chaleur Bay,-96.07853505,59.15557048,11.0,6/24/2010,7/5/2010,175,186,B,2010,18,14.0,B,S,SM,SM,89,1,3.120704107,0.030136986,6.612788633,0.0625,0.000702247,24
36944_1,BLSC,M,M1,1,F,AHY,Quebec,Chaleur Bay,-94.42218409,58.76139121,9.0,7/8/2010,7/17/2010,189,198,F,2010,18,18.0,F,B,WM,WM,89,1,3.120704107,0.024657534,6.612788633,0.0625,0.000702247,24
36944_1,BLSC,M,M2,1,F,AHY,Quebec,Chaleur Bay,-92.90621869,58.22459127,58.0,7/18/2010,9/14/2010,199,257,F,2010,18,18.0,F,F,MD,WM,89,1,3.120704107,0.15890411,6.612788633,0.0625,0.000702247,24
36944_1,BLSC,M,M3,1,F,AHY,Quebec,Chaleur Bay,-83.52705273,55.2400302,11.0,9/19/2010,9/30/2010,262,273,F,2010,30,18.0,F,F,MD,WM,89,1,3.120704107,0.030136986,6.612788633,0.0625,0.000702247,23
36944_1,BLSC,M,M4,1,F,AHY,Quebec,Chaleur Bay,-79.1140569,53.62698138,24.0,10/4/2010,10/28/2010,277,301,F,2010,23,30.0,F,F,MD,WM,89,1,3.120704107,0.065753425,6.612788633,0.0625,0.000702247,19
36944_1,BLSC,W,W1,1,F,AHY,Quebec,Chaleur Bay,-70.77325791,41.75361006,16.04166667,11/6/2010,11/22/2010,310,326,W,2010,1,23.0,W,F,WM,WM,89,1,3.120704107,0.043949772,6.612788633,0.0625,0.000702247,9
36944_1,BLSC,W,W2,1,F,AHY,Quebec,Chaleur Bay,-80.48065372,32.30432246,98.0,11/29/2010,3/7/2011,333,66,W,2010,4,1.0,W,W,WD,W,89,1,3.120704107,0.268493151,6.612788633,0.0625,0.000702247,6
36944_1,BLSC,SM,St,1,F,AHY,Quebec,Chaleur Bay,-70.23173493,41.6682519,9.0,3/17/2011,3/26/2011,76,85,S,2011,1,4.0,S,W,SM,SM,89,1,3.120704107,0.024657534,6.612788633,0.0625,0.000702247,9
36944_1,BLSC,S,S1,2,F,AHY,Quebec,Chaleur Bay,-64.19783443,48.84881808,8.0,4/3/2011,4/11/2011,93,101,S,2011,12,1.0,S,S,SD,SM,89,1,3.120704107,0.021917808,6.612788633,0.0625,0.000702247,15
36944_1,BLSC,S,S2,2,F,AHY,Quebec,Chaleur Bay,-66.18857072,49.22132351,7.0,4/12/2011,4/19/2011,102,109,S,2011,15,12.0,S,S,SD,SM,89,1,3.120704107,0.019178082,6.612788633,0.0625,0.000702247,15
36944_1,BLSC,S,S3,2,F,AHY,Quebec,Chaleur Bay,-68.28683607,49.01748363,17.0,4/25/2011,5/12/2011,115,132,S,2011,16,15.0,S,S,SD,SM,89,1,3.120704107,0.046575342,6.612788633,0.0625,0.000702247,13
36944_1,BLSC,BM,St,2,F,AHY,Quebec,Chaleur Bay,-91.82461275,57.06385176,15.0,5/21/2011,6/5/2011,141,156,S,2011,29,16.0,S,S,SD,SM,89,1,3.120704107,0.04109589,6.612788633,0.0625,0.000702247,24
36944_1,BLSC,B,B1,2,F,AHY,Quebec,Chaleur Bay,-102.8519263,61.93347576,19.0,6/12/2011,7/1/2011,163,182,B,2011,21,29.0,B,S,SM,SM,89,1,3.120704107,0.052054795,6.612788633,0.0625,0.000702247,5
36970_1,BLSC,S,S2,1,F,AHY,Quebec,Chaleur Bay,-66.48697484,48.05674788,13.0,5/27/2010,6/9/2010,147,160,S,2010,31,31.0,S,S,SD,SM,89,1,3.120704107,0.035616438,6.612788633,0.043478261,0.00048852,15
36970_1,BLSC,BM,St,1,F,AHY,Quebec,Chaleur Bay,-68.51378201,48.93334189,2.0,6/13/2010,6/15/2010,164,166,S,2010,16,31.0,S,S,SD,SM,89,1,3.120704107,0.005479452,6.612788633,0.043478261,0.00048852,13
36970_1,BLSC,M,M1,1,F,AHY,Quebec,Chaleur Bay,-79.91865797,51.8482648,120.0,6/22/2010,10/20/2010,173,293,F,2010,14,16.0,F,S,SM,SM,89,1,3.120704107,0.328767123,6.612788633,0.043478261,0.00048852,19
36970_1,BLSC,M,M2,1,F,AHY,Quebec,Chaleur Bay,-78.91872985,51.8371444,16.0,7/10/2010,7/26/2010,191,207,F,2010,14,14.0,F,F,MD,WM,89,1,3.120704107,0.043835616,6.612788633,0.043478261,0.00048852,19
36970_1,BLSC,M,M3,1,F,AHY,Quebec,Chaleur Bay,-79.40780938,51.64669924,57.0,7/27/2010,9/22/2010,208,265,F,2010,14,14.0,F,F,MD,WM,89,1,3.120704107,0.156164384,6.612788633,0.043478261,0.00048852,19
36970_1,BLSC,W,W1,1,F,AHY,Quebec,Chaleur Bay,-70.03317823,41.84566361,48.04166667,10/28/2010,12/15/2010,301,349,W,2010,1,14.0,W,F,WM,WM,89,1,3.120704107,0.131621005,6.612788633,0.043478261,0.00048852,9
36970_1,BLSC,W,W2,1,F,AHY,Quebec,Chaleur Bay,-73.96399208,40.27151678,96.95833333,12/22/2010,3/29/2011,356,88,W,2010,2,1.0,W,W,WD,W,89,1,3.120704107,0.265639269,6.612788633,0.043478261,0.00048852,8
36970_1,BLSC,S,S1,2,F,AHY,Quebec,Chaleur Bay,-64.51750437,46.28161093,30.0,4/10/2011,5/10/2011,100,130,S,2011,12,2.0,S,W,SM,SM,89,1,3.120704107,0.082191781,6.612788633,0.043478261,0.00048852,14
36970_1,BLSC,S,S2,2,F,AHY,Quebec,Chaleur Bay,-68.30578396,49.07823326,19.0,5/14/2011,6/2/2011,134,153,S,2011,16,12.0,S,S,SD,SM,89,1,3.120704107,0.052054795,6.612788633,0.043478261,0.00048852,13
36970_1,BLSC,BM,St,2,F,AHY,Quebec,Chaleur Bay,-73.96837582,50.7832873,11.0,6/8/2011,6/19/2011,159,170,S,2011,20,16.0,S,S,SD,SM,89,1,3.120704107,0.030136986,6.612788633,0.043478261,0.00048852,13
36970_1,BLSC,M,M1,2,F,AHY,Quebec,Chaleur Bay,-79.52235448,51.59100529,84.0,6/23/2011,9/15/2011,174,258,F,2011,14,20.0,F,S,SM,SM,89,1,3.120704107,0.230136986,6.612788633,0.043478261,0.00048852,19
36970_1,BLSC,M,M2,2,F,AHY,Quebec,Chaleur Bay,-78.6551291,52.21233808,34.0,9/16/2011,10/20/2011,259,293,F,2011,14,14.0,F,F,MD,WM,89,1,3.120704107,0.093150685,6.612788633,0.043478261,0.00048852,19
36970_1,BLSC,W,W1,2,F,AHY,Quebec,Chaleur Bay,-71.8766855,41.06368831,154.0,11/3/2011,4/5/2012,307,96,W,2011,2,14.0,W,F,WM,WM,89,1,3.120704107,0.421917808,6.612788633,0.043478261,0.00048852,8
36970_1,BLSC,S,S1,3,F,AHY,Quebec,Chaleur Bay,-68.02512688,49.14912587,21.0,4/19/2012,5/10/2012,110,131,S,2012,16,2.0,S,W,SM,SM,89,1,3.120704107,0.057534247,6.612788633,0.043478261,0.00048852,15
36970_1,BLSC,BM,St,3,F,AHY,Quebec,Chaleur Bay,-90.82388292,56.95854687,24.0,5/17/2012,6/10/2012,138,162,S,2012,29,16.0,S,S,SD,SM,89,1,3.120704107,0.065753425,6.612788633,0.043478261,0.00048852,23
36970_1,BLSC,B,B1,3,F,AHY,Quebec,Chaleur Bay,-103.2154085,62.09183295,45.0,6/15/2012,7/30/2012,167,212,B,2012,21,29.0,B,S,SM,SM,89,1,3.120704107,0.123287671,6.612788633,0.043478261,0.00048852,5
36970_1,BLSC,MM,St,3,F,AHY,Quebec,Chaleur Bay,-98.9583003,61.69977514,2.0,8/3/2012,8/5/2012,216,218,F,2012,18,21.0,F,B,WM,WM,89,1,3.120704107,0.005479452,6.612788633,0.043478261,0.00048852,5
36970_1,BLSC,M,M1,3,F,AHY,Quebec,Chaleur Bay,-93.70948684,61.43936709,9.0,8/9/2012,8/18/2012,222,231,F,2012,18,18.0,F,F,MD,WM,89,1,3.120704107,0.024657534,6.612788633,0.043478261,0.00048852,26
36970_1,BLSC,M,M2,3,F,AHY,Quebec,Chaleur Bay,-94.48823966,58.89883167,59.0,8/22/2012,10/20/2012,235,294,F,2012,18,18.0,F,F,MD,WM,89,1,3.120704107,0.161643836,6.612788633,0.043478261,0.00048852,24
36970_1,BLSC,M,M3,3,F,AHY,Quebec,Chaleur Bay,-79.27529572,53.77453058,12.04166667,10/28/2012,11/9/2012,302,314,F,2012,23,18.0,F,F,MD,WM,89,1,3.120704107,0.032990868,6.612788633,0.043478261,0.00048852,19
36970_1,BLSC,W,W1,3,F,AHY,Quebec,Chaleur Bay,-70.84884013,41.28775083,46.0,11/21/2012,1/6/2013,326,6,W,2012,2,23.0,W,F,WM,WM,89,1,3.120704107,0.126027397,6.612788633,0.043478261,0.00048852,8
36970_1,BLSC,W,W2,3,F,AHY,Quebec,Chaleur Bay,-72.42459432,40.81078031,75.95833333,1/7/2013,3/24/2013,7,83,W,2013,2,2.0,W,W,WD,W,89,1,3.120704107,0.208105023,6.612788633,0.043478261,0.00048852,8
37019_1,BLSC,M,M1,1,M,AHY,Quebec,Chaleur Bay,-79.42825401,51.73247484,118.0,6/8/2010,10/4/2010,159,277,F,2010,14,31.0,F,S,SM,SM,89,1,3.120704107,0.323287671,5.90952381,0.035714286,0.000401284,19
37019_1,BLSC,M,M2,1,M,AHY,Quebec,Chaleur Bay,-81.30725151,52.80186367,10.0,6/19/2010,6/29/2010,170,180,F,2010,14,14.0,F,F,MD,WM,89,1,3.120704107,0.02739726,5.90952381,0.035714286,0.000401284,19
37019_1,BLSC,M,M3,1,M,AHY,Quebec,Chaleur Bay,-80.49901911,51.70285856,54.0,6/30/2010,8/23/2010,181,235,F,2010,14,14.0,F,F,MD,WM,89,1,3.120704107,0.147945205,5.90952381,0.035714286,0.000401284,19
37019_1,BLSC,W,W1,1,M,AHY,Quebec,Chaleur Bay,-69.89933594,41.27467315,18.0,10/16/2010,11/3/2010,289,307,W,2010,1,14.0,W,F,WM,WM,89,1,3.120704107,0.049315068,5.90952381,0.035714286,0.000401284,8
37019_1,BLSC,W,W2,1,M,AHY,Quebec,Chaleur Bay,-71.70322412,41.1570209,115.9583333,11/19/2010,3/15/2011,323,74,W,2010,2,1.0,W,W,WD,W,89,1,3.120704107,0.317694064,5.90952381,0.035714286,0.000401284,8
37019_1,BLSC,S,S1,2,M,AHY,Quebec,Chaleur Bay,-64.49205615,46.37584934,24.0,3/22/2011,4/15/2011,81,105,S,2011,12,2.0,S,W,SM,SM,89,1,3.120704107,0.065753425,5.90952381,0.035714286,0.000401284,14
37019_1,BLSC,S,S2,2,M,AHY,Quebec,Chaleur Bay,-65.91781023,48.17029797,3.0,4/19/2011,4/22/2011,109,112,S,2011,31,12.0,S,S,SD,SM,89,1,3.120704107,0.008219178,5.90952381,0.035714286,0.000401284,15
37019_1,BLSC,S,S3,2,M,AHY,Quebec,Chaleur Bay,-70.087007,47.42722173,13.0,4/28/2011,5/11/2011,118,131,S,2011,16,31.0,S,S,SD,SM,89,1,3.120704107,0.035616438,5.90952381,0.035714286,0.000401284,13
37019_1,BLSC,M,M1,2,M,AHY,Quebec,Chaleur Bay,-80.52555299,51.67052454,14.0,5/20/2011,6/3/2011,140,154,F,2011,14,16.0,F,S,SM,SM,89,1,3.120704107,0.038356164,5.90952381,0.035714286,0.000401284,19
37019_1,BLSC,M,M2,2,M,AHY,Quebec,Chaleur Bay,-86.93323124,55.93388664,77.0,6/12/2011,8/28/2011,163,240,F,2011,29,14.0,F,F,MD,WM,89,1,3.120704107,0.210958904,5.90952381,0.035714286,0.000401284,23
37019_1,BLSC,M,M3,2,M,AHY,Quebec,Chaleur Bay,-79.46214608,51.74622786,43.0,9/5/2011,10/18/2011,248,291,F,2011,14,29.0,F,F,MD,WM,89,1,3.120704107,0.117808219,5.90952381,0.035714286,0.000401284,19
37019_1,BLSC,W,W1,2,M,AHY,Quebec,Chaleur Bay,-80.39384852,32.37759255,12.0,11/13/2011,11/25/2011,317,329,W,2011,4,14.0,W,F,WM,WM,89,1,3.120704107,0.032876712,5.90952381,0.035714286,0.000401284,6
37019_1,BLSC,W,W2,2,M,AHY,Quebec,Chaleur Bay,-81.27954201,31.25712568,27.0,11/28/2011,12/25/2011,332,359,W,2011,4,4.0,W,W,WD,W,89,1,3.120704107,0.073972603,5.90952381,0.035714286,0.000401284,6
37019_1,BLSC,W,W3,2,M,AHY,Quebec,Chaleur Bay,-79.25346858,33.18531334,5.0,12/30/2011,1/4/2012,364,4,W,2011,4,4.0,W,W,WD,W,89,1,3.120704107,0.01369863,5.90952381,0.035714286,0.000401284,6
37019_1,BLSC,W,W4,2,M,AHY,Quebec,Chaleur Bay,-75.78440381,37.0969463,43.0,1/11/2012,2/23/2012,11,54,W,2012,7,4.0,W,W,WD,W,89,1,3.120704107,0.117808219,5.90952381,0.035714286,0.000401284,7
37019_1,BLSC,W,W5,2,M,AHY,Quebec,Chaleur Bay,-74.77401888,38.95695642,6.0,2/26/2012,3/3/2012,57,63,W,2012,3,7.0,W,W,WD,W,89,1,3.120704107,0.016438356,5.90952381,0.035714286,0.000401284,7
37019_1,BLSC,SM,St,2,M,AHY,Quebec,Chaleur Bay,-71.76514465,41.21207499,3.958333333,3/11/2012,3/15/2012,71,75,S,2012,2,3.0,S,W,SM,SM,89,1,3.120704107,0.010844749,5.90952381,0.035714286,0.000401284,8
37019_1,BLSC,S,S1,3,M,AHY,Quebec,Chaleur Bay,-64.71661073,46.88578461,30.0,3/23/2012,4/22/2012,83,113,S,2012,12,2.0,S,S,SD,SM,89,1,3.120704107,0.082191781,5.90952381,0.035714286,0.000401284,14
37019_1,BLSC,S,S2,3,M,AHY,Quebec,Chaleur Bay,-69.66708662,48.11413865,15.0,4/27/2012,5/12/2012,118,133,S,2012,16,12.0,S,S,SD,SM,89,1,3.120704107,0.04109589,5.90952381,0.035714286,0.000401284,13
37019_1,BLSC,M,M1,3,M,AHY,Quebec,Chaleur Bay,-80.47762415,51.6230982,18.0,5/19/2012,6/6/2012,140,158,F,2012,14,16.0,F,S,SM,SM,89,1,3.120704107,0.049315068,5.90952381,0.035714286,0.000401284,19
37019_1,BLSC,M,M2,3,M,AHY,Quebec,Chaleur Bay,-80.44617156,51.63514972,65.0,6/16/2012,8/20/2012,168,233,F,2012,14,14.0,F,F,MD,WM,89,1,3.120704107,0.178082192,5.90952381,0.035714286,0.000401284,19
37019_1,BLSC,M,M3,3,M,AHY,Quebec,Chaleur Bay,-79.49910144,51.79869614,47.0,8/21/2012,10/7/2012,234,281,F,2012,14,14.0,F,F,MD,WM,89,1,3.120704107,0.128767123,5.90952381,0.035714286,0.000401284,19
37019_1,BLSC,W,W1,3,M,AHY,Quebec,Chaleur Bay,-74.49137157,40.63013076,4.0,10/13/2012,10/17/2012,287,291,W,2012,2,14.0,W,F,WM,WM,89,1,3.120704107,0.010958904,5.90952381,0.035714286,0.000401284,8
37019_1,BLSC,W,W2,3,M,AHY,Quebec,Chaleur Bay,-75.0947173,38.90582377,90.04166667,10/19/2012,1/17/2013,293,17,W,2012,3,2.0,W,W,WD,W,89,1,3.120704107,0.246689498,5.90952381,0.035714286,0.000401284,7
37019_1,BLSC,W,W3,3,M,AHY,Quebec,Chaleur Bay,-74.36506723,39.3657713,27.0,1/21/2013,2/17/2013,21,48,W,2013,3,3.0,W,W,WD,W,89,1,3.120704107,0.073972603,5.90952381,0.035714286,0.000401284,7
37019_1,BLSC,W,W4,3,M,AHY,Quebec,Chaleur Bay,-72.17392587,40.6012264,15.0,2/21/2013,3/8/2013,52,67,W,2013,2,3.0,W,W,WD,W,89,1,3.120704107,0.04109589,5.90952381,0.035714286,0.000401284,8
37019_1,BLSC,S,S1,4,M,AHY,Quebec,Chaleur Bay,-62.05131175,46.74074865,29.0,3/20/2013,4/18/2013,79,108,S,2013,13,2.0,S,W,SM,SM,89,1,3.120704107,0.079452055,5.90952381,0.035714286,0.000401284,15
37021_1,BLSC,BM,St,1,F,ASY,Quebec,Chaleur Bay,-80.8124112,52.19514956,3.0,5/31/2010,6/3/2010,151,154,S,2010,14,31.0,S,S,SD,SM,89,1,3.120704107,0.008219178,6.612788633,0.038461538,0.000432152,19
37021_1,BLSC,B,B1,1,F,ASY,Quebec,Chaleur Bay,-95.01948444,59.03524193,45.0,6/10/2010,7/25/2010,161,206,B,2010,18,14.0,B,S,SM,SM,89,1,3.120704107,0.123287671,6.612788633,0.038461538,0.000432152,24
37021_1,BLSC,M,M1,1,F,ASY,Quebec,Chaleur Bay,-80.47036086,51.64057686,60.0,8/7/2010,10/6/2010,219,279,F,2010,14,18.0,F,B,WM,WM,89,1,3.120704107,0.164383562,6.612788633,0.038461538,0.000432152,19
37021_1,BLSC,M,M2,1,F,ASY,Quebec,Chaleur Bay,-79.82390676,51.9530102,13.0,10/7/2010,10/20/2010,280,293,F,2010,14,14.0,F,F,MD,WM,89,1,3.120704107,0.035616438,6.612788633,0.038461538,0.000432152,19
37021_1,BLSC,WM,St,1,F,ASY,Quebec,Chaleur Bay,-73.71446901,40.5340109,3.0,10/29/2010,11/1/2010,302,305,F,2010,2,14.0,F,F,MD,WM,89,1,3.120704107,0.008219178,6.612788633,0.038461538,0.000432152,8
37021_1,BLSC,W,W1,1,F,ASY,Quebec,Chaleur Bay,-71.96072086,40.99526129,6.041666667,11/4/2010,11/10/2010,308,314,W,2010,2,2.0,W,F,WM,WM,89,1,3.120704107,0.016552511,6.612788633,0.038461538,0.000432152,8
37021_1,BLSC,W,W2,1,F,ASY,Quebec,Chaleur Bay,-70.12912685,41.4050789,31.0,11/13/2010,12/14/2010,317,348,W,2010,1,2.0,W,W,WD,W,89,1,3.120704107,0.084931507,6.612788633,0.038461538,0.000432152,8
37021_1,BLSC,W,W3,1,F,ASY,Quebec,Chaleur Bay,-71.79522407,41.11449622,95.95833333,12/17/2010,3/23/2011,351,82,W,2010,2,1.0,W,W,WD,W,89,1,3.120704107,0.262899543,6.612788633,0.038461538,0.000432152,8
37021_1,BLSC,S,S1,2,F,ASY,Quebec,Chaleur Bay,-63.93292039,46.62159062,42.0,3/31/2011,5/12/2011,90,132,S,2011,12,2.0,S,W,SM,SM,89,1,3.120704107,0.115068493,6.612788633,0.038461538,0.000432152,14
37021_1,BLSC,BM,St,2,F,ASY,Quebec,Chaleur Bay,-81.11458815,52.46594181,6.0,5/21/2011,5/27/2011,141,147,S,2011,14,12.0,S,S,SD,SM,89,1,3.120704107,0.016438356,6.612788633,0.038461538,0.000432152,19
37021_1,BLSC,B,B1,2,F,ASY,Quebec,Chaleur Bay,-95.01734017,59.04616283,51.0,5/31/2011,7/21/2011,151,202,B,2011,18,14.0,B,S,SM,SM,89,1,3.120704107,0.139726027,6.612788633,0.038461538,0.000432152,24
37021_1,BLSC,M,M1,2,F,ASY,Quebec,Chaleur Bay,-88.92692337,56.67518983,24.0,7/25/2011,8/18/2011,206,230,F,2011,29,18.0,F,B,WM,WM,89,1,3.120704107,0.065753425,6.612788633,0.038461538,0.000432152,23
37021_1,BLSC,M,M2,2,F,ASY,Quebec,Chaleur Bay,-80.73632503,51.88218049,54.0,8/23/2011,10/16/2011,235,289,F,2011,14,29.0,F,F,MD,WM,89,1,3.120704107,0.147945205,6.612788633,0.038461538,0.000432152,19
37021_1,BLSC,M,M3,2,F,ASY,Quebec,Chaleur Bay,-79.36661727,52.41062597,12.0,10/19/2011,10/31/2011,292,304,F,2011,14,14.0,F,F,MD,WM,89,1,3.120704107,0.032876712,6.612788633,0.038461538,0.000432152,19
37021_1,BLSC,W,W1,2,F,ASY,Quebec,Chaleur Bay,-75.86489591,36.96098227,141.9583333,11/10/2011,3/31/2012,314,91,W,2011,7,14.0,W,F,WM,WM,89,1,3.120704107,0.388926941,6.612788633,0.038461538,0.000432152,7
37021_1,BLSC,SM,St,2,F,ASY,Quebec,Chaleur Bay,-64.00201103,46.94937007,3.0,4/10/2012,4/13/2012,101,104,S,2012,12,7.0,S,W,SM,SM,89,1,3.120704107,0.008219178,6.612788633,0.038461538,0.000432152,14
37021_1,BLSC,S,S1,3,F,ASY,Quebec,Chaleur Bay,-65.79437807,50.26521127,24.0,4/17/2012,5/11/2012,108,132,S,2012,15,12.0,S,S,SD,SM,89,1,3.120704107,0.065753425,6.612788633,0.038461538,0.000432152,15
37021_1,BLSC,BM,St,3,F,ASY,Quebec,Chaleur Bay,-81.44666836,52.61988318,11.0,5/19/2012,5/30/2012,140,151,S,2012,14,15.0,S,S,SD,SM,89,1,3.120704107,0.030136986,6.612788633,0.038461538,0.000432152,19
37021_1,BLSC,B,B1,3,F,ASY,Quebec,Chaleur Bay,-94.98360102,59.05044822,53.0,6/3/2012,7/26/2012,155,208,B,2012,18,14.0,B,S,SM,SM,89,1,3.120704107,0.145205479,6.612788633,0.038461538,0.000432152,24
37021_1,BLSC,M,M1,3,F,ASY,Quebec,Chaleur Bay,-87.85215743,56.3513189,12.0,7/30/2012,8/11/2012,212,224,F,2012,29,18.0,F,B,WM,WM,89,1,3.120704107,0.032876712,6.612788633,0.038461538,0.000432152,23
37021_1,BLSC,M,M2,3,F,ASY,Quebec,Chaleur Bay,-80.49672429,51.69539543,49.0,8/15/2012,10/3/2012,228,277,F,2012,14,29.0,F,F,MD,WM,89,1,3.120704107,0.134246575,6.612788633,0.038461538,0.000432152,19
37021_1,BLSC,M,M3,3,F,ASY,Quebec,Chaleur Bay,-79.68943982,51.88570901,19.0,10/4/2012,10/23/2012,278,297,F,2012,14,14.0,F,F,MD,WM,89,1,3.120704107,0.052054795,6.612788633,0.038461538,0.000432152,19
37021_1,BLSC,W,W1,3,F,ASY,Quebec,Chaleur Bay,-75.07951141,38.99587475,65.0,11/10/2012,1/14/2013,315,14,W,2012,3,14.0,W,F,WM,WM,89,1,3.120704107,0.178082192,6.612788633,0.038461538,0.000432152,7
37021_1,BLSC,W,W2,3,F,ASY,Quebec,Chaleur Bay,-75.85349595,36.97464974,58.95833333,1/18/2013,3/18/2013,18,77,W,2013,7,3.0,W,W,WD,W,89,1,3.120704107,0.16152968,6.612788633,0.038461538,0.000432152,7
37021_1,BLSC,W,W3,3,F,ASY,Quebec,Chaleur Bay,-76.75174325,34.94770991,11.0,3/22/2013,4/2/2013,81,92,W,2013,8,7.0,W,W,WD,W,89,1,3.120704107,0.030136986,6.612788633,0.038461538,0.000432152,7
37022_1,BLSC,BM,St,1,M,AHY,Quebec,Chaleur Bay,-80.94566632,52.12126633,7.0,5/30/2010,6/6/2010,150,157,S,2010,14,31.0,S,S,SD,SM,89,1,3.120704107,0.019178082,5.90952381,0.041666667,0.000468165,19
37022_1,BLSC,B,B1,1,M,AHY,Quebec,Chaleur Bay,-93.90048038,58.48887212,38.0,6/14/2010,7/22/2010,165,203,B,2010,18,14.0,B,S,SM,SM,89,1,3.120704107,0.104109589,5.90952381,0.041666667,0.000468165,24
37022_1,BLSC,M,M1,1,M,AHY,Quebec,Chaleur Bay,-80.55970643,51.79746456,67.0,7/30/2010,10/5/2010,211,278,F,2010,14,18.0,F,B,WM,WM,89,1,3.120704107,0.183561644,5.90952381,0.041666667,0.000468165,19
37022_1,BLSC,W,W1,1,M,AHY,Quebec,Chaleur Bay,-70.51886939,41.37650612,65.04166667,10/17/2010,12/21/2010,290,355,W,2010,1,14.0,W,F,WM,WM,89,1,3.120704107,0.178196347,5.90952381,0.041666667,0.000468165,8
37022_1,BLSC,W,W2,1,M,AHY,Quebec,Chaleur Bay,-75.119209,38.9891632,42.0,12/29/2010,2/9/2011,363,40,W,2010,3,1.0,W,W,WD,W,89,1,3.120704107,0.115068493,5.90952381,0.041666667,0.000468165,7
37022_1,BLSC,W,W3,1,M,AHY,Quebec,Chaleur Bay,-71.20843579,41.19222881,40.95833333,2/15/2011,3/28/2011,46,87,W,2011,2,3.0,W,W,WD,W,89,1,3.120704107,0.112214612,5.90952381,0.041666667,0.000468165,8
37022_1,BLSC,S,S1,2,M,AHY,Quebec,Chaleur Bay,-64.47779184,46.34697107,13.0,4/3/2011,4/16/2011,93,106,S,2011,12,2.0,S,W,SM,SM,89,1,3.120704107,0.035616438,5.90952381,0.041666667,0.000468165,14
37022_1,BLSC,S,S2,2,M,AHY,Quebec,Chaleur Bay,-68.37392751,49.07265337,16.0,4/30/2011,5/16/2011,120,136,S,2011,16,12.0,S,S,SD,SM,89,1,3.120704107,0.043835616,5.90952381,0.041666667,0.000468165,13
37022_1,BLSC,M,M1,2,M,AHY,Quebec,Chaleur Bay,-80.76535784,51.95513436,110.0,5/22/2011,9/9/2011,142,252,F,2011,14,16.0,F,S,SM,SM,89,1,3.120704107,0.301369863,5.90952381,0.041666667,0.000468165,19
37022_1,BLSC,M,M2,2,M,AHY,Quebec,Chaleur Bay,-78.68436932,52.41901231,15.0,9/14/2011,9/29/2011,257,272,F,2011,14,14.0,F,F,MD,WM,89,1,3.120704107,0.04109589,5.90952381,0.041666667,0.000468165,19
37022_1,BLSC,M,M3,2,M,AHY,Quebec,Chaleur Bay,-66.81926338,48.53545088,37.04166667,10/6/2011,11/12/2011,279,316,F,2011,31,14.0,F,F,MD,WM,89,1,3.120704107,0.101484018,5.90952381,0.041666667,0.000468165,15
37022_1,BLSC,WM,St,2,M,AHY,Quebec,Chaleur Bay,-71.8051861,41.11229154,1.0,11/19/2011,11/20/2011,323,324,F,2011,2,31.0,F,F,MD,WM,89,1,3.120704107,0.002739726,5.90952381,0.041666667,0.000468165,8
37022_1,BLSC,W,W1,2,M,AHY,Quebec,Chaleur Bay,-75.05085198,39.00853209,122.9583333,11/26/2011,3/28/2012,330,88,W,2011,3,2.0,W,F,WM,WM,89,1,3.120704107,0.336872146,5.90952381,0.041666667,0.000468165,7
37022_1,BLSC,S,S1,3,M,AHY,Quebec,Chaleur Bay,-64.60428218,46.4279933,11.0,4/5/2012,4/16/2012,96,107,S,2012,12,3.0,S,W,SM,SM,89,1,3.120704107,0.030136986,5.90952381,0.041666667,0.000468165,14
37022_1,BLSC,S,S2,3,M,AHY,Quebec,Chaleur Bay,-65.46906335,50.27179425,24.0,4/21/2012,5/15/2012,112,136,S,2012,15,12.0,S,S,SD,SM,89,1,3.120704107,0.065753425,5.90952381,0.041666667,0.000468165,15
37022_1,BLSC,M,M1,3,M,AHY,Quebec,Chaleur Bay,-80.39045675,51.59040201,105.0,5/24/2012,9/6/2012,145,250,F,2012,14,15.0,F,S,SM,SM,89,1,3.120704107,0.287671233,5.90952381,0.041666667,0.000468165,19
37022_1,BLSC,M,M2,3,M,AHY,Quebec,Chaleur Bay,-79.4313394,54.06217799,26.0,9/13/2012,10/9/2012,257,283,F,2012,23,14.0,F,F,MD,WM,89,1,3.120704107,0.071232877,5.90952381,0.041666667,0.000468165,19
37022_1,BLSC,W,W1,3,M,AHY,Quebec,Chaleur Bay,-70.3568078,41.36049765,13.0,10/19/2012,11/1/2012,293,306,W,2012,1,23.0,W,F,WM,WM,89,1,3.120704107,0.035616438,5.90952381,0.041666667,0.000468165,8
37022_1,BLSC,W,W2,3,M,AHY,Quebec,Chaleur Bay,-72.64001475,40.77882103,20.0,11/5/2012,11/25/2012,310,330,W,2012,2,1.0,W,W,WD,W,89,1,3.120704107,0.054794521,5.90952381,0.041666667,0.000468165,8
37022_1,BLSC,W,W3,3,M,AHY,Quebec,Chaleur Bay,-75.92847931,37.77778163,79.0,11/29/2012,2/16/2013,334,47,W,2012,7,2.0,W,W,WD,W,89,1,3.120704107,0.216438356,5.90952381,0.041666667,0.000468165,7
37022_1,BLSC,W,W4,3,M,AHY,Quebec,Chaleur Bay,-75.82926971,36.32312642,9.0,2/21/2013,3/2/2013,52,61,W,2013,8,7.0,W,W,WD,W,89,1,3.120704107,0.024657534,5.90952381,0.041666667,0.000468165,7
37022_1,BLSC,W,W5,3,M,AHY,Quebec,Chaleur Bay,-75.12653425,39.05284937,15.95833333,3/7/2013,3/23/2013,66,82,W,2013,3,8.0,W,W,WD,W,89,1,3.120704107,0.043721461,5.90952381,0.041666667,0.000468165,7
37022_1,BLSC,S,S1,4,M,AHY,Quebec,Chaleur Bay,-64.63746361,46.41632022,3.0,4/1/2013,4/4/2013,91,94,S,2013,12,3.0,S,W,SM,SM,89,1,3.120704107,0.008219178,5.90952381,0.041666667,0.000468165,14
37031_1,BLSC,S,S2,1,F,SY,Quebec,Chaleur Bay,-69.07998916,48.69039542,27.0,9/19/2010,10/16/2010,262,289,S,2010,16,31.0,S,S,SD,SM,89,1,3.120704107,0.073972603,6.612788633,0.1,0.001123596,13
37031_1,BLSC,W,W1,1,F,SY,Quebec,Chaleur Bay,-73.53177294,40.6724331,5.0,10/26/2010,10/31/2010,299,304,W,2010,2,16.0,W,S,WM,WM,89,1,3.120704107,0.01369863,6.612788633,0.1,0.001123596,8
37031_1,BLSC,W,W2,1,F,SY,Quebec,Chaleur Bay,-76.35656423,38.53030426,152.0,11/4/2010,4/5/2011,308,95,W,2010,7,2.0,W,W,WD,W,89,1,3.120704107,0.416438356,6.612788633,0.1,0.001123596,7
37031_1,BLSC,S,S1,2,F,SY,Quebec,Chaleur Bay,-64.74542104,46.96456899,15.0,4/15/2011,4/30/2011,105,120,S,2011,12,7.0,S,W,SM,SM,89,1,3.120704107,0.04109589,6.612788633,0.1,0.001123596,14
37031_1,BLSC,S,S2,2,F,SY,Quebec,Chaleur Bay,-64.27920119,48.87753817,13.0,5/3/2011,5/16/2011,123,136,S,2011,12,12.0,S,S,SD,SM,89,1,3.120704107,0.035616438,6.612788633,0.1,0.001123596,15
37031_1,BLSC,M,M1,2,F,SY,Quebec,Chaleur Bay,-78.87673383,52.04334111,14.0,5/26/2011,6/9/2011,146,160,F,2011,14,12.0,F,S,SM,SM,89,1,3.120704107,0.038356164,6.612788633,0.1,0.001123596,19
37031_1,BLSC,M,M2,2,F,SY,Quebec,Chaleur Bay,-83.35690586,55.27658201,10.0,6/13/2011,6/23/2011,164,174,F,2011,30,14.0,F,F,MD,WM,89,1,3.120704107,0.02739726,6.612788633,0.1,0.001123596,23
37031_1,BLSC,M,M3,2,F,SY,Quebec,Chaleur Bay,-82.48639123,54.71415411,9.0,6/24/2011,7/3/2011,175,184,F,2011,30,30.0,F,F,MD,WM,89,1,3.120704107,0.024657534,6.612788633,0.1,0.001123596,19
37031_1,BLSC,M,M4,2,F,SY,Quebec,Chaleur Bay,-76.66694006,56.73744174,56.0,7/10/2011,9/4/2011,191,247,F,2011,19,30.0,F,F,MD,WM,89,1,3.120704107,0.153424658,6.612788633,0.1,0.001123596,20
37041_1,BLSC,M,M1,1,M,AHY,Quebec,Chaleur Bay,-78.9476504,53.37485037,3.0,6/26/2010,6/29/2010,177,180,F,2010,23,31.0,F,S,SM,SM,89,1,3.120704107,0.008219178,5.90952381,0.052631579,0.000591366,19
37041_1,BLSC,M,M2,1,M,AHY,Quebec,Chaleur Bay,-80.96972108,52.72327854,59.0,7/4/2010,9/1/2010,185,244,F,2010,14,23.0,F,F,MD,WM,89,1,3.120704107,0.161643836,5.90952381,0.052631579,0.000591366,19
37041_1,BLSC,M,M3,1,M,AHY,Quebec,Chaleur Bay,-78.61266976,52.20379745,24.0,9/6/2010,9/30/2010,249,273,F,2010,14,14.0,F,F,MD,WM,89,1,3.120704107,0.065753425,5.90952381,0.052631579,0.000591366,19
37041_1,BLSC,WM,St,1,M,AHY,Quebec,Chaleur Bay,-64.90866263,47.150359,9.0,10/11/2010,10/20/2010,284,293,F,2010,12,14.0,F,F,MD,WM,89,1,3.120704107,0.024657534,5.90952381,0.052631579,0.000591366,14
37041_1,BLSC,W,W1,1,M,AHY,Quebec,Chaleur Bay,-70.13646016,41.41742781,144.0,10/27/2010,3/20/2011,300,79,W,2010,1,12.0,W,F,WM,WM,89,1,3.120704107,0.394520548,5.90952381,0.052631579,0.000591366,8
37041_1,BLSC,S,S1,2,M,AHY,Quebec,Chaleur Bay,-60.18536023,45.77983769,21.0,3/31/2011,4/21/2011,90,111,S,2011,13,1.0,S,W,SM,SM,89,1,3.120704107,0.057534247,5.90952381,0.052631579,0.000591366,15
37041_1,BLSC,S,S2,2,M,AHY,Quebec,Chaleur Bay,-66.33100816,48.05944552,10.0,4/30/2011,5/10/2011,120,130,S,2011,31,13.0,S,S,SD,SM,89,1,3.120704107,0.02739726,5.90952381,0.052631579,0.000591366,15
37041_1,BLSC,M,M1,2,M,AHY,Quebec,Chaleur Bay,-80.4204028,51.643604,134.0,5/21/2011,10/2/2011,141,275,F,2011,14,31.0,F,S,SM,SM,89,1,3.120704107,0.367123288,5.90952381,0.052631579,0.000591366,19
37041_1,BLSC,W,W1,2,M,AHY,Quebec,Chaleur Bay,-70.21931677,41.55297936,120.0416667,10/19/2011,2/16/2012,292,47,W,2011,1,14.0,W,F,WM,WM,89,1,3.120704107,0.328881279,5.90952381,0.052631579,0.000591366,8
37041_1,BLSC,W,W2,2,M,AHY,Quebec,Chaleur Bay,-71.79008832,41.0944247,24.95833333,2/22/2012,3/18/2012,53,78,W,2012,2,1.0,W,W,WD,W,89,1,3.120704107,0.068378995,5.90952381,0.052631579,0.000591366,8
37041_1,BLSC,S,S1,3,M,AHY,Quebec,Chaleur Bay,-66.56304655,45.11156008,8.0,3/26/2012,4/3/2012,86,94,S,2012,5,2.0,S,W,SM,SM,89,1,3.120704107,0.021917808,5.90952381,0.052631579,0.000591366,14
37041_1,BLSC,S,S2,3,M,AHY,Quebec,Chaleur Bay,-64.84155998,46.95664121,16.0,4/7/2012,4/23/2012,98,114,S,2012,12,5.0,S,S,SD,SM,89,1,3.120704107,0.043835616,5.90952381,0.052631579,0.000591366,14
37041_1,BLSC,S,S3,3,M,AHY,Quebec,Chaleur Bay,-66.09276185,48.08168979,9.0,4/27/2012,5/6/2012,118,127,S,2012,31,12.0,S,S,SD,SM,89,1,3.120704107,0.024657534,5.90952381,0.052631579,0.000591366,15
37041_1,BLSC,S,S4,3,M,AHY,Quebec,Chaleur Bay,-68.51818332,48.97632242,2.0,5/10/2012,5/12/2012,131,133,S,2012,16,31.0,S,S,SD,SM,89,1,3.120704107,0.005479452,5.90952381,0.052631579,0.000591366,13
37041_1,BLSC,M,M1,3,M,AHY,Quebec,Chaleur Bay,-80.43537671,51.60249048,88.0,5/21/2012,8/17/2012,142,230,F,2012,14,16.0,F,S,SM,SM,89,1,3.120704107,0.24109589,5.90952381,0.052631579,0.000591366,19
37041_1,BLSC,M,M2,3,M,AHY,Quebec,Chaleur Bay,-79.52474926,51.71202051,42.0,8/18/2012,9/29/2012,231,273,F,2012,14,14.0,F,F,MD,WM,89,1,3.120704107,0.115068493,5.90952381,0.052631579,0.000591366,19
37041_1,BLSC,W,W1,3,M,AHY,Quebec,Chaleur Bay,-70.15967345,41.41983118,171.0,10/16/2012,4/5/2013,290,95,W,2012,1,14.0,W,F,WM,WM,89,1,3.120704107,0.468493151,5.90952381,0.052631579,0.000591366,8
37041_1,BLSC,S,S1,4,M,AHY,Quebec,Chaleur Bay,-64.72193788,47.14974922,5.0,4/13/2013,4/18/2013,103,108,S,2013,12,1.0,S,W,SM,SM,89,1,3.120704107,0.01369863,5.90952381,0.052631579,0.000591366,14
37075_1,BLSC,S,S2,1,F,ASY,Quebec,Chaleur Bay,-66.5648419,48.03906768,32.0,6/7/2010,7/9/2010,158,190,S,2010,31,31.0,S,S,SD,SM,89,1,3.120704107,0.087671233,6.612788633,0.083333333,0.00093633,15
37075_1,BLSC,BM,St,1,F,ASY,Quebec,Chaleur Bay,-68.47395213,48.99334299,5.0,7/14/2010,7/19/2010,195,200,S,2010,16,31.0,S,S,SD,SM,89,1,3.120704107,0.01369863,6.612788633,0.083333333,0.00093633,13
37075_1,BLSC,M,M1,1,F,ASY,Quebec,Chaleur Bay,-80.49575896,51.66697164,77.0,8/1/2010,10/17/2010,213,290,F,2010,14,16.0,F,S,SM,SM,89,1,3.120704107,0.210958904,6.612788633,0.083333333,0.00093633,19
37075_1,BLSC,W,W1,1,F,ASY,Quebec,Chaleur Bay,-79.81123836,32.79329949,43.04166667,10/30/2010,12/12/2010,303,346,W,2010,4,14.0,W,F,WM,WM,89,1,3.120704107,0.117922374,6.612788633,0.083333333,0.00093633,6
37075_1,BLSC,W,W2,1,F,ASY,Quebec,Chaleur Bay,-80.61837656,32.24272604,34.0,12/16/2010,1/19/2011,350,19,W,2010,4,4.0,W,W,WD,W,89,1,3.120704107,0.093150685,6.612788633,0.083333333,0.00093633,6
37075_1,BLSC,W,W3,1,F,ASY,Quebec,Chaleur Bay,-81.08652418,31.6426686,45.0,1/22/2011,3/8/2011,22,67,W,2011,4,4.0,W,W,WD,W,89,1,3.120704107,0.123287671,6.612788633,0.083333333,0.00093633,6
37075_1,BLSC,S,S1,2,F,ASY,Quebec,Chaleur Bay,-64.55722526,46.37426467,35.0,3/24/2011,4/28/2011,83,118,S,2011,12,4.0,S,W,SM,SM,89,1,3.120704107,0.095890411,6.612788633,0.083333333,0.00093633,14
37075_1,BLSC,BM,St,2,F,ASY,Quebec,Chaleur Bay,-85.75308052,54.10473439,25.0,5/12/2011,6/6/2011,132,157,S,2011,29,12.0,S,S,SD,SM,89,1,3.120704107,0.068493151,6.612788633,0.083333333,0.00093633,23
37075_1,BLSC,B,B1,2,F,ASY,Quebec,Chaleur Bay,-97.77960289,61.03534503,67.0,6/11/2011,8/17/2011,162,229,B,2011,18,29.0,B,S,SM,SM,89,1,3.120704107,0.183561644,6.612788633,0.083333333,0.00093633,5
37075_1,BLSC,M,M1,2,F,ASY,Quebec,Chaleur Bay,-93.24207129,58.77959955,8.0,8/21/2011,8/29/2011,233,241,F,2011,18,18.0,F,B,WM,WM,89,1,3.120704107,0.021917808,6.612788633,0.083333333,0.00093633,24
37075_1,BLSC,M,M2,2,F,ASY,Quebec,Chaleur Bay,-91.61014496,57.15714143,22.0,9/11/2011,10/3/2011,254,276,F,2011,29,18.0,F,F,MD,WM,89,1,3.120704107,0.060273973,6.612788633,0.083333333,0.00093633,24
37077_1,BLSC,B,B1,1,M,AHY,Quebec,Chaleur Bay,-70.27664501,54.71890094,12.0,5/29/2010,6/10/2010,149,161,B,2010,22,15.0,B,S,SM,SM,89,1,3.120704107,0.032876712,5.90952381,0.055555556,0.00062422,18
37077_1,BLSC,B,B2,1,M,AHY,Quebec,Chaleur Bay,-71.26741526,55.51571075,3.0,6/12/2010,6/15/2010,163,166,B,2010,20,22.0,B,B,BD,B,89,1,3.120704107,0.008219178,5.90952381,0.055555556,0.00062422,20
37077_1,BLSC,M,M1,1,M,AHY,Quebec,Chaleur Bay,-80.7381938,53.01491086,8.0,6/23/2010,7/1/2010,174,182,F,2010,14,20.0,F,B,WM,WM,89,1,3.120704107,0.021917808,5.90952381,0.055555556,0.00062422,19
37077_1,BLSC,M,M2,1,M,AHY,Quebec,Chaleur Bay,-82.01512394,53.59150801,4.0,7/3/2010,7/7/2010,184,188,F,2010,30,14.0,F,F,MD,WM,89,1,3.120704107,0.010958904,5.90952381,0.055555556,0.00062422,19
37077_1,BLSC,M,M3,1,M,AHY,Quebec,Chaleur Bay,-81.22414526,52.21911305,54.0,7/11/2010,9/3/2010,192,246,F,2010,14,30.0,F,F,MD,WM,89,1,3.120704107,0.147945205,5.90952381,0.055555556,0.00062422,19
37077_1,BLSC,M,M4,1,M,AHY,Quebec,Chaleur Bay,-79.42502602,54.05017527,46.0,9/10/2010,10/26/2010,253,299,F,2010,23,14.0,F,F,MD,WM,89,1,3.120704107,0.126027397,5.90952381,0.055555556,0.00062422,19
37077_1,BLSC,W,W1,1,M,AHY,Quebec,Chaleur Bay,-71.72396084,41.16114582,115.0416667,11/5/2010,2/28/2011,309,59,W,2010,2,23.0,W,F,WM,WM,89,1,3.120704107,0.315182648,5.90952381,0.055555556,0.00062422,8
37077_1,BLSC,S,S1,2,M,AHY,Quebec,Chaleur Bay,-64.57757128,46.53405832,7.958333333,3/8/2011,3/16/2011,67,75,S,2011,12,2.0,S,W,SM,SM,89,1,3.120704107,0.021803653,5.90952381,0.055555556,0.00062422,14
37077_1,BLSC,S,S2,2,M,AHY,Quebec,Chaleur Bay,-65.11600365,47.73264971,49.0,3/17/2011,5/5/2011,76,125,S,2011,12,12.0,S,S,SD,SM,89,1,3.120704107,0.134246575,5.90952381,0.055555556,0.00062422,15
37077_1,BLSC,S,S3,2,M,AHY,Quebec,Chaleur Bay,-66.2357701,50.20194081,5.0,5/9/2011,5/14/2011,129,134,S,2011,15,12.0,S,S,SD,SM,89,1,3.120704107,0.01369863,5.90952381,0.055555556,0.00062422,15
37077_1,BLSC,S,S4,2,M,AHY,Quebec,Chaleur Bay,-68.00047282,49.15910227,2.0,5/18/2011,5/20/2011,138,140,S,2011,16,15.0,S,S,SD,SM,89,1,3.120704107,0.005479452,5.90952381,0.055555556,0.00062422,15
37077_1,BLSC,B,B1,2,M,AHY,Quebec,Chaleur Bay,-73.45368243,56.96938753,18.0,5/29/2011,6/16/2011,149,167,B,2011,20,16.0,B,S,SM,SM,89,1,3.120704107,0.049315068,5.90952381,0.055555556,0.00062422,20
37077_1,BLSC,MM,St,2,M,AHY,Quebec,Chaleur Bay,-76.51559129,56.92816591,2.0,6/21/2011,6/23/2011,172,174,F,2011,19,20.0,F,B,WM,WM,89,1,3.120704107,0.005479452,5.90952381,0.055555556,0.00062422,20
37077_1,BLSC,M,M1,2,M,AHY,Quebec,Chaleur Bay,-80.71607624,52.8383038,67.0,7/2/2011,9/7/2011,183,250,F,2011,14,19.0,F,F,MD,WM,89,1,3.120704107,0.183561644,5.90952381,0.055555556,0.00062422,19
37077_1,BLSC,M,M2,2,M,AHY,Quebec,Chaleur Bay,-79.44951227,53.9651233,38.0,9/11/2011,10/19/2011,254,292,F,2011,23,14.0,F,F,MD,WM,89,1,3.120704107,0.104109589,5.90952381,0.055555556,0.00062422,19
37077_1,BLSC,WM,St,2,M,AHY,Quebec,Chaleur Bay,-71.55926542,41.15257658,5.0,10/29/2011,11/3/2011,302,307,F,2011,2,23.0,F,F,MD,WM,89,1,3.120704107,0.01369863,5.90952381,0.055555556,0.00062422,8
37077_1,BLSC,W,W1,2,M,AHY,Quebec,Chaleur Bay,-74.87765275,39.02971805,77.0,11/9/2011,1/25/2012,313,25,W,2011,3,2.0,W,F,WM,WM,89,1,3.120704107,0.210958904,5.90952381,0.055555556,0.00062422,7
37226_1,BLSC,BM,St,1,F,ASY,Quebec,Chaleur Bay,-80.77457986,53.01608222,3.0,5/27/2010,5/30/2010,147,150,S,2010,14,31.0,S,S,SD,SM,89,1,3.120704107,0.008219178,6.612788633,0.05,0.000561798,19
37226_1,BLSC,B,B1,1,F,ASY,Quebec,Chaleur Bay,-95.18051056,59.40335252,53.0,6/10/2010,8/2/2010,161,214,B,2010,18,14.0,B,S,SM,SM,89,1,3.120704107,0.145205479,6.612788633,0.05,0.000561798,24
37226_1,BLSC,M,M1,1,F,ASY,Quebec,Chaleur Bay,-93.13768769,58.57141735,5.0,8/6/2010,8/11/2010,218,223,F,2010,18,18.0,F,B,WM,WM,89,1,3.120704107,0.01369863,6.612788633,0.05,0.000561798,24
37226_1,BLSC,M,M2,1,F,ASY,Quebec,Chaleur Bay,-89.02043399,56.86208504,6.0,8/15/2010,8/21/2010,227,233,F,2010,29,18.0,F,F,MD,WM,89,1,3.120704107,0.016438356,6.612788633,0.05,0.000561798,23
37226_1,BLSC,M,M3,1,F,ASY,Quebec,Chaleur Bay,-80.60109256,52.7628521,60.0,8/28/2010,10/27/2010,240,300,F,2010,14,29.0,F,F,MD,WM,89,1,3.120704107,0.164383562,6.612788633,0.05,0.000561798,19
37226_1,BLSC,W,W1,1,F,ASY,Quebec,Chaleur Bay,-79.22953482,33.11400467,17.04166667,11/7/2010,11/24/2010,311,328,W,2010,4,14.0,W,F,WM,WM,89,1,3.120704107,0.046689498,6.612788633,0.05,0.000561798,6
37226_1,BLSC,W,W2,1,F,ASY,Quebec,Chaleur Bay,-80.46157624,32.27745191,102.0,11/25/2010,3/7/2011,329,66,W,2010,4,4.0,W,W,WD,W,89,1,3.120704107,0.279452055,6.612788633,0.05,0.000561798,6
37226_1,BLSC,S,S1,2,F,ASY,Quebec,Chaleur Bay,-64.84400704,47.55997545,106.0,3/26/2011,7/10/2011,85,191,S,2011,12,4.0,S,W,SM,SM,89,1,3.120704107,0.290410959,6.612788633,0.05,0.000561798,14
37226_1,BLSC,S,S2,2,F,ASY,Quebec,Chaleur Bay,-64.45443697,48.31799954,60.0,7/11/2011,9/9/2011,192,252,S,2011,12,12.0,S,S,SD,SM,89,1,3.120704107,0.164383562,6.612788633,0.05,0.000561798,15
37226_1,BLSC,M,M1,2,F,ASY,Quebec,Chaleur Bay,-79.35413922,54.08860655,36.0,9/17/2011,10/23/2011,260,296,F,2011,23,12.0,F,S,SM,SM,89,1,3.120704107,0.098630137,6.612788633,0.05,0.000561798,19
37226_1,BLSC,W,W1,2,F,ASY,Quebec,Chaleur Bay,-69.85513869,41.2713335,25.04166667,11/5/2011,11/30/2011,309,334,W,2011,1,23.0,W,F,WM,WM,89,1,3.120704107,0.068607306,6.612788633,0.05,0.000561798,8
37226_1,BLSC,W,W2,2,F,ASY,Quebec,Chaleur Bay,-75.8084682,37.01361912,102.9583333,12/7/2011,3/19/2012,341,79,W,2011,7,1.0,W,W,WD,W,89,1,3.120704107,0.282077626,6.612788633,0.05,0.000561798,7
37226_1,BLSC,SM,St,2,F,ASY,Quebec,Chaleur Bay,-72.18478014,40.9588118,3.0,3/26/2012,3/29/2012,86,89,S,2012,2,7.0,S,W,SM,SM,89,1,3.120704107,0.008219178,6.612788633,0.05,0.000561798,8
37226_1,BLSC,S,S1,3,F,ASY,Quebec,Chaleur Bay,-64.79740113,46.96127817,26.0,4/8/2012,5/4/2012,99,125,S,2012,12,2.0,S,S,SD,SM,89,1,3.120704107,0.071232877,6.612788633,0.05,0.000561798,14
37226_1,BLSC,S,S2,3,F,ASY,Quebec,Chaleur Bay,-66.29758435,48.11503791,2.0,5/7/2012,5/9/2012,128,130,S,2012,31,12.0,S,S,SD,SM,89,1,3.120704107,0.005479452,6.612788633,0.05,0.000561798,15
37226_1,BLSC,M,M1,3,F,ASY,Quebec,Chaleur Bay,-78.76059195,51.99781639,15.0,5/17/2012,6/1/2012,138,153,F,2012,14,31.0,F,S,SM,SM,89,1,3.120704107,0.04109589,6.612788633,0.05,0.000561798,19
37226_1,BLSC,M,M2,3,F,ASY,Quebec,Chaleur Bay,-80.64852148,52.7159409,143.0,6/5/2012,10/26/2012,157,300,F,2012,14,14.0,F,F,MD,WM,89,1,3.120704107,0.391780822,6.612788633,0.05,0.000561798,19
37226_1,BLSC,WM,St,3,F,ASY,Quebec,Chaleur Bay,-72.27688974,41.27993302,2.0,11/6/2012,11/8/2012,311,313,F,2012,2,14.0,F,F,MD,WM,89,1,3.120704107,0.005479452,6.612788633,0.05,0.000561798,8
37226_1,BLSC,W,W1,3,F,ASY,Quebec,Chaleur Bay,-69.80636283,41.31299726,16.0,11/13/2012,11/29/2012,318,334,W,2012,1,2.0,W,F,WM,WM,89,1,3.120704107,0.043835616,6.612788633,0.05,0.000561798,8
37320_1,BLSC,M,M1,1,M,AHY,Quebec,Chaleur Bay,-78.69413673,52.38855259,10.0,6/19/2010,6/29/2010,170,180,F,2010,14,31.0,F,S,SM,SM,89,1,3.120704107,0.02739726,5.90952381,0.05,0.000561798,19
37320_1,BLSC,M,M2,1,M,AHY,Quebec,Chaleur Bay,-79.61124005,51.90823231,60.0,7/5/2010,9/3/2010,186,246,F,2010,14,14.0,F,F,MD,WM,89,1,3.120704107,0.164383562,5.90952381,0.05,0.000561798,19
37320_1,BLSC,M,M3,1,M,AHY,Quebec,Chaleur Bay,-78.69427931,52.3661361,13.0,9/6/2010,9/19/2010,249,262,F,2010,14,14.0,F,F,MD,WM,89,1,3.120704107,0.035616438,5.90952381,0.05,0.000561798,19
37320_1,BLSC,M,M4,1,M,AHY,Quebec,Chaleur Bay,-79.83180176,51.81249934,17.0,9/22/2010,10/9/2010,265,282,F,2010,14,14.0,F,F,MD,WM,89,1,3.120704107,0.046575342,5.90952381,0.05,0.000561798,19
37320_1,BLSC,W,W1,1,M,AHY,Quebec,Chaleur Bay,-70.04592389,41.50739754,10.04166667,10/30/2010,11/9/2010,303,313,W,2010,1,14.0,W,F,WM,WM,89,1,3.120704107,0.027511416,5.90952381,0.05,0.000561798,8
37320_1,BLSC,W,W2,1,M,AHY,Quebec,Chaleur Bay,-71.84379573,41.07793303,11.0,11/13/2010,11/24/2010,317,328,W,2010,2,1.0,W,W,WD,W,89,1,3.120704107,0.030136986,5.90952381,0.05,0.000561798,8
37320_1,BLSC,W,W3,1,M,AHY,Quebec,Chaleur Bay,-75.10549119,38.84687572,93.0,11/28/2010,3/1/2011,332,60,W,2010,3,2.0,W,W,WD,W,89,1,3.120704107,0.254794521,5.90952381,0.05,0.000561798,7
37320_1,BLSC,W,W4,1,M,AHY,Quebec,Chaleur Bay,-71.93489241,41.02066889,7.958333333,3/6/2011,3/14/2011,65,73,W,2011,2,3.0,W,W,WD,W,89,1,3.120704107,0.021803653,5.90952381,0.05,0.000561798,8
37320_1,BLSC,S,S1,2,M,AHY,Quebec,Chaleur Bay,-64.50505468,46.33939073,33.0,3/20/2011,4/22/2011,79,112,S,2011,12,2.0,S,W,SM,SM,89,1,3.120704107,0.090410959,5.90952381,0.05,0.000561798,14
37320_1,BLSC,S,S2,2,M,AHY,Quebec,Chaleur Bay,-62.10101234,50.21629829,17.0,4/26/2011,5/13/2011,116,133,S,2011,15,12.0,S,S,SD,SM,89,1,3.120704107,0.046575342,5.90952381,0.05,0.000561798,15
37320_1,BLSC,M,M1,2,M,AHY,Quebec,Chaleur Bay,-78.63937204,52.37309703,99.0,6/4/2011,9/11/2011,155,254,F,2011,14,15.0,F,S,SM,SM,89,1,3.120704107,0.271232877,5.90952381,0.05,0.000561798,19
37320_1,BLSC,M,M2,2,M,AHY,Quebec,Chaleur Bay,-79.6880327,51.94247199,28.0,9/14/2011,10/12/2011,257,285,F,2011,14,14.0,F,F,MD,WM,89,1,3.120704107,0.076712329,5.90952381,0.05,0.000561798,19
37320_1,BLSC,W,W1,2,M,AHY,Quebec,Chaleur Bay,-71.82929225,41.10813446,17.04166667,10/28/2011,11/14/2011,301,318,W,2011,2,14.0,W,F,WM,WM,89,1,3.120704107,0.046689498,5.90952381,0.05,0.000561798,8
37320_1,BLSC,W,W2,2,M,AHY,Quebec,Chaleur Bay,-75.07219964,38.93839647,67.0,11/18/2011,1/24/2012,322,24,W,2011,3,2.0,W,W,WD,W,89,1,3.120704107,0.183561644,5.90952381,0.05,0.000561798,7
37320_1,BLSC,W,W3,2,M,AHY,Quebec,Chaleur Bay,-75.20262077,38.7496985,51.95833333,1/28/2012,3/20/2012,28,80,W,2012,3,3.0,W,W,WD,W,89,1,3.120704107,0.142351598,5.90952381,0.05,0.000561798,7
37320_1,BLSC,S,S1,3,M,AHY,Quebec,Chaleur Bay,-66.52736032,48.04580489,15.0,4/6/2012,4/21/2012,97,112,S,2012,31,3.0,S,W,SM,SM,89,1,3.120704107,0.04109589,5.90952381,0.05,0.000561798,15
37320_1,BLSC,S,S2,3,M,AHY,Quebec,Chaleur Bay,-68.66461834,48.89622144,36.0,4/25/2012,5/31/2012,116,152,S,2012,16,31.0,S,S,SD,SM,89,1,3.120704107,0.098630137,5.90952381,0.05,0.000561798,13
37320_1,BLSC,S,S3,3,M,AHY,Quebec,Chaleur Bay,-68.80171327,48.81930924,138.0,6/5/2012,10/21/2012,157,295,S,2012,16,16.0,S,S,SD,SM,89,1,3.120704107,0.378082192,5.90952381,0.05,0.000561798,13
37320_1,BLSC,W,W1,3,M,AHY,Quebec,Chaleur Bay,-75.14351112,38.96622451,20.0,11/8/2012,11/28/2012,313,333,W,2012,3,16.0,W,S,WM,WM,89,1,3.120704107,0.054794521,5.90952381,0.05,0.000561798,7
37516_1,BLSC,S,S2,1,M,AHY,Quebec,Chaleur Bay,-66.02872618,48.14832701,13.0,5/18/2010,5/31/2010,138,151,S,2010,31,31.0,S,S,SD,SM,89,1,3.120704107,0.035616438,5.90952381,0.045454545,0.000510725,15
37516_1,BLSC,M,M1,1,M,AHY,Quebec,Chaleur Bay,-78.92147517,52.64886098,16.0,6/11/2010,6/27/2010,162,178,F,2010,14,31.0,F,S,SM,SM,89,1,3.120704107,0.043835616,5.90952381,0.045454545,0.000510725,19
37516_1,BLSC,M,M2,1,M,AHY,Quebec,Chaleur Bay,-80.48376834,51.80395673,95.0,6/30/2010,10/3/2010,181,276,F,2010,14,14.0,F,F,MD,WM,89,1,3.120704107,0.260273973,5.90952381,0.045454545,0.000510725,19
37516_1,BLSC,WM,St,1,M,AHY,Quebec,Chaleur Bay,-69.48283056,44.49221507,19.0,10/9/2010,10/28/2010,282,301,F,2010,5,14.0,F,F,MD,WM,89,1,3.120704107,0.052054795,5.90952381,0.045454545,0.000510725,9
37516_1,BLSC,W,W1,1,M,AHY,Quebec,Chaleur Bay,-76.64964526,35.10548775,119.0416667,11/5/2010,3/4/2011,309,63,W,2010,8,5.0,W,F,WM,WM,89,1,3.120704107,0.326141553,5.90952381,0.045454545,0.000510725,7
37516_1,BLSC,W,W2,1,M,AHY,Quebec,Chaleur Bay,-75.13385783,38.83628406,14.95833333,3/8/2011,3/23/2011,67,82,W,2011,3,8.0,W,W,WD,W,89,1,3.120704107,0.040981735,5.90952381,0.045454545,0.000510725,7
37516_1,BLSC,W,W3,1,M,AHY,Quebec,Chaleur Bay,-72.16246051,41.206402,8.0,3/27/2011,4/4/2011,86,94,W,2011,2,3.0,W,W,WD,W,89,1,3.120704107,0.021917808,5.90952381,0.045454545,0.000510725,8
37516_1,BLSC,S,S1,2,M,AHY,Quebec,Chaleur Bay,-65.92430794,48.14599802,8.0,4/13/2011,4/21/2011,103,111,S,2011,31,2.0,S,W,SM,SM,89,1,3.120704107,0.021917808,5.90952381,0.045454545,0.000510725,15
37516_1,BLSC,S,S2,2,M,AHY,Quebec,Chaleur Bay,-66.4194632,48.11029777,14.0,4/22/2011,5/6/2011,112,126,S,2011,31,31.0,S,S,SD,SM,89,1,3.120704107,0.038356164,5.90952381,0.045454545,0.000510725,15
37516_1,BLSC,BM,St,2,M,AHY,Quebec,Chaleur Bay,-87.56369393,55.17671684,19.0,5/13/2011,6/1/2011,133,152,S,2011,29,31.0,S,S,SD,SM,89,1,3.120704107,0.052054795,5.90952381,0.045454545,0.000510725,23
37516_1,BLSC,B,B1,2,M,AHY,Quebec,Chaleur Bay,-100.8054203,60.69591483,20.0,6/10/2011,6/30/2011,161,181,B,2011,21,29.0,B,S,SM,SM,89,1,3.120704107,0.054794521,5.90952381,0.045454545,0.000510725,5
37516_1,BLSC,M,M1,2,M,AHY,Quebec,Chaleur Bay,-90.5886361,57.23414351,74.0,7/6/2011,9/18/2011,187,261,F,2011,29,21.0,F,B,WM,WM,89,1,3.120704107,0.202739726,5.90952381,0.045454545,0.000510725,23
37516_1,BLSC,M,M2,2,M,AHY,Quebec,Chaleur Bay,-91.93039661,57.17411614,23.0,9/19/2011,10/12/2011,262,285,F,2011,29,29.0,F,F,MD,WM,89,1,3.120704107,0.063013699,5.90952381,0.045454545,0.000510725,24
37516_1,BLSC,W,W1,2,M,AHY,Quebec,Chaleur Bay,-76.8190751,35.02987056,122.0,11/8/2011,3/9/2012,312,69,W,2011,8,29.0,W,F,WM,WM,89,1,3.120704107,0.334246575,5.90952381,0.045454545,0.000510725,7
37516_1,BLSC,S,S1,3,M,AHY,Quebec,Chaleur Bay,-64.4968646,46.31654007,9.0,4/8/2012,4/17/2012,99,108,S,2012,12,8.0,S,W,SM,SM,89,1,3.120704107,0.024657534,5.90952381,0.045454545,0.000510725,14
37516_1,BLSC,S,S2,3,M,AHY,Quebec,Chaleur Bay,-66.04958818,48.16165121,10.0,4/24/2012,5/4/2012,115,125,S,2012,31,12.0,S,S,SD,SM,89,1,3.120704107,0.02739726,5.90952381,0.045454545,0.000510725,15
37516_1,BLSC,B,B1,3,M,AHY,Quebec,Chaleur Bay,-100.7628187,60.70670649,17.0,6/14/2012,7/1/2012,166,183,B,2012,21,31.0,B,S,SM,SM,89,1,3.120704107,0.046575342,5.90952381,0.045454545,0.000510725,5
37516_1,BLSC,M,M1,3,M,AHY,Quebec,Chaleur Bay,-91.51143659,57.20376386,57.0,7/11/2012,9/6/2012,193,250,F,2012,29,21.0,F,B,WM,WM,89,1,3.120704107,0.156164384,5.90952381,0.045454545,0.000510725,24
37516_1,BLSC,M,M2,3,M,AHY,Quebec,Chaleur Bay,-92.20938483,57.17608453,7.0,9/7/2012,9/14/2012,251,258,F,2012,29,29.0,F,F,MD,WM,89,1,3.120704107,0.019178082,5.90952381,0.045454545,0.000510725,24
37516_1,BLSC,M,M3,3,M,AHY,Quebec,Chaleur Bay,-80.50274884,52.91185396,15.0,9/25/2012,10/10/2012,269,284,F,2012,14,29.0,F,F,MD,WM,89,1,3.120704107,0.04109589,5.90952381,0.045454545,0.000510725,19
37516_1,BLSC,W,W1,3,M,AHY,Quebec,Chaleur Bay,-76.25810047,35.63263902,152.9583333,11/21/2012,4/23/2013,326,113,W,2012,8,14.0,W,F,WM,WM,89,1,3.120704107,0.419063927,5.90952381,0.045454545,0.000510725,7
37619_1,BLSC,S,S2,1,M,AHY,Quebec,Chaleur Bay,-65.31305704,50.30781184,14.0,6/17/2010,7/1/2010,168,182,S,2010,15,31.0,S,S,SD,SM,89,1,3.120704107,0.038356164,5.90952381,0.052631579,0.000591366,15
37619_1,BLSC,M,M1,1,M,AHY,Quebec,Chaleur Bay,-79.44597011,54.09060887,89.0,7/15/2010,10/12/2010,196,285,F,2010,23,15.0,F,S,SM,SM,89,1,3.120704107,0.243835616,5.90952381,0.052631579,0.000591366,19
37619_1,BLSC,W,W1,1,M,AHY,Quebec,Chaleur Bay,-69.968442,41.41187543,2.0,11/4/2010,11/6/2010,308,310,W,2010,1,23.0,W,F,WM,WM,89,1,3.120704107,0.005479452,5.90952381,0.052631579,0.000591366,8
37619_1,BLSC,W,W2,1,M,AHY,Quebec,Chaleur Bay,-73.70377147,40.54422296,10.0,11/11/2010,11/21/2010,315,325,W,2010,2,1.0,W,W,WD,W,89,1,3.120704107,0.02739726,5.90952381,0.052631579,0.000591366,8
37619_1,BLSC,W,W3,1,M,AHY,Quebec,Chaleur Bay,-71.87051336,41.07624954,104.0,11/25/2010,3/9/2011,329,68,W,2010,2,2.0,W,W,WD,W,89,1,3.120704107,0.284931507,5.90952381,0.052631579,0.000591366,8
37619_1,BLSC,S,S1,2,M,AHY,Quebec,Chaleur Bay,-64.57267119,46.41788933,46.0,3/16/2011,5/1/2011,75,121,S,2011,12,2.0,S,W,SM,SM,89,1,3.120704107,0.126027397,5.90952381,0.052631579,0.000591366,14
37619_1,BLSC,BM,St,2,M,AHY,Quebec,Chaleur Bay,-64.38119442,49.01831656,4.0,5/7/2011,5/11/2011,127,131,S,2011,12,12.0,S,S,SD,SM,89,1,3.120704107,0.010958904,5.90952381,0.052631579,0.000591366,15
37619_1,BLSC,M,M1,2,M,AHY,Quebec,Chaleur Bay,-79.64654261,51.99422258,19.0,5/23/2011,6/11/2011,143,162,F,2011,14,12.0,F,S,SM,SM,89,1,3.120704107,0.052054795,5.90952381,0.052631579,0.000591366,19
37619_1,BLSC,M,M2,2,M,AHY,Quebec,Chaleur Bay,-79.37703201,54.0737176,98.0,6/16/2011,9/22/2011,167,265,F,2011,23,14.0,F,F,MD,WM,89,1,3.120704107,0.268493151,5.90952381,0.052631579,0.000591366,19
37619_1,BLSC,M,M3,2,M,AHY,Quebec,Chaleur Bay,-79.33898321,52.11523852,19.0,9/26/2011,10/15/2011,269,288,F,2011,14,23.0,F,F,MD,WM,89,1,3.120704107,0.052054795,5.90952381,0.052631579,0.000591366,19
37619_1,BLSC,WM,St,2,M,AHY,Quebec,Chaleur Bay,-69.99710845,43.25657433,9.041666667,11/2/2011,11/11/2011,306,315,F,2011,5,14.0,F,F,MD,WM,89,1,3.120704107,0.024771689,5.90952381,0.052631579,0.000591366,9
37619_1,BLSC,W,W1,2,M,AHY,Quebec,Chaleur Bay,-75.8289522,36.968916,90.0,11/30/2011,2/28/2012,334,59,W,2011,7,5.0,W,F,WM,WM,89,1,3.120704107,0.246575342,5.90952381,0.052631579,0.000591366,7
37619_1,BLSC,S,S1,3,M,AHY,Quebec,Chaleur Bay,-64.7870188,46.99028747,8.0,4/3/2012,4/11/2012,94,102,S,2012,12,7.0,S,W,SM,SM,89,1,3.120704107,0.021917808,5.90952381,0.052631579,0.000591366,14
37619_1,BLSC,S,S2,3,M,AHY,Quebec,Chaleur Bay,-67.8435871,49.12397128,15.0,4/25/2012,5/10/2012,116,131,S,2012,16,12.0,S,S,SD,SM,89,1,3.120704107,0.04109589,5.90952381,0.052631579,0.000591366,15
37619_1,BLSC,M,M1,3,M,AHY,Quebec,Chaleur Bay,-79.40594493,54.19997178,7.0,5/26/2012,6/2/2012,147,154,F,2012,23,16.0,F,S,SM,SM,89,1,3.120704107,0.019178082,5.90952381,0.052631579,0.000591366,19
37619_1,BLSC,M,M2,3,M,AHY,Quebec,Chaleur Bay,-80.47259671,52.02775766,79.0,6/8/2012,8/26/2012,160,239,F,2012,14,23.0,F,F,MD,WM,89,1,3.120704107,0.216438356,5.90952381,0.052631579,0.000591366,19
37619_1,BLSC,M,M3,3,M,AHY,Quebec,Chaleur Bay,-79.35767761,54.00426458,11.0,9/28/2012,10/9/2012,272,283,F,2012,23,14.0,F,F,MD,WM,89,1,3.120704107,0.030136986,5.90952381,0.052631579,0.000591366,19
37619_1,BLSC,W,W1,3,M,AHY,Quebec,Chaleur Bay,-74.89744464,39.03582847,50.0,12/25/2012,2/13/2013,360,44,W,2012,3,23.0,W,F,WM,WM,89,1,3.120704107,0.136986301,5.90952381,0.052631579,0.000591366,7
39069_1,BLSC,S,S2,1,M,AHY,Quebec,Chaleur Bay,-66.5410639,48.04578944,29.0,5/27/2010,6/25/2010,147,176,S,2010,31,12.0,S,S,SD,SM,89,1,3.120704107,0.079452055,5.90952381,0.05,0.000561798,15
39069_1,BLSC,S,S3,1,M,AHY,Quebec,Chaleur Bay,-68.60912736,49.00301751,90.0,6/29/2010,9/27/2010,180,270,S,2010,16,31.0,S,S,SD,SM,89,1,3.120704107,0.246575342,5.90952381,0.05,0.000561798,13
39069_1,BLSC,M,M1,1,M,AHY,Quebec,Chaleur Bay,-64.90539523,47.00453096,24.0,10/5/2010,10/29/2010,278,302,F,2010,12,16.0,F,S,SM,SM,89,1,3.120704107,0.065753425,5.90952381,0.05,0.000561798,14
39069_1,BLSC,W,W1,1,M,AHY,Quebec,Chaleur Bay,-71.60222121,41.08212267,10.04166667,11/6/2010,11/16/2010,310,320,W,2010,2,12.0,W,F,WM,WM,89,1,3.120704107,0.027511416,5.90952381,0.05,0.000561798,8
39069_1,BLSC,W,W2,1,M,AHY,Quebec,Chaleur Bay,-70.03177642,41.50111313,45.0,11/21/2010,1/5/2011,325,5,W,2010,1,2.0,W,W,WD,W,89,1,3.120704107,0.123287671,5.90952381,0.05,0.000561798,8
39069_1,BLSC,W,W3,1,M,AHY,Quebec,Chaleur Bay,-71.78093935,41.12253099,59.0,1/9/2011,3/9/2011,9,68,W,2011,2,1.0,W,W,WD,W,89,1,3.120704107,0.161643836,5.90952381,0.05,0.000561798,8
39069_1,BLSC,S,S1,2,M,AHY,Quebec,Chaleur Bay,-64.86500491,46.92752642,34.0,3/20/2011,4/23/2011,79,113,S,2011,12,2.0,S,W,SM,SM,89,1,3.120704107,0.093150685,5.90952381,0.05,0.000561798,14
39069_1,BLSC,S,S2,2,M,AHY,Quebec,Chaleur Bay,-66.47299379,48.08073673,12.0,4/27/2011,5/9/2011,117,129,S,2011,31,12.0,S,S,SD,SM,89,1,3.120704107,0.032876712,5.90952381,0.05,0.000561798,15
39069_1,BLSC,B,B1,2,M,AHY,Quebec,Chaleur Bay,-89.527134,56.88715024,109.0,5/25/2011,9/11/2011,145,254,B,2011,29,31.0,B,S,SM,SM,89,1,3.120704107,0.298630137,5.90952381,0.05,0.000561798,23
39069_1,BLSC,B,B2,2,M,AHY,Quebec,Chaleur Bay,-90.21991209,57.10085236,37.0,6/5/2011,7/12/2011,156,193,B,2011,29,29.0,B,B,BD,B,89,1,3.120704107,0.101369863,5.90952381,0.05,0.000561798,23
39069_1,BLSC,M,M1,2,M,AHY,Quebec,Chaleur Bay,-82.29499815,54.27751331,33.0,9/18/2011,10/21/2011,261,294,F,2011,30,29.0,F,B,WM,WM,89,1,3.120704107,0.090410959,5.90952381,0.05,0.000561798,19
39069_1,BLSC,W,W1,2,M,AHY,Quebec,Chaleur Bay,-68.36528225,49.00464048,42.04166667,11/1/2011,12/13/2011,305,347,W,2011,16,30.0,W,F,WM,WM,89,1,3.120704107,0.115182648,5.90952381,0.05,0.000561798,13
39069_1,BLSC,W,W2,2,M,AHY,Quebec,Chaleur Bay,-72.46274385,40.75554316,14.0,12/22/2011,1/5/2012,356,5,W,2011,2,16.0,W,W,WD,W,89,1,3.120704107,0.038356164,5.90952381,0.05,0.000561798,8
39069_1,BLSC,W,W3,2,M,AHY,Quebec,Chaleur Bay,-71.7627463,41.09991652,53.0,1/6/2012,2/28/2012,6,59,W,2012,2,2.0,W,W,WD,W,89,1,3.120704107,0.145205479,5.90952381,0.05,0.000561798,8
39069_1,BLSC,S,S1,3,M,AHY,Quebec,Chaleur Bay,-64.00555686,46.82619501,24.95833333,3/10/2012,4/4/2012,70,95,S,2012,12,2.0,S,W,SM,SM,89,1,3.120704107,0.068378995,5.90952381,0.05,0.000561798,14
39069_1,BLSC,S,S2,3,M,AHY,Quebec,Chaleur Bay,-66.20018446,48.01063246,20.0,4/6/2012,4/26/2012,97,117,S,2012,31,12.0,S,S,SD,SM,89,1,3.120704107,0.054794521,5.90952381,0.05,0.000561798,15
39069_1,BLSC,S,S3,3,M,AHY,Quebec,Chaleur Bay,-68.02890569,49.17504717,11.0,5/3/2012,5/14/2012,124,135,S,2012,16,31.0,S,S,SD,SM,89,1,3.120704107,0.030136986,5.90952381,0.05,0.000561798,15
39069_1,BLSC,M,M1,3,M,AHY,Quebec,Chaleur Bay,-80.92975317,52.47204051,138.0,5/21/2012,10/6/2012,142,280,F,2012,14,16.0,F,S,SM,SM,89,1,3.120704107,0.378082192,5.90952381,0.05,0.000561798,19
39069_1,BLSC,W,W1,3,M,AHY,Quebec,Chaleur Bay,-69.88658522,41.39920366,105.0416667,10/17/2012,1/30/2013,291,30,W,2012,1,14.0,W,F,WM,WM,89,1,3.120704107,0.287785388,5.90952381,0.05,0.000561798,8
39076_1,BLSC,BM,St,1,F,SY,Quebec,Chaleur Bay,-83.84650374,54.83225528,29.0,6/1/2010,6/30/2010,152,181,S,2010,30,31.0,S,S,SD,SM,89,1,3.120704107,0.079452055,6.612788633,0.05,0.000561798,23
39076_1,BLSC,B,B1,1,F,SY,Quebec,Chaleur Bay,-107.1188388,63.98409647,36.0,7/8/2010,8/13/2010,189,225,B,2010,24,30.0,B,S,SM,SM,89,1,3.120704107,0.098630137,6.612788633,0.05,0.000561798,2
39076_1,BLSC,M,M1,1,F,SY,Quebec,Chaleur Bay,-90.77813675,57.29965999,37.0,8/24/2010,9/30/2010,236,273,F,2010,29,24.0,F,B,WM,WM,89,1,3.120704107,0.101369863,6.612788633,0.05,0.000561798,23
39076_1,BLSC,M,M2,1,F,SY,Quebec,Chaleur Bay,-85.68534333,55.68553487,2.0,10/7/2010,10/9/2010,280,282,F,2010,29,29.0,F,F,MD,WM,89,1,3.120704107,0.005479452,6.612788633,0.05,0.000561798,23
39076_1,BLSC,M,M3,1,F,SY,Quebec,Chaleur Bay,-79.83468067,51.87629736,10.0,10/16/2010,10/26/2010,289,299,F,2010,14,29.0,F,F,MD,WM,89,1,3.120704107,0.02739726,6.612788633,0.05,0.000561798,19
39076_1,BLSC,WM,St,1,F,SY,Quebec,Chaleur Bay,-73.14406037,40.64875879,0.0,11/6/2010,11/6/2010,310,310,F,2010,2,14.0,F,F,MD,WM,89,1,3.120704107,0.0,6.612788633,0.05,0.000561798,8
39076_1,BLSC,W,W1,1,F,SY,Quebec,Chaleur Bay,-75.11540706,39.14567767,7.0,11/10/2010,11/17/2010,314,321,W,2010,3,2.0,W,F,WM,WM,89,1,3.120704107,0.019178082,6.612788633,0.05,0.000561798,7
39076_1,BLSC,W,W2,1,F,SY,Quebec,Chaleur Bay,-71.75382454,41.10394765,146.9583333,11/21/2010,4/17/2011,325,107,W,2010,2,3.0,W,W,WD,W,89,1,3.120704107,0.402625571,6.612788633,0.05,0.000561798,8
39076_1,BLSC,S,S1,2,F,SY,Quebec,Chaleur Bay,-68.57469694,44.20938848,139.0,4/21/2011,9/7/2011,111,250,S,2011,5,2.0,S,W,SM,SM,89,1,3.120704107,0.380821918,6.612788633,0.05,0.000561798,9
39076_1,BLSC,M,M1,2,F,SY,Quebec,Chaleur Bay,-67.68231082,49.23390337,7.0,9/13/2011,9/20/2011,256,263,F,2011,16,5.0,F,S,SM,SM,89,1,3.120704107,0.019178082,6.612788633,0.05,0.000561798,15
39076_1,BLSC,M,M2,2,F,SY,Quebec,Chaleur Bay,-68.71216887,48.85083666,37.0,9/21/2011,10/28/2011,264,301,F,2011,16,16.0,F,F,MD,WM,89,1,3.120704107,0.101369863,6.612788633,0.05,0.000561798,13
39076_1,BLSC,W,W1,2,F,SY,Quebec,Chaleur Bay,-71.16578528,41.2744346,15.04166667,11/5/2011,11/20/2011,309,324,W,2011,2,16.0,W,F,WM,WM,89,1,3.120704107,0.041210046,6.612788633,0.05,0.000561798,8
39076_1,BLSC,W,W2,2,F,SY,Quebec,Chaleur Bay,-81.11356634,31.43996019,121.9583333,11/27/2011,3/28/2012,331,88,W,2011,4,2.0,W,W,WD,W,89,1,3.120704107,0.33413242,6.612788633,0.05,0.000561798,6
39076_1,BLSC,S,S1,3,F,SY,Quebec,Chaleur Bay,-76.40677858,35.3419793,100.0,4/2/2012,7/11/2012,93,193,S,2012,8,4.0,S,W,SM,SM,89,1,3.120704107,0.273972603,6.612788633,0.05,0.000561798,7
39076_1,BLSC,S,S2,3,F,SY,Quebec,Chaleur Bay,-74.96958952,38.93779897,6.0,7/16/2012,7/22/2012,198,204,S,2012,3,8.0,S,S,SD,SM,89,1,3.120704107,0.016438356,6.612788633,0.05,0.000561798,7
39076_1,BLSC,S,S3,3,F,SY,Quebec,Chaleur Bay,-71.9156889,41.06874072,79.0,7/26/2012,10/13/2012,208,287,S,2012,2,3.0,S,S,SD,SM,89,1,3.120704107,0.216438356,6.612788633,0.05,0.000561798,8
39076_1,BLSC,W,W1,3,F,SY,Quebec,Chaleur Bay,-69.96519129,41.59453078,22.04166667,10/17/2012,11/8/2012,291,313,W,2012,1,2.0,W,S,WM,WM,89,1,3.120704107,0.060388128,6.612788633,0.05,0.000561798,8
39076_1,BLSC,W,W2,3,F,SY,Quebec,Chaleur Bay,-71.88457355,41.08777791,24.0,11/18/2012,12/12/2012,323,347,W,2012,2,1.0,W,W,WD,W,89,1,3.120704107,0.065753425,6.612788633,0.05,0.000561798,8
39076_1,BLSC,W,W3,3,F,SY,Quebec,Chaleur Bay,-70.28664738,41.3389833,116.9583333,12/16/2012,4/12/2013,351,102,W,2012,1,2.0,W,W,WD,W,89,1,3.120704107,0.32043379,6.612788633,0.05,0.000561798,8
39081_1,BLSC,S,S2,1,F,ASY,Quebec,Chaleur Bay,-66.47560929,48.07730119,129.0,5/28/2010,10/4/2010,148,277,S,2010,31,31.0,S,S,SD,SM,89,1,3.120704107,0.353424658,6.612788633,0.142857143,0.001605136,15
39081_1,BLSC,W,W1,1,F,ASY,Quebec,Chaleur Bay,-79.33114724,33.069939,30.04166667,10/18/2010,11/17/2010,291,321,W,2010,4,31.0,W,S,WM,WM,89,1,3.120704107,0.082305936,6.612788633,0.142857143,0.001605136,6
39081_1,BLSC,W,W2,1,F,ASY,Quebec,Chaleur Bay,-81.23254545,31.40143594,32.0,11/28/2010,12/30/2010,332,364,W,2010,4,4.0,W,W,WD,W,89,1,3.120704107,0.087671233,6.612788633,0.142857143,0.001605136,6
39081_1,BLSC,W,W3,1,F,ASY,Quebec,Chaleur Bay,-80.83850567,31.96332721,80.95833333,1/3/2011,3/25/2011,3,84,W,2011,4,4.0,W,W,WD,W,89,1,3.120704107,0.221803653,6.612788633,0.142857143,0.001605136,6
39081_1,BLSC,W,W4,1,F,ASY,Quebec,Chaleur Bay,-79.26459776,33.09644201,24.0,3/28/2011,4/21/2011,87,111,W,2011,4,4.0,W,W,WD,W,89,1,3.120704107,0.065753425,6.612788633,0.142857143,0.001605136,6
39081_1,BLSC,W,W5,1,F,ASY,Quebec,Chaleur Bay,-77.98597232,33.93164586,47.0,4/25/2011,6/11/2011,115,162,W,2011,4,4.0,W,W,WD,W,89,1,3.120704107,0.128767123,6.612788633,0.142857143,0.001605136,6
39082_1,BLSC,BM,St,1,M,AHY,Quebec,Chaleur Bay,-79.41999988,52.79161173,2.0,6/2/2010,6/4/2010,153,155,S,2010,14,31.0,S,S,SD,SM,89,1,3.120704107,0.005479452,5.90952381,0.037037037,0.000416146,19
39082_1,BLSC,M,M1,1,M,AHY,Quebec,Chaleur Bay,-91.05835342,57.2980523,78.0,6/15/2010,9/1/2010,166,244,F,2010,29,14.0,F,S,SM,SM,89,1,3.120704107,0.21369863,5.90952381,0.037037037,0.000416146,23
39082_1,BLSC,M,M2,1,M,AHY,Quebec,Chaleur Bay,-79.83083802,51.89811758,24.0,9/11/2010,10/5/2010,254,278,F,2010,14,29.0,F,F,MD,WM,89,1,3.120704107,0.065753425,5.90952381,0.037037037,0.000416146,19
39082_1,BLSC,W,W1,1,M,AHY,Quebec,Chaleur Bay,-76.12254076,35.31328544,43.04166667,10/15/2010,11/27/2010,288,331,W,2010,8,14.0,W,F,WM,WM,89,1,3.120704107,0.117922374,5.90952381,0.037037037,0.000416146,7
39082_1,BLSC,W,W2,1,M,AHY,Quebec,Chaleur Bay,-79.25196944,33.12501963,79.0,12/9/2010,2/26/2011,343,57,W,2010,4,8.0,W,W,WD,W,89,1,3.120704107,0.216438356,5.90952381,0.037037037,0.000416146,6
39082_1,BLSC,W,W3,1,M,AHY,Quebec,Chaleur Bay,-75.08185527,38.8491014,12.95833333,3/2/2011,3/15/2011,61,74,W,2011,3,4.0,W,W,WD,W,89,1,3.120704107,0.035502283,5.90952381,0.037037037,0.000416146,7
39082_1,BLSC,SM,St,1,M,AHY,Quebec,Chaleur Bay,-72.04755168,40.91992095,11.0,3/21/2011,4/1/2011,80,91,S,2011,2,3.0,S,W,SM,SM,89,1,3.120704107,0.030136986,5.90952381,0.037037037,0.000416146,8
39082_1,BLSC,S,S1,2,M,AHY,Quebec,Chaleur Bay,-64.78469687,47.15086086,20.0,4/6/2011,4/26/2011,96,116,S,2011,12,2.0,S,S,SD,SM,89,1,3.120704107,0.054794521,5.90952381,0.037037037,0.000416146,14
39082_1,BLSC,S,S2,2,M,AHY,Quebec,Chaleur Bay,-67.41242143,49.29556121,6.0,4/30/2011,5/6/2011,120,126,S,2011,16,12.0,S,S,SD,SM,89,1,3.120704107,0.016438356,5.90952381,0.037037037,0.000416146,15
39082_1,BLSC,BM,St,2,M,AHY,Quebec,Chaleur Bay,-79.31218709,51.7770509,8.0,5/14/2011,5/22/2011,134,142,S,2011,14,16.0,S,S,SD,SM,89,1,3.120704107,0.021917808,5.90952381,0.037037037,0.000416146,19
39082_1,BLSC,B,B1,2,M,AHY,Quebec,Chaleur Bay,-97.88757247,59.68674471,33.0,6/1/2011,7/4/2011,152,185,B,2011,18,14.0,B,S,SM,SM,89,1,3.120704107,0.090410959,5.90952381,0.037037037,0.000416146,24
39082_1,BLSC,MM,St,2,M,AHY,Quebec,Chaleur Bay,-94.59228249,58.97843678,2.0,7/8/2011,7/10/2011,189,191,F,2011,18,18.0,F,B,WM,WM,89,1,3.120704107,0.005479452,5.90952381,0.037037037,0.000416146,24
39082_1,BLSC,M,M1,2,M,AHY,Quebec,Chaleur Bay,-91.61760751,57.26375259,25.0,7/14/2011,8/8/2011,195,220,F,2011,29,18.0,F,F,MD,WM,89,1,3.120704107,0.068493151,5.90952381,0.037037037,0.000416146,24
39082_1,BLSC,M,M2,2,M,AHY,Quebec,Chaleur Bay,-90.72359975,57.28363255,33.0,8/9/2011,9/11/2011,221,254,F,2011,29,29.0,F,F,MD,WM,89,1,3.120704107,0.090410959,5.90952381,0.037037037,0.000416146,23
39082_1,BLSC,M,M3,2,M,AHY,Quebec,Chaleur Bay,-79.74823424,51.94102793,26.0,9/25/2011,10/21/2011,268,294,F,2011,14,29.0,F,F,MD,WM,89,1,3.120704107,0.071232877,5.90952381,0.037037037,0.000416146,19
39082_1,BLSC,W,W1,2,M,AHY,Quebec,Chaleur Bay,-70.20021177,41.54054018,22.04166667,10/28/2011,11/19/2011,301,323,W,2011,1,14.0,W,F,WM,WM,89,1,3.120704107,0.060388128,5.90952381,0.037037037,0.000416146,8
39082_1,BLSC,W,W2,2,M,AHY,Quebec,Chaleur Bay,-75.89461205,36.60913365,116.9583333,11/27/2011,3/23/2012,331,83,W,2011,8,1.0,W,W,WD,W,89,1,3.120704107,0.32043379,5.90952381,0.037037037,0.000416146,7
39082_1,BLSC,S,S1,3,M,AHY,Quebec,Chaleur Bay,-64.60594932,46.62930627,12.0,4/1/2012,4/13/2012,92,104,S,2012,12,8.0,S,W,SM,SM,89,1,3.120704107,0.032876712,5.90952381,0.037037037,0.000416146,14
39082_1,BLSC,S,S2,3,M,AHY,Quebec,Chaleur Bay,-66.8528948,48.25045216,22.0,4/17/2012,5/9/2012,108,130,S,2012,31,12.0,S,S,SD,SM,89,1,3.120704107,0.060273973,5.90952381,0.037037037,0.000416146,15
39082_1,BLSC,B,B1,3,M,AHY,Quebec,Chaleur Bay,-93.47986962,57.50308023,34.0,5/28/2012,7/1/2012,149,183,B,2012,18,31.0,B,S,SM,SM,89,1,3.120704107,0.093150685,5.90952381,0.037037037,0.000416146,24
39082_1,BLSC,M,M1,3,M,AHY,Quebec,Chaleur Bay,-90.70195499,57.24291104,68.0,7/5/2012,9/11/2012,187,255,F,2012,29,18.0,F,B,WM,WM,89,1,3.120704107,0.18630137,5.90952381,0.037037037,0.000416146,23
39082_1,BLSC,M,M2,3,M,AHY,Quebec,Chaleur Bay,-79.75141632,51.85935943,40.0,9/22/2012,11/1/2012,266,306,F,2012,14,29.0,F,F,MD,WM,89,1,3.120704107,0.109589041,5.90952381,0.037037037,0.000416146,19
39082_1,BLSC,W,W1,3,M,AHY,Quebec,Chaleur Bay,-75.18884104,39.08433411,15.0,11/8/2012,11/23/2012,313,328,W,2012,3,14.0,W,F,WM,WM,89,1,3.120704107,0.04109589,5.90952381,0.037037037,0.000416146,7
39082_1,BLSC,W,W2,3,M,AHY,Quebec,Chaleur Bay,-76.15540568,35.29675919,12.0,11/29/2012,12/11/2012,334,346,W,2012,8,3.0,W,W,WD,W,89,1,3.120704107,0.032876712,5.90952381,0.037037037,0.000416146,7
39082_1,BLSC,W,W3,3,M,AHY,Quebec,Chaleur Bay,-75.84537966,36.98237711,22.0,12/21/2012,1/12/2013,356,12,W,2012,7,8.0,W,W,WD,W,89,1,3.120704107,0.060273973,5.90952381,0.037037037,0.000416146,7
39082_1,BLSC,W,W4,3,M,AHY,Quebec,Chaleur Bay,-81.21697216,31.46497201,3.0,1/28/2013,1/31/2013,28,31,W,2013,4,7.0,W,W,WD,W,89,1,3.120704107,0.008219178,5.90952381,0.037037037,0.000416146,6
39085_1,BLSC,S,S2,1,M,AHY,Quebec,Chaleur Bay,-66.54509136,48.0211949,17.0,5/21/2010,6/7/2010,141,158,S,2010,31,31.0,S,S,SD,SM,89,1,3.120704107,0.046575342,5.90952381,0.125,0.001404494,15
39085_1,BLSC,M,M1,1,M,AHY,Quebec,Chaleur Bay,-78.899398,52.05572088,101.0,6/14/2010,9/23/2010,165,266,F,2010,14,31.0,F,S,SM,SM,89,1,3.120704107,0.276712329,5.90952381,0.125,0.001404494,19
39085_1,BLSC,BM,St,1,M,AHY,Quebec,Chaleur Bay,-78.81467072,51.81364056,2.0,6/14/2010,6/16/2010,165,167,S,2010,14,14.0,S,F,SM,SM,89,1,3.120704107,0.005479452,5.90952381,0.125,0.001404494,19
39085_1,BLSC,M,M2,1,M,AHY,Quebec,Chaleur Bay,-81.34705109,52.79356927,72.0,6/18/2010,8/29/2010,169,241,F,2010,14,14.0,F,S,SM,SM,89,1,3.120704107,0.197260274,5.90952381,0.125,0.001404494,19
39085_1,BLSC,M,M3,1,M,AHY,Quebec,Chaleur Bay,-78.62429378,52.33596491,23.0,9/1/2010,9/24/2010,244,267,F,2010,14,14.0,F,F,MD,WM,89,1,3.120704107,0.063013699,5.90952381,0.125,0.001404494,19
39085_1,BLSC,W,W1,1,M,AHY,Quebec,Chaleur Bay,-76.43474813,35.17302391,116.0416667,10/13/2010,2/6/2011,286,37,W,2010,8,14.0,W,F,WM,WM,89,1,3.120704107,0.317922374,5.90952381,0.125,0.001404494,7
39085_1,BLSC,W,W2,1,M,AHY,Quebec,Chaleur Bay,-77.09895755,34.95360309,61.0,12/7/2010,2/6/2011,341,37,W,2010,8,8.0,W,W,WD,W,89,1,3.120704107,0.167123288,5.90952381,0.125,0.001404494,7
39089_1,BLSC,S,S2,1,M,AHY,Quebec,Chaleur Bay,-64.70872425,48.3080369,6.0,5/21/2010,5/27/2010,141,147,S,2010,12,31.0,S,S,SD,SM,89,1,3.120704107,0.016438356,5.90952381,0.0625,0.000702247,15
39089_1,BLSC,M,M1,1,M,AHY,Quebec,Chaleur Bay,-80.96317507,52.70573108,77.0,6/6/2010,8/22/2010,157,234,F,2010,14,12.0,F,S,SM,SM,89,1,3.120704107,0.210958904,5.90952381,0.0625,0.000702247,19
39089_1,BLSC,M,M2,1,M,AHY,Quebec,Chaleur Bay,-79.50022662,54.22283894,60.0,8/30/2010,10/29/2010,242,302,F,2010,23,14.0,F,F,MD,WM,89,1,3.120704107,0.164383562,5.90952381,0.0625,0.000702247,19
39089_1,BLSC,WM,St,1,M,AHY,Quebec,Chaleur Bay,-71.88139426,41.08505569,3.041666667,11/7/2010,11/10/2010,311,314,F,2010,2,23.0,F,F,MD,WM,89,1,3.120704107,0.008333333,5.90952381,0.0625,0.000702247,8
39089_1,BLSC,W,W1,1,M,AHY,Quebec,Chaleur Bay,-76.0686525,37.85586177,20.0,11/16/2010,12/6/2010,320,340,W,2010,7,2.0,W,F,WM,WM,89,1,3.120704107,0.054794521,5.90952381,0.0625,0.000702247,7
39089_1,BLSC,W,W2,1,M,AHY,Quebec,Chaleur Bay,-75.05470082,38.89108139,49.0,12/9/2010,1/27/2011,343,27,W,2010,3,7.0,W,W,WD,W,89,1,3.120704107,0.134246575,5.90952381,0.0625,0.000702247,7
39089_1,BLSC,W,W3,1,M,AHY,Quebec,Chaleur Bay,-71.8248893,41.14995576,28.0,1/31/2011,2/28/2011,31,59,W,2011,2,3.0,W,W,WD,W,89,1,3.120704107,0.076712329,5.90952381,0.0625,0.000702247,8
39089_1,BLSC,W,W4,1,M,AHY,Quebec,Chaleur Bay,-75.03307369,38.67542063,8.0,3/4/2011,3/12/2011,63,71,W,2011,3,2.0,W,W,WD,W,89,1,3.120704107,0.021917808,5.90952381,0.0625,0.000702247,7
39089_1,BLSC,S,S1,2,M,AHY,Quebec,Chaleur Bay,-60.35022697,45.59121989,15.0,3/29/2011,4/13/2011,88,103,S,2011,13,3.0,S,W,SM,SM,89,1,3.120704107,0.04109589,5.90952381,0.0625,0.000702247,15
39089_1,BLSC,S,S2,2,M,AHY,Quebec,Chaleur Bay,-65.88560345,48.13792473,18.0,4/18/2011,5/6/2011,108,126,S,2011,31,13.0,S,S,SD,SM,89,1,3.120704107,0.049315068,5.90952381,0.0625,0.000702247,15
39089_1,BLSC,BM,St,2,M,AHY,Quebec,Chaleur Bay,-81.47581419,52.61932392,9.0,5/14/2011,5/23/2011,134,143,S,2011,14,31.0,S,S,SD,SM,89,1,3.120704107,0.024657534,5.90952381,0.0625,0.000702247,19
39089_1,BLSC,B,B1,2,M,AHY,Quebec,Chaleur Bay,-107.4644943,63.09881069,24.0,6/1/2011,6/25/2011,152,176,B,2011,24,14.0,B,S,SM,SM,89,1,3.120704107,0.065753425,5.90952381,0.0625,0.000702247,2
39089_1,BLSC,B,B2,2,M,AHY,Quebec,Chaleur Bay,-106.3137001,62.98674973,13.0,6/26/2011,7/9/2011,177,190,B,2011,24,24.0,B,B,BD,B,89,1,3.120704107,0.035616438,5.90952381,0.0625,0.000702247,2
39089_1,BLSC,M,M1,2,M,AHY,Quebec,Chaleur Bay,-89.56341769,57.01445185,6.0,7/16/2011,7/22/2011,197,203,F,2011,29,24.0,F,B,WM,WM,89,1,3.120704107,0.016438356,5.90952381,0.0625,0.000702247,23
39089_1,BLSC,M,M2,2,M,AHY,Quebec,Chaleur Bay,-88.63125344,56.78999,22.0,7/23/2011,8/14/2011,204,226,F,2011,29,29.0,F,F,MD,WM,89,1,3.120704107,0.060273973,5.90952381,0.0625,0.000702247,23
39090_1,BLSC,S,S2,1,F,ASY,Quebec,Chaleur Bay,-68.0280021,49.19441587,8.0,5/29/2010,6/6/2010,149,157,S,2010,16,31.0,S,S,SD,SM,89,1,3.120704107,0.021917808,6.612788633,0.041666667,0.000468165,15
39090_1,BLSC,M,M1,1,F,ASY,Quebec,Chaleur Bay,-78.60840154,52.54876813,5.0,6/13/2010,6/18/2010,164,169,F,2010,14,16.0,F,S,SM,SM,89,1,3.120704107,0.01369863,6.612788633,0.041666667,0.000468165,19
39090_1,BLSC,M,M2,1,F,ASY,Quebec,Chaleur Bay,-82.10436881,53.74101619,14.0,6/22/2010,7/6/2010,173,187,F,2010,30,14.0,F,F,MD,WM,89,1,3.120704107,0.038356164,6.612788633,0.041666667,0.000468165,19
39090_1,BLSC,M,M3,1,F,ASY,Quebec,Chaleur Bay,-80.5269936,51.75225491,96.0,7/10/2010,10/14/2010,191,287,F,2010,14,30.0,F,F,MD,WM,89,1,3.120704107,0.263013699,6.612788633,0.041666667,0.000468165,19
39090_1,BLSC,W,W1,1,F,ASY,Quebec,Chaleur Bay,-69.86369709,41.3086735,18.04166667,10/22/2010,11/9/2010,295,313,W,2010,1,14.0,W,F,WM,WM,89,1,3.120704107,0.049429224,6.612788633,0.041666667,0.000468165,8
39090_1,BLSC,W,W2,1,F,ASY,Quebec,Chaleur Bay,-70.43444326,41.36246049,33.0,11/13/2010,12/16/2010,317,350,W,2010,1,1.0,W,W,WD,W,89,1,3.120704107,0.090410959,6.612788633,0.041666667,0.000468165,8
39090_1,BLSC,W,W3,1,F,ASY,Quebec,Chaleur Bay,-71.81742384,41.08843632,100.9583333,12/19/2010,3/30/2011,353,89,W,2010,2,1.0,W,W,WD,W,89,1,3.120704107,0.276598174,6.612788633,0.041666667,0.000468165,8
39090_1,BLSC,S,S1,2,F,ASY,Quebec,Chaleur Bay,-65.0384921,47.13751637,15.0,4/6/2011,4/21/2011,96,111,S,2011,12,2.0,S,W,SM,SM,89,1,3.120704107,0.04109589,6.612788633,0.041666667,0.000468165,14
39090_1,BLSC,S,S2,2,F,ASY,Quebec,Chaleur Bay,-66.24719901,47.99075513,25.0,4/22/2011,5/17/2011,112,137,S,2011,31,12.0,S,S,SD,SM,89,1,3.120704107,0.068493151,6.612788633,0.041666667,0.000468165,15
39090_1,BLSC,B,B1,2,F,ASY,Quebec,Chaleur Bay,-98.99647082,59.82000036,10.0,6/1/2011,6/11/2011,152,162,B,2011,18,31.0,B,S,SM,SM,89,1,3.120704107,0.02739726,6.612788633,0.041666667,0.000468165,24
39090_1,BLSC,B,B2,2,F,ASY,Quebec,Chaleur Bay,-96.20647588,60.27035406,43.0,6/15/2011,7/28/2011,166,209,B,2011,18,18.0,B,B,BD,B,89,1,3.120704107,0.117808219,6.612788633,0.041666667,0.000468165,24
39090_1,BLSC,M,M1,2,F,ASY,Quebec,Chaleur Bay,-80.60788789,52.88722083,55.0,8/15/2011,10/9/2011,227,282,F,2011,14,18.0,F,B,WM,WM,89,1,3.120704107,0.150684932,6.612788633,0.041666667,0.000468165,19
39090_1,BLSC,M,M2,2,F,ASY,Quebec,Chaleur Bay,-79.27365331,51.88017431,11.0,10/12/2011,10/23/2011,285,296,F,2011,14,14.0,F,F,MD,WM,89,1,3.120704107,0.030136986,6.612788633,0.041666667,0.000468165,19
39090_1,BLSC,W,W1,2,F,ASY,Quebec,Chaleur Bay,-75.87752349,36.94789806,136.0,11/5/2011,3/20/2012,309,80,W,2011,7,14.0,W,F,WM,WM,89,1,3.120704107,0.37260274,6.612788633,0.041666667,0.000468165,7
39090_1,BLSC,S,S1,3,F,ASY,Quebec,Chaleur Bay,-70.37391827,41.3252404,13.0,3/26/2012,4/8/2012,86,99,S,2012,1,7.0,S,W,SM,SM,89,1,3.120704107,0.035616438,6.612788633,0.041666667,0.000468165,8
39090_1,BLSC,S,S2,3,F,ASY,Quebec,Chaleur Bay,-66.1540619,48.2642987,21.0,4/17/2012,5/8/2012,108,129,S,2012,31,1.0,S,S,SD,SM,89,1,3.120704107,0.057534247,6.612788633,0.041666667,0.000468165,15
39090_1,BLSC,BM,St,3,F,ASY,Quebec,Chaleur Bay,-81.26443612,52.72541011,6.0,5/17/2012,5/23/2012,138,144,S,2012,14,31.0,S,S,SD,SM,89,1,3.120704107,0.016438356,6.612788633,0.041666667,0.000468165,19
39090_1,BLSC,B,B1,3,F,ASY,Quebec,Chaleur Bay,-96.25408662,60.28348118,61.0,5/31/2012,7/31/2012,152,213,B,2012,18,14.0,B,S,SM,SM,89,1,3.120704107,0.167123288,6.612788633,0.041666667,0.000468165,24
39090_1,BLSC,MM,St,3,F,ASY,Quebec,Chaleur Bay,-89.47235713,56.98011163,5.0,8/4/2012,8/9/2012,217,222,F,2012,29,18.0,F,B,WM,WM,89,1,3.120704107,0.01369863,6.612788633,0.041666667,0.000468165,23
39090_1,BLSC,M,M1,3,F,ASY,Quebec,Chaleur Bay,-80.66024389,52.91621925,50.0,8/23/2012,10/12/2012,236,286,F,2012,14,29.0,F,F,MD,WM,89,1,3.120704107,0.136986301,6.612788633,0.041666667,0.000468165,19
39090_1,BLSC,M,M2,3,F,ASY,Quebec,Chaleur Bay,-79.31723255,52.64054437,13.0,10/13/2012,10/26/2012,287,300,F,2012,14,14.0,F,F,MD,WM,89,1,3.120704107,0.035616438,6.612788633,0.041666667,0.000468165,19
39090_1,BLSC,W,W1,3,F,ASY,Quebec,Chaleur Bay,-70.62495686,41.20471298,19.0,11/9/2012,11/28/2012,314,333,W,2012,1,14.0,W,F,WM,WM,89,1,3.120704107,0.052054795,6.612788633,0.041666667,0.000468165,8
39090_1,BLSC,W,W2,3,F,ASY,Quebec,Chaleur Bay,-75.69080261,37.2859806,116.9583333,12/5/2012,4/1/2013,340,91,W,2012,7,1.0,W,W,WD,W,89,1,3.120704107,0.32043379,6.612788633,0.041666667,0.000468165,7
39099_1,BLSC,B,B1,1,F,ASY,Quebec,Chaleur Bay,-77.65716176,58.61346198,56.0,6/10/2010,8/5/2010,161,217,B,2010,19,31.0,B,S,SM,SM,89,1,3.120704107,0.153424658,6.612788633,0.071428571,0.000802568,22
39099_1,BLSC,M,M1,1,F,ASY,Quebec,Chaleur Bay,-78.73463045,52.31639188,68.0,8/11/2010,10/18/2010,223,291,F,2010,14,19.0,F,B,WM,WM,89,1,3.120704107,0.18630137,6.612788633,0.071428571,0.000802568,19
39099_1,BLSC,W,W1,1,F,ASY,Quebec,Chaleur Bay,-76.2656801,35.15516011,4.0,10/26/2010,10/30/2010,299,303,W,2010,8,14.0,W,F,WM,WM,89,1,3.120704107,0.010958904,6.612788633,0.071428571,0.000802568,7
39099_1,BLSC,W,W2,1,F,ASY,Quebec,Chaleur Bay,-79.29956387,33.04849931,22.04166667,11/3/2010,11/25/2010,307,329,W,2010,4,8.0,W,W,WD,W,89,1,3.120704107,0.060388128,6.612788633,0.071428571,0.000802568,6
39099_1,BLSC,W,W3,1,F,ASY,Quebec,Chaleur Bay,-80.6285139,32.19516462,47.0,11/28/2010,1/14/2011,332,14,W,2010,4,4.0,W,W,WD,W,89,1,3.120704107,0.128767123,6.612788633,0.071428571,0.000802568,6
39099_1,BLSC,W,W4,1,F,ASY,Quebec,Chaleur Bay,-80.87998117,31.94179075,64.95833333,1/15/2011,3/21/2011,15,80,W,2011,4,4.0,W,W,WD,W,89,1,3.120704107,0.177968037,6.612788633,0.071428571,0.000802568,6
39099_1,BLSC,S,S1,2,F,ASY,Quebec,Chaleur Bay,-70.56416387,41.75332384,16.0,3/26/2011,4/11/2011,85,101,S,2011,1,4.0,S,W,SM,SM,89,1,3.120704107,0.043835616,6.612788633,0.071428571,0.000802568,9
39099_1,BLSC,S,S2,2,F,ASY,Quebec,Chaleur Bay,-64.65499689,47.10062162,24.0,4/18/2011,5/12/2011,108,132,S,2011,12,1.0,S,S,SD,SM,89,1,3.120704107,0.065753425,6.612788633,0.071428571,0.000802568,14
39099_1,BLSC,BM,St,2,F,ASY,Quebec,Chaleur Bay,-80.64929092,52.67110901,6.0,5/24/2011,5/30/2011,144,150,S,2011,14,12.0,S,S,SD,SM,89,1,3.120704107,0.016438356,6.612788633,0.071428571,0.000802568,19
39099_1,BLSC,B,B1,2,F,ASY,Quebec,Chaleur Bay,-77.59248964,58.63123743,60.0,6/5/2011,8/4/2011,156,216,B,2011,19,14.0,B,S,SM,SM,89,1,3.120704107,0.164383562,6.612788633,0.071428571,0.000802568,22
39099_1,BLSC,M,M1,2,F,ASY,Quebec,Chaleur Bay,-79.50830109,54.1977036,54.0,8/11/2011,10/4/2011,223,277,F,2011,23,19.0,F,B,WM,WM,89,1,3.120704107,0.147945205,6.612788633,0.071428571,0.000802568,19
39099_1,BLSC,M,M2,2,F,ASY,Quebec,Chaleur Bay,-79.37026876,52.15019251,15.0,10/8/2011,10/23/2011,281,296,F,2011,14,23.0,F,F,MD,WM,89,1,3.120704107,0.04109589,6.612788633,0.071428571,0.000802568,19
39099_1,BLSC,W,W1,2,F,ASY,Quebec,Chaleur Bay,-76.51130545,35.19372063,11.0,11/8/2011,11/19/2011,312,323,W,2011,8,14.0,W,F,WM,WM,89,1,3.120704107,0.030136986,6.612788633,0.071428571,0.000802568,7
39202_1,BLSC,B,B1,1,M,AHY,Quebec,Chaleur Bay,-71.6567276,56.91054435,12.0,5/30/2010,6/11/2010,150,162,B,2010,20,31.0,B,S,SM,SM,89,1,3.120704107,0.032876712,5.90952381,0.2,0.002247191,20
39202_1,BLSC,M,M1,1,M,AHY,Quebec,Chaleur Bay,-79.26180717,54.79703256,8.0,6/20/2010,6/28/2010,171,179,F,2010,23,20.0,F,B,WM,WM,89,1,3.120704107,0.021917808,5.90952381,0.2,0.002247191,19
39202_1,BLSC,M,M2,1,M,AHY,Quebec,Chaleur Bay,-80.4371467,51.66477862,65.0,7/1/2010,9/4/2010,182,247,F,2010,14,23.0,F,F,MD,WM,89,1,3.120704107,0.178082192,5.90952381,0.2,0.002247191,19
39202_1,BLSC,M,M3,1,M,AHY,Quebec,Chaleur Bay,-78.69430815,52.31891338,13.0,9/5/2010,9/18/2010,248,261,F,2010,14,14.0,F,F,MD,WM,89,1,3.120704107,0.035616438,5.90952381,0.2,0.002247191,19
39211_1,BLSC,S,S2,1,F,SY,Quebec,Chaleur Bay,-68.47625927,48.70108722,6.0,5/26/2010,6/1/2010,146,152,S,2010,16,31.0,S,S,SD,SM,89,1,3.120704107,0.016438356,6.612788633,0.083333333,0.00093633,13
39211_1,BLSC,BM,St,1,F,SY,Quebec,Chaleur Bay,-79.16348309,51.80936355,2.0,6/5/2010,6/7/2010,156,158,S,2010,14,16.0,S,S,SD,SM,89,1,3.120704107,0.005479452,6.612788633,0.083333333,0.00093633,19
39211_1,BLSC,B,B1,1,F,SY,Quebec,Chaleur Bay,-97.21467986,59.03426336,47.0,6/14/2010,7/31/2010,165,212,B,2010,18,14.0,B,S,SM,SM,89,1,3.120704107,0.128767123,6.612788633,0.083333333,0.00093633,24
39211_1,BLSC,M,M1,1,F,SY,Quebec,Chaleur Bay,-90.07768769,57.14763558,10.0,8/4/2010,8/14/2010,216,226,F,2010,29,18.0,F,B,WM,WM,89,1,3.120704107,0.02739726,6.612788633,0.083333333,0.00093633,23
39211_1,BLSC,M,M2,1,F,SY,Quebec,Chaleur Bay,-79.47347549,54.11580376,69.0,8/17/2010,10/25/2010,229,298,F,2010,23,29.0,F,F,MD,WM,89,1,3.120704107,0.189041096,6.612788633,0.083333333,0.00093633,19
39211_1,BLSC,W,W1,1,F,SY,Quebec,Chaleur Bay,-73.70763178,40.41736151,15.0,11/18/2010,12/3/2010,322,337,W,2010,2,23.0,W,F,WM,WM,89,1,3.120704107,0.04109589,6.612788633,0.083333333,0.00093633,8
39211_1,BLSC,W,W2,1,F,SY,Quebec,Chaleur Bay,-71.74343716,41.09932886,115.9583333,12/5/2010,3/31/2011,339,90,W,2010,2,2.0,W,W,WD,W,89,1,3.120704107,0.317694064,6.612788633,0.083333333,0.00093633,8
39211_1,BLSC,S,S1,2,F,SY,Quebec,Chaleur Bay,-64.65970243,46.48118083,13.0,4/8/2011,4/21/2011,98,111,S,2011,12,2.0,S,W,SM,SM,89,1,3.120704107,0.035616438,6.612788633,0.083333333,0.00093633,14
39211_1,BLSC,S,S2,2,F,SY,Quebec,Chaleur Bay,-65.96145948,47.79327533,11.0,4/23/2011,5/4/2011,113,124,S,2011,31,12.0,S,S,SD,SM,89,1,3.120704107,0.030136986,6.612788633,0.083333333,0.00093633,15
39211_1,BLSC,S,S3,2,F,SY,Quebec,Chaleur Bay,-68.7422313,48.79308656,5.0,5/10/2011,5/15/2011,130,135,S,2011,16,31.0,S,S,SD,SM,89,1,3.120704107,0.01369863,6.612788633,0.083333333,0.00093633,13
39211_1,BLSC,B,B1,2,F,SY,Quebec,Chaleur Bay,-97.16372567,59.02732866,79.0,6/1/2011,8/19/2011,152,231,B,2011,18,16.0,B,S,SM,SM,89,1,3.120704107,0.216438356,6.612788633,0.083333333,0.00093633,24
39212_1,BLSC,BM,St,1,F,ASY,Quebec,Chaleur Bay,-79.78361478,52.42883124,2.0,6/3/2010,6/5/2010,154,156,S,2010,14,31.0,S,S,SD,SM,89,1,3.120704107,0.005479452,6.612788633,0.055555556,0.00062422,19
39212_1,BLSC,B,B1,1,F,ASY,Quebec,Chaleur Bay,-75.55850878,59.21868806,66.0,6/11/2010,8/16/2010,162,228,B,2010,19,14.0,B,S,SM,SM,89,1,3.120704107,0.180821918,6.612788633,0.055555556,0.00062422,21
39212_1,BLSC,M,M1,1,F,ASY,Quebec,Chaleur Bay,-79.51446375,54.34497655,68.0,8/23/2010,10/30/2010,235,303,F,2010,23,19.0,F,B,WM,WM,89,1,3.120704107,0.18630137,6.612788633,0.055555556,0.00062422,19
39212_1,BLSC,W,W1,1,F,ASY,Quebec,Chaleur Bay,-79.31480842,33.0478852,29.0,11/12/2010,12/11/2010,316,345,W,2010,4,23.0,W,F,WM,WM,89,1,3.120704107,0.079452055,6.612788633,0.055555556,0.00062422,6
39212_1,BLSC,W,W2,1,F,ASY,Quebec,Chaleur Bay,-80.6441421,32.14384767,37.0,12/14/2010,1/20/2011,348,20,W,2010,4,4.0,W,W,WD,W,89,1,3.120704107,0.101369863,6.612788633,0.055555556,0.00062422,6
39212_1,BLSC,W,W3,1,F,ASY,Quebec,Chaleur Bay,-81.00859663,31.77223737,49.0,1/23/2011,3/13/2011,23,72,W,2011,4,4.0,W,W,WD,W,89,1,3.120704107,0.134246575,6.612788633,0.055555556,0.00062422,6
39212_1,BLSC,S,S1,2,F,ASY,Quebec,Chaleur Bay,-72.23338642,41.1281973,18.0,3/21/2011,4/8/2011,80,98,S,2011,2,4.0,S,W,SM,SM,89,1,3.120704107,0.049315068,6.612788633,0.055555556,0.00062422,8
39212_1,BLSC,S,S2,2,F,ASY,Quebec,Chaleur Bay,-65.02987658,46.94794608,25.0,4/15/2011,5/10/2011,105,130,S,2011,12,2.0,S,S,SD,SM,89,1,3.120704107,0.068493151,6.612788633,0.055555556,0.00062422,14
39212_1,BLSC,BM,St,2,F,ASY,Quebec,Chaleur Bay,-79.53787221,54.06366704,10.0,5/23/2011,6/2/2011,143,153,S,2011,23,12.0,S,S,SD,SM,89,1,3.120704107,0.02739726,6.612788633,0.055555556,0.00062422,19
39212_1,BLSC,B,B1,2,F,ASY,Quebec,Chaleur Bay,-75.56034408,59.21753257,69.0,6/6/2011,8/14/2011,157,226,B,2011,19,23.0,B,S,SM,SM,89,1,3.120704107,0.189041096,6.612788633,0.055555556,0.00062422,21
39212_1,BLSC,M,M1,2,F,ASY,Quebec,Chaleur Bay,-79.50857005,54.18147385,46.0,8/20/2011,10/5/2011,232,278,F,2011,23,19.0,F,B,WM,WM,89,1,3.120704107,0.126027397,6.612788633,0.055555556,0.00062422,19
39212_1,BLSC,M,M2,2,F,ASY,Quebec,Chaleur Bay,-79.19971809,53.48554978,22.0,10/8/2011,10/30/2011,281,303,F,2011,23,23.0,F,F,MD,WM,89,1,3.120704107,0.060273973,6.612788633,0.055555556,0.00062422,19
39212_1,BLSC,W,W1,2,F,ASY,Quebec,Chaleur Bay,-81.23202978,31.31568551,100.0,11/19/2011,2/27/2012,323,58,W,2011,4,23.0,W,F,WM,WM,89,1,3.120704107,0.273972603,6.612788633,0.055555556,0.00062422,6
39212_1,BLSC,S,S1,3,F,ASY,Quebec,Chaleur Bay,-76.28842123,35.14788335,22.95833333,3/2/2012,3/25/2012,62,85,S,2012,8,4.0,S,W,SM,SM,89,1,3.120704107,0.062899543,6.612788633,0.055555556,0.00062422,7
39212_1,BLSC,S,S2,3,F,ASY,Quebec,Chaleur Bay,-68.22964336,44.22722332,15.0,4/6/2012,4/21/2012,97,112,S,2012,5,8.0,S,S,SD,SM,89,1,3.120704107,0.04109589,6.612788633,0.055555556,0.00062422,9
39212_1,BLSC,S,S3,3,F,ASY,Quebec,Chaleur Bay,-64.9050801,48.07820555,16.0,4/26/2012,5/12/2012,117,133,S,2012,12,5.0,S,S,SD,SM,89,1,3.120704107,0.043835616,6.612788633,0.055555556,0.00062422,15
39212_1,BLSC,BM,St,3,F,ASY,Quebec,Chaleur Bay,-79.13900062,54.41163268,4.0,5/28/2012,6/1/2012,149,153,S,2012,23,12.0,S,S,SD,SM,89,1,3.120704107,0.010958904,6.612788633,0.055555556,0.00062422,19
39230_1,BLSC,BM,St,1,F,ASY,Quebec,Chaleur Bay,-80.14704632,51.49243845,2.0,6/1/2010,6/3/2010,152,154,S,2010,14,31.0,S,S,SD,SM,89,1,3.120704107,0.005479452,6.612788633,0.2,0.002247191,19
39230_1,BLSC,B,B1,1,F,ASY,Quebec,Chaleur Bay,-112.4842318,64.17673601,90.0,6/12/2010,9/10/2010,163,253,B,2010,24,14.0,B,S,SM,SM,89,1,3.120704107,0.246575342,6.612788633,0.2,0.002247191,4
39230_1,BLSC,MM,St,1,F,ASY,Quebec,Chaleur Bay,-94.83815826,59.20695719,2.0,9/15/2010,9/17/2010,258,260,F,2010,18,24.0,F,B,WM,WM,89,1,3.120704107,0.005479452,6.612788633,0.2,0.002247191,24
39230_1,BLSC,M,M1,1,F,ASY,Quebec,Chaleur Bay,-80.37384492,51.57814933,8.0,9/28/2010,10/6/2010,271,279,F,2010,14,18.0,F,F,MD,WM,89,1,3.120704107,0.021917808,6.612788633,0.2,0.002247191,19
39233_1,BLSC,S,S2,1,F,ASY,Quebec,Chaleur Bay,-67.14664269,49.71566383,2.0,6/1/2010,6/3/2010,152,154,S,2010,16,31.0,S,S,SD,SM,89,1,3.120704107,0.005479452,6.612788633,0.03125,0.000351124,15
39233_1,BLSC,BM,St,1,F,ASY,Quebec,Chaleur Bay,-80.67553074,52.65214128,4.0,6/12/2010,6/16/2010,163,167,S,2010,14,16.0,S,S,SD,SM,89,1,3.120704107,0.010958904,6.612788633,0.03125,0.000351124,19
39233_1,BLSC,B,B1,1,F,ASY,Quebec,Chaleur Bay,-96.37613072,60.7041758,31.0,6/28/2010,7/29/2010,179,210,B,2010,18,14.0,B,S,SM,SM,89,1,3.120704107,0.084931507,6.612788633,0.03125,0.000351124,24
39233_1,BLSC,M,M1,1,F,ASY,Quebec,Chaleur Bay,-89.92709918,57.09024879,8.0,8/4/2010,8/12/2010,216,224,F,2010,29,18.0,F,B,WM,WM,89,1,3.120704107,0.021917808,6.612788633,0.03125,0.000351124,23
39233_1,BLSC,M,M2,1,F,ASY,Quebec,Chaleur Bay,-80.71403118,52.99497219,61.0,8/19/2010,10/19/2010,231,292,F,2010,14,29.0,F,F,MD,WM,89,1,3.120704107,0.167123288,6.612788633,0.03125,0.000351124,19
39233_1,BLSC,M,M3,1,F,ASY,Quebec,Chaleur Bay,-79.71527367,52.07756506,10.0,10/21/2010,10/31/2010,294,304,F,2010,14,14.0,F,F,MD,WM,89,1,3.120704107,0.02739726,6.612788633,0.03125,0.000351124,19
39233_1,BLSC,W,W1,1,F,ASY,Quebec,Chaleur Bay,-79.3206449,33.07987018,25.0,11/14/2010,12/9/2010,318,343,W,2010,4,14.0,W,F,WM,WM,89,1,3.120704107,0.068493151,6.612788633,0.03125,0.000351124,6
39233_1,BLSC,W,W2,1,F,ASY,Quebec,Chaleur Bay,-80.84775395,31.91067703,90.0,12/10/2010,3/10/2011,344,69,W,2010,4,4.0,W,W,WD,W,89,1,3.120704107,0.246575342,6.612788633,0.03125,0.000351124,6
39233_1,BLSC,SM,St,1,F,ASY,Quebec,Chaleur Bay,-79.26319025,32.9797262,2.0,3/14/2011,3/16/2011,73,75,S,2011,4,4.0,S,W,SM,SM,89,1,3.120704107,0.005479452,6.612788633,0.03125,0.000351124,6
39233_1,BLSC,S,S1,2,F,ASY,Quebec,Chaleur Bay,-71.53408481,41.28193219,19.0,3/25/2011,4/13/2011,84,103,S,2011,2,4.0,S,S,SD,SM,89,1,3.120704107,0.052054795,6.612788633,0.03125,0.000351124,8
39233_1,BLSC,S,S2,2,F,ASY,Quebec,Chaleur Bay,-64.84903737,47.52998309,18.0,4/22/2011,5/10/2011,112,130,S,2011,12,2.0,S,S,SD,SM,89,1,3.120704107,0.049315068,6.612788633,0.03125,0.000351124,14
39233_1,BLSC,S,S3,2,F,ASY,Quebec,Chaleur Bay,-65.25749608,50.35837896,4.0,5/14/2011,5/18/2011,134,138,S,2011,15,12.0,S,S,SD,SM,89,1,3.120704107,0.010958904,6.612788633,0.03125,0.000351124,15
39233_1,BLSC,BM,St,2,F,ASY,Quebec,Chaleur Bay,-80.0362199,52.4237347,15.0,5/28/2011,6/12/2011,148,163,S,2011,14,15.0,S,S,SD,SM,89,1,3.120704107,0.04109589,6.612788633,0.03125,0.000351124,19
39233_1,BLSC,B,B1,2,F,ASY,Quebec,Chaleur Bay,-96.40353605,60.52562207,31.0,6/28/2011,7/29/2011,179,210,B,2011,18,14.0,B,S,SM,SM,89,1,3.120704107,0.084931507,6.612788633,0.03125,0.000351124,24
39233_1,BLSC,M,M1,2,F,ASY,Quebec,Chaleur Bay,-94.8115071,59.97622455,43.0,8/15/2011,9/27/2011,227,270,F,2011,18,18.0,F,B,WM,WM,89,1,3.120704107,0.117808219,6.612788633,0.03125,0.000351124,24
39233_1,BLSC,M,M2,2,F,ASY,Quebec,Chaleur Bay,-82.40579732,54.3523309,16.0,10/5/2011,10/21/2011,278,294,F,2011,30,18.0,F,F,MD,WM,89,1,3.120704107,0.043835616,6.612788633,0.03125,0.000351124,19
39233_1,BLSC,M,M3,2,F,ASY,Quebec,Chaleur Bay,-79.95636014,52.28506309,14.0,10/23/2011,11/6/2011,296,310,F,2011,14,30.0,F,F,MD,WM,89,1,3.120704107,0.038356164,6.612788633,0.03125,0.000351124,19
39233_1,BLSC,W,W1,2,F,ASY,Quebec,Chaleur Bay,-71.24488329,41.56919561,44.0,11/16/2011,12/30/2011,320,364,W,2011,2,14.0,W,F,WM,WM,89,1,3.120704107,0.120547945,6.612788633,0.03125,0.000351124,8
39233_1,BLSC,W,W2,2,F,ASY,Quebec,Chaleur Bay,-72.35219476,40.88969629,31.0,1/2/2012,2/2/2012,2,33,W,2012,2,2.0,W,W,WD,W,89,1,3.120704107,0.084931507,6.612788633,0.03125,0.000351124,8
39233_1,BLSC,W,W3,2,F,ASY,Quebec,Chaleur Bay,-73.94529161,40.35561172,48.95833333,2/6/2012,3/26/2012,37,86,W,2012,2,2.0,W,W,WD,W,89,1,3.120704107,0.13413242,6.612788633,0.03125,0.000351124,8
39233_1,BLSC,SM,St,2,F,ASY,Quebec,Chaleur Bay,-70.47307407,41.93365073,2.0,3/29/2012,3/31/2012,89,91,S,2012,1,2.0,S,W,SM,SM,89,1,3.120704107,0.005479452,6.612788633,0.03125,0.000351124,9
39233_1,BLSC,S,S1,3,F,ASY,Quebec,Chaleur Bay,-63.95438572,46.27084348,9.0,4/6/2012,4/15/2012,97,106,S,2012,12,1.0,S,S,SD,SM,89,1,3.120704107,0.024657534,6.612788633,0.03125,0.000351124,14
39233_1,BLSC,S,S2,3,F,ASY,Quebec,Chaleur Bay,-64.82318414,47.54865036,35.0,4/16/2012,5/21/2012,107,142,S,2012,12,12.0,S,S,SD,SM,89,1,3.120704107,0.095890411,6.612788633,0.03125,0.000351124,14
39233_1,BLSC,M,M1,3,F,ASY,Quebec,Chaleur Bay,-67.23785315,49.46751604,77.0,5/28/2012,8/13/2012,149,226,F,2012,16,12.0,F,S,SM,SM,89,1,3.120704107,0.210958904,6.612788633,0.03125,0.000351124,15
39233_1,BLSC,M,M2,3,F,ASY,Quebec,Chaleur Bay,-68.57201437,49.01364195,81.04166667,8/17/2012,11/6/2012,230,311,F,2012,16,16.0,F,F,MD,WM,89,1,3.120704107,0.222031963,6.612788633,0.03125,0.000351124,13
39233_1,BLSC,W,W1,3,F,ASY,Quebec,Chaleur Bay,-79.09755298,33.25705435,7.0,11/20/2012,11/27/2012,325,332,W,2012,4,16.0,W,F,WM,WM,89,1,3.120704107,0.019178082,6.612788633,0.03125,0.000351124,6
39233_1,BLSC,W,W2,3,F,ASY,Quebec,Chaleur Bay,-81.13093686,31.24870513,106.9583333,12/1/2012,3/18/2013,336,77,W,2012,4,4.0,W,W,WD,W,89,1,3.120704107,0.29303653,6.612788633,0.03125,0.000351124,6
39233_1,BLSC,S,S1,4,F,ASY,Quebec,Chaleur Bay,-74.96544235,38.70780628,17.0,3/31/2013,4/17/2013,90,107,S,2013,3,4.0,S,W,SM,SM,89,1,3.120704107,0.046575342,6.612788633,0.03125,0.000351124,7
39233_1,BLSC,S,S2,4,F,ASY,Quebec,Chaleur Bay,-72.40043631,40.78515487,6.0,4/22/2013,4/28/2013,112,118,S,2013,2,3.0,S,S,SD,SM,89,1,3.120704107,0.016438356,6.612788633,0.03125,0.000351124,8
39233_1,BLSC,S,S3,4,F,ASY,Quebec,Chaleur Bay,-71.31917208,47.64366134,5.0,5/5/2013,5/10/2013,125,130,S,2013,16,2.0,S,S,SD,SM,89,1,3.120704107,0.01369863,6.612788633,0.03125,0.000351124,13
39233_1,BLSC,BM,St,4,F,ASY,Quebec,Chaleur Bay,-80.86026529,55.13676503,32.0,5/14/2013,6/15/2013,134,166,S,2013,23,16.0,S,S,SD,SM,89,1,3.120704107,0.087671233,6.612788633,0.03125,0.000351124,22
39244_1,BLSC,S,S2,1,F,ASY,Quebec,Chaleur Bay,-67.60854053,49.27742777,8.0,5/23/2010,5/31/2010,143,151,S,2010,16,31.0,S,S,SD,SM,89,1,3.120704107,0.021917808,6.612788633,0.058823529,0.000660939,15
39244_1,BLSC,B,B1,1,F,ASY,Quebec,Chaleur Bay,-71.61335183,54.15747705,45.0,6/6/2010,7/21/2010,157,202,B,2010,20,16.0,B,S,SM,SM,89,1,3.120704107,0.123287671,6.612788633,0.058823529,0.000660939,20
39244_1,BLSC,M,M1,1,F,ASY,Quebec,Chaleur Bay,-76.21800399,56.22844329,100.0,7/25/2010,11/2/2010,206,306,F,2010,19,20.0,F,B,WM,WM,89,1,3.120704107,0.273972603,6.612788633,0.058823529,0.000660939,20
39244_1,BLSC,WM,St,1,F,ASY,Quebec,Chaleur Bay,-79.25149773,52.87817041,2.0,11/11/2010,11/13/2010,315,317,F,2010,14,19.0,F,F,MD,WM,89,1,3.120704107,0.005479452,6.612788633,0.058823529,0.000660939,19
39244_1,BLSC,W,W1,1,F,ASY,Quebec,Chaleur Bay,-69.92931812,41.22607015,54.0,11/22/2010,1/15/2011,326,15,W,2010,1,14.0,W,F,WM,WM,89,1,3.120704107,0.147945205,6.612788633,0.058823529,0.000660939,8
39244_1,BLSC,W,W2,1,F,ASY,Quebec,Chaleur Bay,-71.67653921,41.13858204,74.95833333,1/19/2011,4/4/2011,19,94,W,2011,2,1.0,W,W,WD,W,89,1,3.120704107,0.205365297,6.612788633,0.058823529,0.000660939,8
39244_1,BLSC,S,S1,2,F,ASY,Quebec,Chaleur Bay,-70.39756116,41.7746531,39.0,4/10/2011,5/19/2011,100,139,S,2011,1,2.0,S,W,SM,SM,89,1,3.120704107,0.106849315,6.612788633,0.058823529,0.000660939,9
39244_1,BLSC,BM,St,2,F,ASY,Quebec,Chaleur Bay,-68.6059896,48.85221004,4.0,5/28/2011,6/1/2011,148,152,S,2011,16,1.0,S,S,SD,SM,89,1,3.120704107,0.010958904,6.612788633,0.058823529,0.000660939,13
39244_1,BLSC,B,B1,2,F,ASY,Quebec,Chaleur Bay,-71.62930338,54.14620038,41.0,6/5/2011,7/16/2011,156,197,B,2011,20,16.0,B,S,SM,SM,89,1,3.120704107,0.112328767,6.612788633,0.058823529,0.000660939,20
39244_1,BLSC,M,M1,2,F,ASY,Quebec,Chaleur Bay,-76.27514288,56.2203681,81.0,7/22/2011,10/11/2011,203,284,F,2011,19,20.0,F,B,WM,WM,89,1,3.120704107,0.221917808,6.612788633,0.058823529,0.000660939,20
39244_1,BLSC,M,M2,2,F,ASY,Quebec,Chaleur Bay,-79.2498029,53.73906849,8.0,10/23/2011,10/31/2011,296,304,F,2011,23,19.0,F,F,MD,WM,89,1,3.120704107,0.021917808,6.612788633,0.058823529,0.000660939,19
39244_1,BLSC,WM,St,2,F,ASY,Quebec,Chaleur Bay,-72.65287786,41.53691416,1.0,11/10/2011,11/11/2011,314,315,F,2011,2,23.0,F,F,MD,WM,89,1,3.120704107,0.002739726,6.612788633,0.058823529,0.000660939,8
39244_1,BLSC,W,W1,2,F,ASY,Quebec,Chaleur Bay,-75.83296653,36.99836759,122.9583333,11/22/2011,3/24/2012,326,84,W,2011,7,2.0,W,F,WM,WM,89,1,3.120704107,0.336872146,6.612788633,0.058823529,0.000660939,7
39244_1,BLSC,S,S1,3,F,ASY,Quebec,Chaleur Bay,-64.58720782,45.65719573,20.0,4/13/2012,5/3/2012,104,124,S,2012,12,7.0,S,W,SM,SM,89,1,3.120704107,0.054794521,6.612788633,0.058823529,0.000660939,14
39244_1,BLSC,S,S2,3,F,ASY,Quebec,Chaleur Bay,-68.56309186,48.92509547,6.0,5/7/2012,5/13/2012,128,134,S,2012,16,12.0,S,S,SD,SM,89,1,3.120704107,0.016438356,6.612788633,0.058823529,0.000660939,13
39244_1,BLSC,B,B1,3,F,ASY,Quebec,Chaleur Bay,-71.61557311,54.18520265,52.0,5/23/2012,7/14/2012,144,196,B,2012,20,16.0,B,S,SM,SM,89,1,3.120704107,0.142465753,6.612788633,0.058823529,0.000660939,20
39260_1,BLSC,BM,St,1,F,ASY,Quebec,Chaleur Bay,-79.39541658,51.89197064,3.0,5/28/2010,5/31/2010,148,151,S,2010,14,31.0,S,S,SD,SM,89,1,3.120704107,0.008219178,6.612788633,0.071428571,0.000802568,19
39260_1,BLSC,B,B1,1,F,ASY,Quebec,Chaleur Bay,-97.37591093,59.77385214,51.0,6/9/2010,7/30/2010,160,211,B,2010,18,14.0,B,S,SM,SM,89,1,3.120704107,0.139726027,6.612788633,0.071428571,0.000802568,24
39260_1,BLSC,M,M1,1,F,ASY,Quebec,Chaleur Bay,-89.99912678,57.10869071,9.0,8/6/2010,8/15/2010,218,227,F,2010,29,18.0,F,B,WM,WM,89,1,3.120704107,0.024657534,6.612788633,0.071428571,0.000802568,23
39260_1,BLSC,M,M2,1,F,ASY,Quebec,Chaleur Bay,-80.89699319,53.01864581,54.0,8/19/2010,10/12/2010,231,285,F,2010,14,29.0,F,F,MD,WM,89,1,3.120704107,0.147945205,6.612788633,0.071428571,0.000802568,19
39260_1,BLSC,M,M3,1,F,ASY,Quebec,Chaleur Bay,-79.59365827,51.97591209,22.0,10/13/2010,11/4/2010,286,308,F,2010,14,14.0,F,F,MD,WM,89,1,3.120704107,0.060273973,6.612788633,0.071428571,0.000802568,19
39260_1,BLSC,W,W1,1,F,ASY,Quebec,Chaleur Bay,-79.30320746,33.05720836,8.0,11/15/2010,11/23/2010,319,327,W,2010,4,14.0,W,F,WM,WM,89,1,3.120704107,0.021917808,6.612788633,0.071428571,0.000802568,6
39260_1,BLSC,W,W2,1,F,ASY,Quebec,Chaleur Bay,-80.6722412,32.12493232,109.0,11/24/2010,3/13/2011,328,72,W,2010,4,4.0,W,W,WD,W,89,1,3.120704107,0.298630137,6.612788633,0.071428571,0.000802568,6
39260_1,BLSC,S,S1,2,F,ASY,Quebec,Chaleur Bay,-76.40395276,35.12475915,12.0,3/19/2011,3/31/2011,78,90,S,2011,8,4.0,S,W,SM,SM,89,1,3.120704107,0.032876712,6.612788633,0.071428571,0.000802568,7
39260_1,BLSC,S,S2,2,F,ASY,Quebec,Chaleur Bay,-71.95544792,41.11333175,8.0,4/6/2011,4/14/2011,96,104,S,2011,2,8.0,S,S,SD,SM,89,1,3.120704107,0.021917808,6.612788633,0.071428571,0.000802568,8
39260_1,BLSC,S,S3,2,F,ASY,Quebec,Chaleur Bay,-67.64284026,44.47464991,5.0,4/21/2011,4/26/2011,111,116,S,2011,5,2.0,S,S,SD,SM,89,1,3.120704107,0.01369863,6.612788633,0.071428571,0.000802568,9
39260_1,BLSC,S,S4,2,F,ASY,Quebec,Chaleur Bay,-64.3812983,46.32123568,7.0,4/30/2011,5/7/2011,120,127,S,2011,12,5.0,S,S,SD,SM,89,1,3.120704107,0.019178082,6.612788633,0.071428571,0.000802568,14
39260_1,BLSC,BM,St,2,F,ASY,Quebec,Chaleur Bay,-80.83432143,51.91396302,11.0,5/20/2011,5/31/2011,140,151,S,2011,14,12.0,S,S,SD,SM,89,1,3.120704107,0.030136986,6.612788633,0.071428571,0.000802568,19
39260_1,BLSC,B,B1,2,F,ASY,Quebec,Chaleur Bay,-97.34113913,59.76015654,42.0,6/9/2011,7/21/2011,160,202,B,2011,18,14.0,B,S,SM,SM,89,1,3.120704107,0.115068493,6.612788633,0.071428571,0.000802568,24
39268_1,BLSC,B,B1,1,F,ASY,Quebec,Chaleur Bay,-72.07439955,56.55184039,21.0,7/1/2010,7/22/2010,182,203,B,2010,20,31.0,B,S,SM,SM,89,1,3.120704107,0.057534247,6.612788633,0.05,0.000561798,20
39268_1,BLSC,M,M1,1,F,ASY,Quebec,Chaleur Bay,-79.56391311,54.61366923,85.0,7/29/2010,10/22/2010,210,295,F,2010,23,20.0,F,B,WM,WM,89,1,3.120704107,0.232876712,6.612788633,0.05,0.000561798,19
39268_1,BLSC,W,W1,1,F,ASY,Quebec,Chaleur Bay,-70.77143927,41.31732128,147.0,11/5/2010,4/1/2011,309,91,W,2010,2,23.0,W,F,WM,WM,89,1,3.120704107,0.402739726,6.612788633,0.05,0.000561798,8
39268_1,BLSC,S,S1,2,F,ASY,Quebec,Chaleur Bay,-64.73295629,46.80704272,22.0,4/8/2011,4/30/2011,98,120,S,2011,12,2.0,S,W,SM,SM,89,1,3.120704107,0.060273973,6.612788633,0.05,0.000561798,14
39268_1,BLSC,BM,St,2,F,ASY,Quebec,Chaleur Bay,-80.71963352,52.60212163,12.0,5/11/2011,5/23/2011,131,143,S,2011,14,12.0,S,S,SD,SM,89,1,3.120704107,0.032876712,6.612788633,0.05,0.000561798,19
39268_1,BLSC,B,B1,2,F,ASY,Quebec,Chaleur Bay,-72.16014742,56.58160724,56.0,6/2/2011,7/28/2011,153,209,B,2011,20,14.0,B,S,SM,SM,89,1,3.120704107,0.153424658,6.612788633,0.05,0.000561798,20
39268_1,BLSC,M,M1,2,F,ASY,Quebec,Chaleur Bay,-76.19213373,56.22269784,60.0,8/2/2011,10/1/2011,214,274,F,2011,19,20.0,F,B,WM,WM,89,1,3.120704107,0.164383562,6.612788633,0.05,0.000561798,20
39268_1,BLSC,M,M2,2,F,ASY,Quebec,Chaleur Bay,-79.62543028,54.5851476,15.0,10/5/2011,10/20/2011,278,293,F,2011,23,19.0,F,F,MD,WM,89,1,3.120704107,0.04109589,6.612788633,0.05,0.000561798,19
39268_1,BLSC,W,W1,2,F,ASY,Quebec,Chaleur Bay,-70.83170168,41.30210515,138.0,10/31/2011,3/17/2012,304,77,W,2011,2,23.0,W,F,WM,WM,89,1,3.120704107,0.378082192,6.612788633,0.05,0.000561798,8
39268_1,BLSC,S,S1,3,F,ASY,Quebec,Chaleur Bay,-64.87889253,47.08821722,12.0,4/3/2012,4/15/2012,94,106,S,2012,12,2.0,S,W,SM,SM,89,1,3.120704107,0.032876712,6.612788633,0.05,0.000561798,14
39268_1,BLSC,S,S2,3,F,ASY,Quebec,Chaleur Bay,-67.21869989,49.53998701,23.0,4/19/2012,5/12/2012,110,133,S,2012,16,12.0,S,S,SD,SM,89,1,3.120704107,0.063013699,6.612788633,0.05,0.000561798,15
39268_1,BLSC,B,B1,3,F,ASY,Quebec,Chaleur Bay,-72.1677541,56.58016501,68.0,5/22/2012,7/29/2012,143,211,B,2012,20,16.0,B,S,SM,SM,89,1,3.120704107,0.18630137,6.612788633,0.05,0.000561798,20
39268_1,BLSC,M,M1,3,F,ASY,Quebec,Chaleur Bay,-76.07553285,56.25252257,6.0,8/2/2012,8/8/2012,215,221,F,2012,19,20.0,F,B,WM,WM,89,1,3.120704107,0.016438356,6.612788633,0.05,0.000561798,20
39268_1,BLSC,M,M2,3,F,ASY,Quebec,Chaleur Bay,-79.49706374,54.28076693,69.0,8/12/2012,10/20/2012,225,294,F,2012,23,19.0,F,F,MD,WM,89,1,3.120704107,0.189041096,6.612788633,0.05,0.000561798,19
39268_1,BLSC,W,W1,3,F,ASY,Quebec,Chaleur Bay,-70.42053584,41.34699792,138.9583333,11/6/2012,3/25/2013,311,84,W,2012,1,23.0,W,F,WM,WM,89,1,3.120704107,0.380707763,6.612788633,0.05,0.000561798,8
39268_1,BLSC,SM,St,3,F,ASY,Quebec,Chaleur Bay,-67.20212835,44.53648737,3.0,4/2/2013,4/5/2013,92,95,S,2013,5,1.0,S,W,SM,SM,89,1,3.120704107,0.008219178,6.612788633,0.05,0.000561798,9
39268_1,BLSC,S,S1,4,F,ASY,Quebec,Chaleur Bay,-64.74125605,47.13275419,9.0,4/11/2013,4/20/2013,101,110,S,2013,12,5.0,S,S,SD,SM,89,1,3.120704107,0.024657534,6.612788633,0.05,0.000561798,14
39268_1,BLSC,S,S2,4,F,ASY,Quebec,Chaleur Bay,-69.06967352,48.64169944,20.0,4/25/2013,5/15/2013,115,135,S,2013,16,12.0,S,S,SD,SM,89,1,3.120704107,0.054794521,6.612788633,0.05,0.000561798,13
39268_1,BLSC,B,B1,4,F,ASY,Quebec,Chaleur Bay,-72.23639768,56.56965738,39.0,6/2/2013,7/11/2013,153,192,B,2013,20,16.0,B,S,SM,SM,89,1,3.120704107,0.106849315,6.612788633,0.05,0.000561798,20
39271_1,BLSC,B,B1,1,F,ASY,Quebec,Chaleur Bay,-64.85208757,47.50677316,34.0,6/13/2010,7/17/2010,164,198,B,2010,12,31.0,B,S,SM,SM,89,1,3.120704107,0.093150685,6.612788633,0.090909091,0.00102145,14
39271_1,BLSC,M,M1,1,F,ASY,Quebec,Chaleur Bay,-64.4555838,50.30465283,50.0,7/21/2010,9/9/2010,202,252,F,2010,15,12.0,F,B,WM,WM,89,1,3.120704107,0.136986301,6.612788633,0.090909091,0.00102145,15
39271_1,BLSC,M,M2,1,F,ASY,Quebec,Chaleur Bay,-68.44628829,49.00783761,34.0,9/14/2010,10/18/2010,257,291,F,2010,16,15.0,F,F,MD,WM,89,1,3.120704107,0.093150685,6.612788633,0.090909091,0.00102145,13
39271_1,BLSC,W,W1,1,F,ASY,Quebec,Chaleur Bay,-79.35129935,33.06423147,19.04166667,10/27/2010,11/15/2010,300,319,W,2010,4,16.0,W,F,WM,WM,89,1,3.120704107,0.05216895,6.612788633,0.090909091,0.00102145,6
39271_1,BLSC,W,W2,1,F,ASY,Quebec,Chaleur Bay,-80.97895148,31.80058989,113.9583333,11/21/2010,3/15/2011,325,74,W,2010,4,4.0,W,W,WD,W,89,1,3.120704107,0.312214612,6.612788633,0.090909091,0.00102145,6
39271_1,BLSC,S,S1,2,F,ASY,Quebec,Chaleur Bay,-70.07331735,41.594104,23.0,3/22/2011,4/14/2011,81,104,S,2011,1,4.0,S,W,SM,SM,89,1,3.120704107,0.063013699,6.612788633,0.090909091,0.00102145,8
39271_1,BLSC,S,S2,2,F,ASY,Quebec,Chaleur Bay,-65.02818481,47.10429206,11.0,4/19/2011,4/30/2011,109,120,S,2011,12,1.0,S,S,SD,SM,89,1,3.120704107,0.030136986,6.612788633,0.090909091,0.00102145,14
39271_1,BLSC,S,S3,2,F,ASY,Quebec,Chaleur Bay,-68.13219381,49.17530096,12.0,5/5/2011,5/17/2011,125,137,S,2011,16,12.0,S,S,SD,SM,89,1,3.120704107,0.032876712,6.612788633,0.090909091,0.00102145,15
39271_1,BLSC,BM,St,2,F,ASY,Quebec,Chaleur Bay,-59.95481484,53.69692044,2.0,5/31/2011,6/2/2011,151,153,S,2011,17,16.0,S,S,SD,SM,89,1,3.120704107,0.005479452,6.612788633,0.090909091,0.00102145,16
39271_1,BLSC,B,B1,2,F,ASY,Quebec,Chaleur Bay,-63.24471145,53.67604302,34.0,6/8/2011,7/12/2011,159,193,B,2011,15,17.0,B,S,SM,SM,89,1,3.120704107,0.093150685,6.612788633,0.090909091,0.00102145,18
39293_1,BLSC,S,S2,1,M,AHY,Quebec,Chaleur Bay,-67.19222355,49.4575067,8.0,6/6/2010,6/14/2010,157,165,S,2010,16,31.0,S,S,SD,SM,89,1,3.120704107,0.021917808,5.90952381,0.03030303,0.000340483,15
39293_1,BLSC,M,M1,1,M,AHY,Quebec,Chaleur Bay,-79.49645613,52.03569409,63.0,6/23/2010,8/25/2010,174,237,F,2010,14,16.0,F,S,SM,SM,89,1,3.120704107,0.17260274,5.90952381,0.03030303,0.000340483,19
39293_1,BLSC,M,M2,1,M,AHY,Quebec,Chaleur Bay,-78.69896475,52.28498329,14.0,8/26/2010,9/9/2010,238,252,F,2010,14,14.0,F,F,MD,WM,89,1,3.120704107,0.038356164,5.90952381,0.03030303,0.000340483,19
39293_1,BLSC,M,M3,1,M,AHY,Quebec,Chaleur Bay,-79.50510609,54.16820752,33.0,9/14/2010,10/17/2010,257,290,F,2010,23,14.0,F,F,MD,WM,89,1,3.120704107,0.090410959,5.90952381,0.03030303,0.000340483,19
39293_1,BLSC,W,W1,1,M,AHY,Quebec,Chaleur Bay,-71.03180315,41.33741465,14.04166667,10/27/2010,11/10/2010,300,314,W,2010,2,23.0,W,F,WM,WM,89,1,3.120704107,0.03847032,5.90952381,0.03030303,0.000340483,8
39293_1,BLSC,W,W2,1,M,AHY,Quebec,Chaleur Bay,-71.83839724,41.07465099,126.9583333,11/13/2010,3/20/2011,317,79,W,2010,2,2.0,W,W,WD,W,89,1,3.120704107,0.34783105,5.90952381,0.03030303,0.000340483,8
39293_1,BLSC,W,W3,1,M,AHY,Quebec,Chaleur Bay,-73.46333223,40.55951903,29.0,11/22/2010,12/21/2010,326,355,W,2010,2,2.0,W,W,WD,W,89,1,3.120704107,0.079452055,5.90952381,0.03030303,0.000340483,8
39293_1,BLSC,W,W4,1,M,AHY,Quebec,Chaleur Bay,-74.84732093,39.02860264,35.0,12/23/2010,1/27/2011,357,27,W,2010,3,2.0,W,W,WD,W,89,1,3.120704107,0.095890411,5.90952381,0.03030303,0.000340483,7
39293_1,BLSC,S,S1,2,M,AHY,Quebec,Chaleur Bay,-64.56415062,46.40053696,15.0,3/27/2011,4/11/2011,86,101,S,2011,12,3.0,S,W,SM,SM,89,1,3.120704107,0.04109589,5.90952381,0.03030303,0.000340483,14
39293_1,BLSC,S,S2,2,M,AHY,Quebec,Chaleur Bay,-64.11880654,48.78317052,5.0,4/16/2011,4/21/2011,106,111,S,2011,12,12.0,S,S,SD,SM,89,1,3.120704107,0.01369863,5.90952381,0.03030303,0.000340483,15
39293_1,BLSC,S,S3,2,M,AHY,Quebec,Chaleur Bay,-67.31539448,49.52178312,21.0,4/25/2011,5/16/2011,115,136,S,2011,16,12.0,S,S,SD,SM,89,1,3.120704107,0.057534247,5.90952381,0.03030303,0.000340483,15
39293_1,BLSC,BM,St,2,M,AHY,Quebec,Chaleur Bay,-80.26356747,51.89818735,2.0,5/25/2011,5/27/2011,145,147,S,2011,14,16.0,S,S,SD,SM,89,1,3.120704107,0.005479452,5.90952381,0.03030303,0.000340483,19
39293_1,BLSC,M,M1,2,M,AHY,Quebec,Chaleur Bay,-81.41833407,52.47719528,10.0,5/30/2011,6/9/2011,150,160,F,2011,14,14.0,F,S,SM,SM,89,1,3.120704107,0.02739726,5.90952381,0.03030303,0.000340483,19
39293_1,BLSC,M,M2,2,M,AHY,Quebec,Chaleur Bay,-80.71173955,52.64120444,99.0,6/11/2011,9/18/2011,162,261,F,2011,14,14.0,F,F,MD,WM,89,1,3.120704107,0.271232877,5.90952381,0.03030303,0.000340483,19
39293_1,BLSC,M,M3,2,M,AHY,Quebec,Chaleur Bay,-79.8141813,53.5643301,25.0,9/22/2011,10/17/2011,265,290,F,2011,23,14.0,F,F,MD,WM,89,1,3.120704107,0.068493151,5.90952381,0.03030303,0.000340483,19
39293_1,BLSC,W,W1,2,M,AHY,Quebec,Chaleur Bay,-73.87429396,40.67091502,23.04166667,10/29/2011,11/21/2011,302,325,W,2011,2,23.0,W,F,WM,WM,89,1,3.120704107,0.063127854,5.90952381,0.03030303,0.000340483,8
39293_1,BLSC,W,W2,2,M,AHY,Quebec,Chaleur Bay,-74.82678427,38.96604055,34.0,11/25/2011,12/29/2011,329,363,W,2011,3,2.0,W,W,WD,W,89,1,3.120704107,0.093150685,5.90952381,0.03030303,0.000340483,7
39293_1,BLSC,W,W3,2,M,AHY,Quebec,Chaleur Bay,-75.8030986,37.0722708,49.0,1/2/2012,2/20/2012,2,51,W,2012,7,3.0,W,W,WD,W,89,1,3.120704107,0.134246575,5.90952381,0.03030303,0.000340483,7
39293_1,BLSC,W,W4,2,M,AHY,Quebec,Chaleur Bay,-75.0956999,38.96047542,32.95833333,2/25/2012,3/29/2012,56,89,W,2012,3,7.0,W,W,WD,W,89,1,3.120704107,0.090296804,5.90952381,0.03030303,0.000340483,7
39293_1,BLSC,SM,St,2,M,AHY,Quebec,Chaleur Bay,-64.59718247,46.39217244,2.0,4/8/2012,4/10/2012,99,101,S,2012,12,3.0,S,W,SM,SM,89,1,3.120704107,0.005479452,5.90952381,0.03030303,0.000340483,14
39293_1,BLSC,S,S1,3,M,AHY,Quebec,Chaleur Bay,-65.92050979,48.14807851,21.0,4/14/2012,5/5/2012,105,126,S,2012,31,12.0,S,S,SD,SM,89,1,3.120704107,0.057534247,5.90952381,0.03030303,0.000340483,15
39293_1,BLSC,S,S2,3,M,AHY,Quebec,Chaleur Bay,-67.97959784,49.2597734,10.0,5/10/2012,5/20/2012,131,141,S,2012,16,31.0,S,S,SD,SM,89,1,3.120704107,0.02739726,5.90952381,0.03030303,0.000340483,15
39293_1,BLSC,B,B1,3,M,AHY,Quebec,Chaleur Bay,-72.8459001,51.17771155,5.0,5/29/2012,6/3/2012,150,155,B,2012,20,16.0,B,S,SM,SM,89,1,3.120704107,0.01369863,5.90952381,0.03030303,0.000340483,13
39293_1,BLSC,M,M1,3,M,AHY,Quebec,Chaleur Bay,-78.63433555,52.32539655,88.0,6/14/2012,9/10/2012,166,254,F,2012,14,20.0,F,B,WM,WM,89,1,3.120704107,0.24109589,5.90952381,0.03030303,0.000340483,19
39293_1,BLSC,M,M2,3,M,AHY,Quebec,Chaleur Bay,-79.46011696,54.04625377,23.0,9/14/2012,10/7/2012,258,281,F,2012,23,14.0,F,F,MD,WM,89,1,3.120704107,0.063013699,5.90952381,0.03030303,0.000340483,19
39293_1,BLSC,W,W1,3,M,AHY,Quebec,Chaleur Bay,-70.35170873,41.33520849,66.04166667,10/27/2012,1/1/2013,301,1,W,2012,1,23.0,W,F,WM,WM,89,1,3.120704107,0.180936073,5.90952381,0.03030303,0.000340483,8
39293_1,BLSC,W,W2,3,M,AHY,Quebec,Chaleur Bay,-74.41386202,39.24441631,17.0,1/12/2013,1/29/2013,12,29,W,2013,3,1.0,W,W,WD,W,89,1,3.120704107,0.046575342,5.90952381,0.03030303,0.000340483,7
39293_1,BLSC,W,W3,3,M,AHY,Quebec,Chaleur Bay,-74.93621788,38.87676363,37.95833333,2/12/2013,3/22/2013,43,81,W,2013,3,3.0,W,W,WD,W,89,1,3.120704107,0.103995434,5.90952381,0.03030303,0.000340483,7
39293_1,BLSC,SM,St,3,M,AHY,Quebec,Chaleur Bay,-70.07263901,46.67372422,3.0,4/12/2013,4/15/2013,102,105,S,2013,16,3.0,S,W,SM,SM,89,1,3.120704107,0.008219178,5.90952381,0.03030303,0.000340483,9
39293_1,BLSC,B,B1,4,M,AHY,Quebec,Chaleur Bay,-96.86516848,64.55883007,7.0,6/7/2013,6/14/2013,158,165,B,2013,25,16.0,B,S,SM,SM,89,1,3.120704107,0.019178082,5.90952381,0.03030303,0.000340483,2
39293_1,BLSC,M,M1,4,M,AHY,Quebec,Chaleur Bay,-92.3427567,57.46837566,6.0,7/3/2013,7/9/2013,184,190,F,2013,29,25.0,F,B,WM,WM,89,1,3.120704107,0.016438356,5.90952381,0.03030303,0.000340483,24
39293_1,BLSC,M,M2,4,M,AHY,Quebec,Chaleur Bay,-91.00431462,57.29472837,48.0,7/16/2013,9/2/2013,197,245,F,2013,29,29.0,F,F,MD,WM,89,1,3.120704107,0.131506849,5.90952381,0.03030303,0.000340483,23
39301_1,BLSC,S,S2,1,M,AHY,Quebec,Chaleur Bay,-68.32932381,49.00840997,18.0,5/30/2010,6/17/2010,150,168,S,2010,16,12.0,S,S,SD,SM,89,1,3.120704107,0.049315068,5.90952381,0.034482759,0.000387447,13
39301_1,BLSC,M,M1,1,M,AHY,Quebec,Chaleur Bay,-80.42337698,51.72890752,107.0,6/21/2010,10/6/2010,172,279,F,2010,14,16.0,F,S,SM,SM,89,1,3.120704107,0.293150685,5.90952381,0.034482759,0.000387447,19
39301_1,BLSC,M,M2,1,M,AHY,Quebec,Chaleur Bay,-81.41364364,52.40582156,53.0,7/9/2010,8/31/2010,190,243,F,2010,14,14.0,F,F,MD,WM,89,1,3.120704107,0.145205479,5.90952381,0.034482759,0.000387447,19
39301_1,BLSC,W,W1,1,M,AHY,Quebec,Chaleur Bay,-69.95159037,41.52655525,25.04166667,10/15/2010,11/9/2010,288,313,W,2010,1,14.0,W,F,WM,WM,89,1,3.120704107,0.068607306,5.90952381,0.034482759,0.000387447,8
39301_1,BLSC,W,W2,1,M,AHY,Quebec,Chaleur Bay,-76.01550249,38.04133648,32.0,11/14/2010,12/16/2010,318,350,W,2010,7,1.0,W,W,WD,W,89,1,3.120704107,0.087671233,5.90952381,0.034482759,0.000387447,7
39301_1,BLSC,W,W3,1,M,AHY,Quebec,Chaleur Bay,-75.06843942,38.85070333,74.0,12/17/2010,3/1/2011,351,60,W,2010,3,7.0,W,W,WD,W,89,1,3.120704107,0.202739726,5.90952381,0.034482759,0.000387447,7
39301_1,BLSC,S,S1,2,M,AHY,Quebec,Chaleur Bay,-71.85144967,41.10600121,11.95833333,3/5/2011,3/17/2011,64,76,S,2011,2,3.0,S,W,SM,SM,89,1,3.120704107,0.032762557,5.90952381,0.034482759,0.000387447,8
39301_1,BLSC,S,S2,2,M,AHY,Quebec,Chaleur Bay,-64.31580189,46.71407166,27.0,3/21/2011,4/17/2011,80,107,S,2011,12,2.0,S,S,SD,SM,89,1,3.120704107,0.073972603,5.90952381,0.034482759,0.000387447,14
39301_1,BLSC,S,S3,2,M,AHY,Quebec,Chaleur Bay,-68.55835781,48.93311228,28.0,4/21/2011,5/19/2011,111,139,S,2011,16,12.0,S,S,SD,SM,89,1,3.120704107,0.076712329,5.90952381,0.034482759,0.000387447,13
39301_1,BLSC,BM,St,2,M,AHY,Quebec,Chaleur Bay,-80.61677066,52.76411738,4.0,5/26/2011,5/30/2011,146,150,S,2011,14,16.0,S,S,SD,SM,89,1,3.120704107,0.010958904,5.90952381,0.034482759,0.000387447,19
39301_1,BLSC,B,B1,2,M,AHY,Quebec,Chaleur Bay,-94.89623556,59.42314861,15.0,6/4/2011,6/19/2011,155,170,B,2011,18,14.0,B,S,SM,SM,89,1,3.120704107,0.04109589,5.90952381,0.034482759,0.000387447,24
39301_1,BLSC,M,M1,2,M,AHY,Quebec,Chaleur Bay,-92.26790292,57.30200606,4.0,6/23/2011,6/27/2011,174,178,F,2011,29,18.0,F,B,WM,WM,89,1,3.120704107,0.010958904,5.90952381,0.034482759,0.000387447,24
39301_1,BLSC,M,M2,2,M,AHY,Quebec,Chaleur Bay,-90.69093728,57.25519899,50.0,7/5/2011,8/24/2011,186,236,F,2011,29,29.0,F,F,MD,WM,89,1,3.120704107,0.136986301,5.90952381,0.034482759,0.000387447,23
39301_1,BLSC,M,M3,2,M,AHY,Quebec,Chaleur Bay,-89.68443037,57.12483204,16.0,8/25/2011,9/10/2011,237,253,F,2011,29,29.0,F,F,MD,WM,89,1,3.120704107,0.043835616,5.90952381,0.034482759,0.000387447,23
39301_1,BLSC,M,M4,2,M,AHY,Quebec,Chaleur Bay,-80.43976827,51.88246061,10.0,9/14/2011,9/24/2011,257,267,F,2011,14,29.0,F,F,MD,WM,89,1,3.120704107,0.02739726,5.90952381,0.034482759,0.000387447,19
39301_1,BLSC,M,M5,2,M,AHY,Quebec,Chaleur Bay,-79.45541567,51.78114887,29.0,9/25/2011,10/24/2011,268,297,F,2011,14,14.0,F,F,MD,WM,89,1,3.120704107,0.079452055,5.90952381,0.034482759,0.000387447,19
39301_1,BLSC,W,W1,2,M,AHY,Quebec,Chaleur Bay,-70.0196085,41.29808109,67.04166667,10/29/2011,1/4/2012,302,4,W,2011,1,14.0,W,F,WM,WM,89,1,3.120704107,0.183675799,5.90952381,0.034482759,0.000387447,8
39301_1,BLSC,W,W2,2,M,AHY,Quebec,Chaleur Bay,-75.1155353,38.93456654,40.0,1/9/2012,2/18/2012,9,49,W,2012,3,1.0,W,W,WD,W,89,1,3.120704107,0.109589041,5.90952381,0.034482759,0.000387447,7
39301_1,BLSC,W,W3,2,M,AHY,Quebec,Chaleur Bay,-71.65955221,41.09310731,23.95833333,2/22/2012,3/17/2012,53,77,W,2012,2,3.0,W,W,WD,W,89,1,3.120704107,0.065639269,5.90952381,0.034482759,0.000387447,8
39301_1,BLSC,SM,St,2,M,AHY,Quebec,Chaleur Bay,-68.56397649,48.91131949,5.0,3/22/2012,3/27/2012,82,87,S,2012,16,2.0,S,W,SM,SM,89,1,3.120704107,0.01369863,5.90952381,0.034482759,0.000387447,13
39301_1,BLSC,S,S1,3,M,AHY,Quebec,Chaleur Bay,-64.88816682,47.09351973,16.0,3/31/2012,4/16/2012,91,107,S,2012,12,16.0,S,S,SD,SM,89,1,3.120704107,0.043835616,5.90952381,0.034482759,0.000387447,14
39301_1,BLSC,S,S2,3,M,AHY,Quebec,Chaleur Bay,-68.45826187,48.98784208,15.0,4/26/2012,5/11/2012,117,132,S,2012,16,12.0,S,S,SD,SM,89,1,3.120704107,0.04109589,5.90952381,0.034482759,0.000387447,13
39301_1,BLSC,BM,St,3,M,AHY,Quebec,Chaleur Bay,-80.83801719,52.45736029,4.0,5/20/2012,5/24/2012,141,145,S,2012,14,16.0,S,S,SD,SM,89,1,3.120704107,0.010958904,5.90952381,0.034482759,0.000387447,19
39301_1,BLSC,B,B1,3,M,AHY,Quebec,Chaleur Bay,-95.40754174,59.44495469,25.0,5/28/2012,6/22/2012,149,174,B,2012,18,14.0,B,S,SM,SM,89,1,3.120704107,0.068493151,5.90952381,0.034482759,0.000387447,24
39301_1,BLSC,M,M1,3,M,AHY,Quebec,Chaleur Bay,-90.6995121,57.22620586,64.0,6/30/2012,9/2/2012,182,246,F,2012,29,18.0,F,B,WM,WM,89,1,3.120704107,0.175342466,5.90952381,0.034482759,0.000387447,23
39301_1,BLSC,M,M2,3,M,AHY,Quebec,Chaleur Bay,-80.57796463,51.7619391,16.0,9/11/2012,9/27/2012,255,271,F,2012,14,29.0,F,F,MD,WM,89,1,3.120704107,0.043835616,5.90952381,0.034482759,0.000387447,19
39301_1,BLSC,M,M3,3,M,AHY,Quebec,Chaleur Bay,-79.79406684,51.90517991,21.0,9/28/2012,10/19/2012,272,293,F,2012,14,14.0,F,F,MD,WM,89,1,3.120704107,0.057534247,5.90952381,0.034482759,0.000387447,19
39301_1,BLSC,W,W1,3,M,AHY,Quebec,Chaleur Bay,-70.40452112,41.31700125,24.04166667,10/28/2012,11/21/2012,302,326,W,2012,1,14.0,W,F,WM,WM,89,1,3.120704107,0.06586758,5.90952381,0.034482759,0.000387447,8
39365_1,BLSC,W,W1,1,M,AHY,Quebec,Chaleur Bay,-71.88017261,41.06506254,131.0416667,11/2/2010,3/13/2011,306,72,W,2010,2,31.0,W,S,WM,WM,89,1,3.120704107,0.359018265,5.90952381,0.058823529,0.000660939,8
39365_1,BLSC,S,S1,2,M,AHY,Quebec,Chaleur Bay,-75.08214715,38.74248672,12.0,3/19/2011,3/31/2011,78,90,S,2011,3,2.0,S,W,SM,SM,89,1,3.120704107,0.032876712,5.90952381,0.058823529,0.000660939,7
39365_1,BLSC,S,S2,2,M,AHY,Quebec,Chaleur Bay,-71.89620003,41.04276874,23.0,4/4/2011,4/27/2011,94,117,S,2011,2,3.0,S,S,SD,SM,89,1,3.120704107,0.063013699,5.90952381,0.058823529,0.000660939,8
39365_1,BLSC,S,S3,2,M,AHY,Quebec,Chaleur Bay,-70.02832692,43.69096121,112.0,5/6/2011,8/26/2011,126,238,S,2011,5,2.0,S,S,SD,SM,89,1,3.120704107,0.306849315,5.90952381,0.058823529,0.000660939,9
39365_1,BLSC,M,M1,2,M,AHY,Quebec,Chaleur Bay,-68.59722706,48.96464168,54.0,9/7/2011,10/31/2011,250,304,F,2011,16,5.0,F,S,SM,SM,89,1,3.120704107,0.147945205,5.90952381,0.058823529,0.000660939,13
39365_1,BLSC,WM,St,2,M,AHY,Quebec,Chaleur Bay,-78.89947424,32.4707922,2.0,11/19/2011,11/21/2011,323,325,F,2011,4,16.0,F,F,MD,WM,89,1,3.120704107,0.005479452,5.90952381,0.058823529,0.000660939,6
39365_1,BLSC,W,W1,2,M,AHY,Quebec,Chaleur Bay,-81.1008807,31.49719946,85.0,11/25/2011,2/18/2012,329,49,W,2011,4,4.0,W,F,WM,WM,89,1,3.120704107,0.232876712,5.90952381,0.058823529,0.000660939,6
39365_1,BLSC,W,W2,2,M,AHY,Quebec,Chaleur Bay,-80.7970603,32.0686624,21.0,2/19/2012,3/11/2012,50,71,W,2012,4,4.0,W,W,WD,W,89,1,3.120704107,0.057534247,5.90952381,0.058823529,0.000660939,6
39365_1,BLSC,W,W3,2,M,AHY,Quebec,Chaleur Bay,-76.48795089,35.21786155,18.0,3/24/2012,4/11/2012,84,102,W,2012,8,4.0,W,W,WD,W,89,1,3.120704107,0.049315068,5.90952381,0.058823529,0.000660939,7
39365_1,BLSC,S,S1,3,M,AHY,Quebec,Chaleur Bay,-66.13420462,48.0658303,12.0,5/1/2012,5/13/2012,122,134,S,2012,31,8.0,S,W,SM,SM,89,1,3.120704107,0.032876712,5.90952381,0.058823529,0.000660939,15
39365_1,BLSC,S,S2,3,M,AHY,Quebec,Chaleur Bay,-68.63792547,48.93155138,155.0,5/18/2012,10/20/2012,139,294,S,2012,16,31.0,S,S,SD,SM,89,1,3.120704107,0.424657534,5.90952381,0.058823529,0.000660939,13
39365_1,BLSC,WM,St,3,M,AHY,Quebec,Chaleur Bay,-70.35154077,42.81841788,3.0,10/27/2012,10/30/2012,301,304,F,2012,6,16.0,F,S,SM,SM,89,1,3.120704107,0.008219178,5.90952381,0.058823529,0.000660939,9
39365_1,BLSC,W,W1,3,M,AHY,Quebec,Chaleur Bay,-75.24656642,38.95305884,17.0,11/10/2012,11/27/2012,315,332,W,2012,3,6.0,W,F,WM,WM,89,1,3.120704107,0.046575342,5.90952381,0.058823529,0.000660939,7
39365_1,BLSC,W,W2,3,M,AHY,Quebec,Chaleur Bay,-75.88183204,37.26303976,16.0,11/30/2012,12/16/2012,335,351,W,2012,7,3.0,W,W,WD,W,89,1,3.120704107,0.043835616,5.90952381,0.058823529,0.000660939,7
39365_1,BLSC,W,W3,3,M,AHY,Quebec,Chaleur Bay,-76.34752562,38.36443214,90.95833333,12/20/2012,3/21/2013,355,80,W,2012,7,7.0,W,W,WD,W,89,1,3.120704107,0.249200913,5.90952381,0.058823529,0.000660939,7
39365_1,BLSC,SM,St,3,M,AHY,Quebec,Chaleur Bay,-73.60407183,38.5837269,1.0,3/28/2013,3/29/2013,87,88,S,2013,3,7.0,S,W,SM,SM,89,1,3.120704107,0.002739726,5.90952381,0.058823529,0.000660939,7
39746_1,BLSC,M,M1,1,M,AHY,Quebec,Chaleur Bay,-78.93016907,51.94195824,84.0,6/16/2010,9/8/2010,167,251,F,2010,14,31.0,F,S,SM,SM,89,1,3.120704107,0.230136986,5.90952381,0.0625,0.000702247,19
39746_1,BLSC,M,M2,1,M,AHY,Quebec,Chaleur Bay,-79.34479885,53.19420341,47.0,9/9/2010,10/26/2010,252,299,F,2010,23,14.0,F,F,MD,WM,89,1,3.120704107,0.128767123,5.90952381,0.0625,0.000702247,19
39746_1,BLSC,W,W1,1,M,AHY,Quebec,Chaleur Bay,-76.69845493,35.37285631,51.0,11/15/2010,1/5/2011,319,5,W,2010,8,23.0,W,F,WM,WM,89,1,3.120704107,0.139726027,5.90952381,0.0625,0.000702247,7
39746_1,BLSC,W,W2,1,M,AHY,Quebec,Chaleur Bay,-76.37471691,35.2810237,20.0,1/6/2011,1/26/2011,6,26,W,2011,8,8.0,W,W,WD,W,89,1,3.120704107,0.054794521,5.90952381,0.0625,0.000702247,7
39746_1,BLSC,W,W3,1,M,AHY,Quebec,Chaleur Bay,-72.08527985,40.79529932,72.95833333,1/27/2011,4/10/2011,27,100,W,2011,2,8.0,W,W,WD,W,89,1,3.120704107,0.199885845,5.90952381,0.0625,0.000702247,8
39746_1,BLSC,S,S1,2,M,AHY,Quebec,Chaleur Bay,-66.4598795,45.07339014,35.0,4/16/2011,5/21/2011,106,141,S,2011,5,2.0,S,W,SM,SM,89,1,3.120704107,0.095890411,5.90952381,0.0625,0.000702247,14
39746_1,BLSC,S,S2,2,M,AHY,Quebec,Chaleur Bay,-66.48375775,48.07075583,8.0,5/25/2011,6/2/2011,145,153,S,2011,31,5.0,S,S,SD,SM,89,1,3.120704107,0.021917808,5.90952381,0.0625,0.000702247,15
39746_1,BLSC,M,M1,2,M,AHY,Quebec,Chaleur Bay,-82.09171019,53.57261537,72.0,6/16/2011,8/27/2011,167,239,F,2011,30,31.0,F,S,SM,SM,89,1,3.120704107,0.197260274,5.90952381,0.0625,0.000702247,19
39746_1,BLSC,M,M2,2,M,AHY,Quebec,Chaleur Bay,-79.54499202,54.2977471,13.0,9/2/2011,9/15/2011,245,258,F,2011,23,30.0,F,F,MD,WM,89,1,3.120704107,0.035616438,5.90952381,0.0625,0.000702247,19
39746_1,BLSC,M,M3,2,M,AHY,Quebec,Chaleur Bay,-76.6606302,57.20777791,28.0,9/25/2011,10/23/2011,268,296,F,2011,19,23.0,F,F,MD,WM,89,1,3.120704107,0.076712329,5.90952381,0.0625,0.000702247,20
39746_1,BLSC,W,W1,2,M,AHY,Quebec,Chaleur Bay,-75.09368397,39.00728549,141.0,11/3/2011,3/23/2012,307,83,W,2011,3,19.0,W,F,WM,WM,89,1,3.120704107,0.38630137,5.90952381,0.0625,0.000702247,7
39746_1,BLSC,S,S1,3,M,AHY,Quebec,Chaleur Bay,-64.72980207,47.01808126,10.0,4/2/2012,4/12/2012,93,103,S,2012,12,3.0,S,W,SM,SM,89,1,3.120704107,0.02739726,5.90952381,0.0625,0.000702247,14
39746_1,BLSC,S,S2,3,M,AHY,Quebec,Chaleur Bay,-64.94227676,49.07494302,24.0,4/17/2012,5/11/2012,108,132,S,2012,12,12.0,S,S,SD,SM,89,1,3.120704107,0.065753425,5.90952381,0.0625,0.000702247,15
39746_1,BLSC,M,M1,3,M,AHY,Quebec,Chaleur Bay,-80.52270546,51.67732081,20.0,5/22/2012,6/11/2012,143,163,F,2012,14,12.0,F,S,SM,SM,89,1,3.120704107,0.054794521,5.90952381,0.0625,0.000702247,19
39746_1,BLSC,M,M2,3,M,AHY,Quebec,Chaleur Bay,-81.02657638,52.69641686,34.0,6/14/2012,7/18/2012,166,200,F,2012,14,14.0,F,F,MD,WM,89,1,3.120704107,0.093150685,5.90952381,0.0625,0.000702247,19
39753_1,BLSC,BM,St,1,M,AHY,Quebec,Chaleur Bay,-79.67659352,52.27217782,1.0,6/4/2010,6/5/2010,155,156,S,2010,14,31.0,S,S,SD,SM,89,1,3.120704107,0.002739726,5.90952381,0.045454545,0.000510725,19
39753_1,BLSC,M,M1,1,M,AHY,Quebec,Chaleur Bay,-82.09608737,53.5555487,67.0,6/13/2010,8/19/2010,164,231,F,2010,30,14.0,F,S,SM,SM,89,1,3.120704107,0.183561644,5.90952381,0.045454545,0.000510725,19
39753_1,BLSC,M,M2,1,M,AHY,Quebec,Chaleur Bay,-80.58329556,52.93018067,44.0,8/28/2010,10/11/2010,240,284,F,2010,14,30.0,F,F,MD,WM,89,1,3.120704107,0.120547945,5.90952381,0.045454545,0.000510725,19
39753_1,BLSC,W,W1,1,M,AHY,Quebec,Chaleur Bay,-69.93868996,41.44938108,6.0,10/23/2010,10/29/2010,296,302,W,2010,1,14.0,W,F,WM,WM,89,1,3.120704107,0.016438356,5.90952381,0.045454545,0.000510725,8
39753_1,BLSC,W,W2,1,M,AHY,Quebec,Chaleur Bay,-71.22398847,41.50673982,166.0,11/1/2010,4/16/2011,305,106,W,2010,2,1.0,W,W,WD,W,89,1,3.120704107,0.454794521,5.90952381,0.045454545,0.000510725,8
39753_1,BLSC,S,S1,2,M,AHY,Quebec,Chaleur Bay,-68.90439448,48.75148656,20.0,4/26/2011,5/16/2011,116,136,S,2011,16,2.0,S,W,SM,SM,89,1,3.120704107,0.054794521,5.90952381,0.045454545,0.000510725,13
39753_1,BLSC,BM,St,2,M,AHY,Quebec,Chaleur Bay,-76.75662484,57.26915238,3.0,5/27/2011,5/30/2011,147,150,S,2011,19,16.0,S,S,SD,SM,89,1,3.120704107,0.008219178,5.90952381,0.045454545,0.000510725,20
39753_1,BLSC,B,B1,2,M,AHY,Quebec,Chaleur Bay,-76.7341366,57.89601855,29.0,6/4/2011,7/3/2011,155,184,B,2011,19,19.0,B,S,SM,SM,89,1,3.120704107,0.079452055,5.90952381,0.045454545,0.000510725,20
39753_1,BLSC,M,M1,2,M,AHY,Quebec,Chaleur Bay,-80.8370415,53.07775742,57.0,7/8/2011,9/3/2011,189,246,F,2011,14,19.0,F,B,WM,WM,89,1,3.120704107,0.156164384,5.90952381,0.045454545,0.000510725,19
39753_1,BLSC,M,M2,2,M,AHY,Quebec,Chaleur Bay,-78.88635106,52.18080605,29.0,9/7/2011,10/6/2011,250,279,F,2011,14,14.0,F,F,MD,WM,89,1,3.120704107,0.079452055,5.90952381,0.045454545,0.000510725,19
39753_1,BLSC,W,W1,2,M,AHY,Quebec,Chaleur Bay,-70.32800049,41.30033878,12.0,10/14/2011,10/26/2011,287,299,W,2011,1,14.0,W,F,WM,WM,89,1,3.120704107,0.032876712,5.90952381,0.045454545,0.000510725,8
39753_1,BLSC,W,W2,2,M,AHY,Quebec,Chaleur Bay,-69.86916138,41.30706757,22.04166667,10/27/2011,11/18/2011,300,322,W,2011,1,1.0,W,W,WD,W,89,1,3.120704107,0.060388128,5.90952381,0.045454545,0.000510725,8
39753_1,BLSC,W,W3,2,M,AHY,Quebec,Chaleur Bay,-71.28970746,41.46964902,138.9583333,11/22/2011,4/9/2012,326,100,W,2011,2,1.0,W,W,WD,W,89,1,3.120704107,0.380707763,5.90952381,0.045454545,0.000510725,8
39753_1,BLSC,W,W4,2,M,AHY,Quebec,Chaleur Bay,-71.85603706,41.09505465,18.0,1/7/2012,1/25/2012,7,25,W,2012,2,2.0,W,W,WD,W,89,1,3.120704107,0.049315068,5.90952381,0.045454545,0.000510725,8
39753_1,BLSC,S,S1,3,M,AHY,Quebec,Chaleur Bay,-68.24791178,49.04739094,21.0,4/19/2012,5/10/2012,110,131,S,2012,16,2.0,S,W,SM,SM,89,1,3.120704107,0.057534247,5.90952381,0.045454545,0.000510725,13
39753_1,BLSC,BM,St,3,M,AHY,Quebec,Chaleur Bay,-74.75493383,54.18852627,6.0,5/17/2012,5/23/2012,138,144,S,2012,20,16.0,S,S,SD,SM,89,1,3.120704107,0.016438356,5.90952381,0.045454545,0.000510725,20
39753_1,BLSC,B,B1,3,M,AHY,Quebec,Chaleur Bay,-75.74103419,58.01023215,23.0,5/30/2012,6/22/2012,151,174,B,2012,19,20.0,B,S,SM,SM,89,1,3.120704107,0.063013699,5.90952381,0.045454545,0.000510725,20
39753_1,BLSC,M,M1,3,M,AHY,Quebec,Chaleur Bay,-80.51459903,51.68703109,56.0,7/6/2012,8/31/2012,188,244,F,2012,14,19.0,F,B,WM,WM,89,1,3.120704107,0.153424658,5.90952381,0.045454545,0.000510725,19
39753_1,BLSC,M,M2,3,M,AHY,Quebec,Chaleur Bay,-81.03527961,52.08120299,32.0,9/1/2012,10/3/2012,245,277,F,2012,14,14.0,F,F,MD,WM,89,1,3.120704107,0.087671233,5.90952381,0.045454545,0.000510725,19
39753_1,BLSC,W,W1,3,M,AHY,Quebec,Chaleur Bay,-70.40545914,41.34484547,26.04166667,10/13/2012,11/8/2012,287,313,W,2012,1,14.0,W,F,WM,WM,89,1,3.120704107,0.071347032,5.90952381,0.045454545,0.000510725,8
39753_1,BLSC,W,W2,3,M,AHY,Quebec,Chaleur Bay,-71.22964652,41.51455923,61.0,11/9/2012,1/9/2013,314,9,W,2012,2,1.0,W,W,WD,W,89,1,3.120704107,0.167123288,5.90952381,0.045454545,0.000510725,8
39761_1,BLSC,B,B1,1,M,AHY,Quebec,Chaleur Bay,-73.12278142,57.22259885,24.0,5/28/2010,6/21/2010,148,172,B,2010,20,31.0,B,S,SM,SM,89,1,3.120704107,0.065753425,5.90952381,0.066666667,0.000749064,20
39761_1,BLSC,M,M1,1,M,AHY,Quebec,Chaleur Bay,-82.00795275,53.59565229,13.0,6/28/2010,7/11/2010,179,192,F,2010,30,20.0,F,B,WM,WM,89,1,3.120704107,0.035616438,5.90952381,0.066666667,0.000749064,19
39761_1,BLSC,M,M2,1,M,AHY,Quebec,Chaleur Bay,-80.49526626,51.68226622,56.0,7/15/2010,9/9/2010,196,252,F,2010,14,30.0,F,F,MD,WM,89,1,3.120704107,0.153424658,5.90952381,0.066666667,0.000749064,19
39761_1,BLSC,M,M3,1,M,AHY,Quebec,Chaleur Bay,-79.44901849,51.7410687,31.0,9/11/2010,10/12/2010,254,285,F,2010,14,14.0,F,F,MD,WM,89,1,3.120704107,0.084931507,5.90952381,0.066666667,0.000749064,19
39761_1,BLSC,W,W1,1,M,AHY,Quebec,Chaleur Bay,-70.06564872,41.5287527,78.04166667,10/21/2010,1/7/2011,294,7,W,2010,1,14.0,W,F,WM,WM,89,1,3.120704107,0.213812785,5.90952381,0.066666667,0.000749064,8
39761_1,BLSC,W,W2,1,M,AHY,Quebec,Chaleur Bay,-71.83242344,41.07179782,79.95833333,1/11/2011,4/1/2011,11,91,W,2011,2,1.0,W,W,WD,W,89,1,3.120704107,0.219063927,5.90952381,0.066666667,0.000749064,8
39761_1,BLSC,S,S1,2,M,AHY,Quebec,Chaleur Bay,-67.64112606,48.57130818,34.0,4/9/2011,5/13/2011,99,133,S,2011,16,2.0,S,W,SM,SM,89,1,3.120704107,0.093150685,5.90952381,0.066666667,0.000749064,15
39761_1,BLSC,M,M1,2,M,AHY,Quebec,Chaleur Bay,-90.46072035,57.14204098,89.0,6/3/2011,8/31/2011,154,243,F,2011,29,16.0,F,S,SM,SM,89,1,3.120704107,0.243835616,5.90952381,0.066666667,0.000749064,23
39761_1,BLSC,M,M2,2,M,AHY,Quebec,Chaleur Bay,-79.48479094,51.71561248,39.0,9/13/2011,10/22/2011,256,295,F,2011,14,29.0,F,F,MD,WM,89,1,3.120704107,0.106849315,5.90952381,0.066666667,0.000749064,19
39761_1,BLSC,W,W1,2,M,AHY,Quebec,Chaleur Bay,-70.05999097,41.52098643,65.04166667,11/2/2011,1/6/2012,306,6,W,2011,1,14.0,W,F,WM,WM,89,1,3.120704107,0.178196347,5.90952381,0.066666667,0.000749064,8
39761_1,BLSC,W,W2,2,M,AHY,Quebec,Chaleur Bay,-71.83566862,41.07944589,78.95833333,1/14/2012,4/2/2012,14,93,W,2012,2,1.0,W,W,WD,W,89,1,3.120704107,0.216324201,5.90952381,0.066666667,0.000749064,8
39761_1,BLSC,S,S1,3,M,AHY,Quebec,Chaleur Bay,-66.44215461,48.02285268,2.0,4/22/2012,4/24/2012,113,115,S,2012,31,2.0,S,W,SM,SM,89,1,3.120704107,0.005479452,5.90952381,0.066666667,0.000749064,15
39761_1,BLSC,S,S2,3,M,AHY,Quebec,Chaleur Bay,-68.49561248,49.0053272,12.0,4/28/2012,5/10/2012,119,131,S,2012,16,31.0,S,S,SD,SM,89,1,3.120704107,0.032876712,5.90952381,0.066666667,0.000749064,13
39761_1,BLSC,B,B1,3,M,AHY,Quebec,Chaleur Bay,-77.13401025,53.50362253,6.0,5/18/2012,5/24/2012,139,145,B,2012,20,16.0,B,S,SM,SM,89,1,3.120704107,0.016438356,5.90952381,0.066666667,0.000749064,19
40761_1,BLSC,S,S1,1,F,AHY,Mid-Atlantic,Chesapeake Bay,-67.46463665,44.59339554,4.0,5/5/2003,5/9/2003,125,129,S,2003,5,7.0,S,W,SM,SM,89,1,3.120704107,0.010958904,6.612788633,0.166666667,0.001872659,9
40761_1,BLSC,S,S2,1,F,AHY,Mid-Atlantic,Chesapeake Bay,-65.76368463,46.42425856,3.0,5/12/2003,5/15/2003,132,135,S,2003,12,5.0,S,S,SD,SM,89,1,3.120704107,0.008219178,6.612788633,0.166666667,0.001872659,14
40761_1,BLSC,S,S3,1,F,AHY,Mid-Atlantic,Chesapeake Bay,-65.95358259,47.98493353,6.0,5/17/2003,5/23/2003,137,143,S,2003,31,12.0,S,S,SD,SM,89,1,3.120704107,0.016438356,6.612788633,0.166666667,0.001872659,15
40761_1,BLSC,B,B1,1,F,AHY,Mid-Atlantic,Chesapeake Bay,-67.10181261,56.83090472,45.0,5/28/2003,7/12/2003,148,193,B,2003,22,31.0,B,S,SM,SM,89,1,3.120704107,0.123287671,6.612788633,0.166666667,0.001872659,18
40761_1,BLSC,M,M1,1,F,AHY,Mid-Atlantic,Chesapeake Bay,-61.24777428,56.36109873,50.0,7/16/2003,9/4/2003,197,247,F,2003,17,22.0,F,B,WM,WM,89,1,3.120704107,0.136986301,6.612788633,0.166666667,0.001872659,16
40762_1,BLSC,S,S1,1,F,AHY,Mid-Atlantic,Chesapeake Bay,-70.98315339,42.43489382,3.0,4/29/2003,5/2/2003,119,122,S,2003,6,7.0,S,W,SM,SM,89,1,3.120704107,0.008219178,6.612788633,0.142857143,0.001605136,9
40762_1,BLSC,S,S2,1,F,AHY,Mid-Atlantic,Chesapeake Bay,-64.68903314,48.20828799,10.0,5/6/2003,5/16/2003,126,136,S,2003,12,6.0,S,S,SD,SM,89,1,3.120704107,0.02739726,6.612788633,0.142857143,0.001605136,15
40762_1,BLSC,S,S3,1,F,AHY,Mid-Atlantic,Chesapeake Bay,-67.53741309,48.95732775,9.0,5/19/2003,5/28/2003,139,148,S,2003,16,12.0,S,S,SD,SM,89,1,3.120704107,0.024657534,6.612788633,0.142857143,0.001605136,15
40762_1,BLSC,BM,St,1,F,AHY,Mid-Atlantic,Chesapeake Bay,-72.05266514,51.97121375,2.0,6/2/2003,6/4/2003,153,155,S,2003,20,16.0,S,S,SD,SM,89,1,3.120704107,0.005479452,6.612788633,0.142857143,0.001605136,13
40762_1,BLSC,B,B1,1,F,AHY,Mid-Atlantic,Chesapeake Bay,-103.2636667,61.65011255,37.0,6/13/2003,7/20/2003,164,201,B,2003,21,20.0,B,S,SM,SM,89,1,3.120704107,0.101369863,6.612788633,0.142857143,0.001605136,5
40762_1,BLSC,M,M1,1,F,AHY,Mid-Atlantic,Chesapeake Bay,-93.24044961,61.86808826,48.0,7/24/2003,9/10/2003,205,253,F,2003,18,21.0,F,B,WM,WM,89,1,3.120704107,0.131506849,6.612788633,0.142857143,0.001605136,26
49435_1,BLSC,BM,St,1,F,ASY,Quebec,Chaleur Bay,-86.11553772,54.81400454,9.0,6/4/2004,6/13/2004,156,165,S,2004,29,31.0,S,S,SD,SM,89,1,3.120704107,0.024657534,6.612788633,0.1,0.001123596,23
49435_1,BLSC,B,B1,1,F,ASY,Quebec,Chaleur Bay,-103.0699436,60.9361717,43.0,6/20/2004,8/2/2004,172,215,B,2004,21,29.0,B,S,SM,SM,89,1,3.120704107,0.117808219,6.612788633,0.1,0.001123596,5
49435_1,BLSC,M,M1,1,F,ASY,Quebec,Chaleur Bay,-90.97324786,57.28717367,5.0,8/10/2004,8/15/2004,223,228,F,2004,29,21.0,F,B,WM,WM,89,1,3.120704107,0.01369863,6.612788633,0.1,0.001123596,23
49435_1,BLSC,M,M2,1,F,ASY,Quebec,Chaleur Bay,-89.35331133,56.95290633,44.0,8/18/2004,10/1/2004,231,275,F,2004,29,29.0,F,F,MD,WM,89,1,3.120704107,0.120547945,6.612788633,0.1,0.001123596,23
49435_1,BLSC,M,M3,1,F,ASY,Quebec,Chaleur Bay,-87.68276938,56.33877948,8.0,10/7/2004,10/15/2004,281,289,F,2004,29,29.0,F,F,MD,WM,89,1,3.120704107,0.021917808,6.612788633,0.1,0.001123596,23
49435_1,BLSC,M,M4,1,F,ASY,Quebec,Chaleur Bay,-79.67392544,51.82544152,12.04166667,10/21/2004,11/2/2004,295,307,F,2004,14,29.0,F,F,MD,WM,89,1,3.120704107,0.032990868,6.612788633,0.1,0.001123596,19
49435_1,BLSC,W,W1,1,F,ASY,Quebec,Chaleur Bay,-71.97707581,41.0357108,5.0,11/10/2004,11/15/2004,315,320,W,2004,2,14.0,W,F,WM,WM,89,1,3.120704107,0.01369863,6.612788633,0.1,0.001123596,8
49435_1,BLSC,W,W2,1,F,ASY,Quebec,Chaleur Bay,-70.48619721,41.32237933,9.0,11/30/2004,12/9/2004,335,344,W,2004,1,2.0,W,W,WD,W,89,1,3.120704107,0.024657534,6.612788633,0.1,0.001123596,8
49435_1,BLSC,W,W3,1,F,ASY,Quebec,Chaleur Bay,-76.3420526,35.01913872,34.0,1/3/2005,2/6/2005,3,37,W,2005,8,1.0,W,W,WD,W,89,1,3.120704107,0.093150685,6.612788633,0.1,0.001123596,7
49437_1,BLSC,BM,St,1,F,ASY,Quebec,Chaleur Bay,-92.60489494,56.92770544,4.0,6/13/2004,6/17/2004,165,169,S,2004,29,31.0,S,S,SD,SM,89,1,3.120704107,0.010958904,6.612788633,0.166666667,0.001872659,24
49437_1,BLSC,B,B1,1,F,ASY,Quebec,Chaleur Bay,-95.17862782,59.77138593,46.0,6/21/2004,8/6/2004,173,219,B,2004,18,29.0,B,S,SM,SM,89,1,3.120704107,0.126027397,6.612788633,0.166666667,0.001872659,24
49437_1,BLSC,M,M1,1,F,ASY,Quebec,Chaleur Bay,-78.58528142,52.32940858,73.0,8/13/2004,10/25/2004,226,299,F,2004,14,18.0,F,B,WM,WM,89,1,3.120704107,0.2,6.612788633,0.166666667,0.001872659,19
49437_1,BLSC,W,W1,1,F,ASY,Quebec,Chaleur Bay,-80.37986537,32.36290062,23.0,11/8/2004,12/1/2004,313,336,W,2004,4,14.0,W,F,WM,WM,89,1,3.120704107,0.063013699,6.612788633,0.166666667,0.001872659,6
49437_1,BLSC,W,W2,1,F,ASY,Quebec,Chaleur Bay,-81.18643563,31.31672041,67.0,12/4/2004,2/9/2005,339,40,W,2004,4,4.0,W,W,WD,W,89,1,3.120704107,0.183561644,6.612788633,0.166666667,0.001872659,6
49438_1,BLSC,BM,St,1,M,AHY,Quebec,Chaleur Bay,-72.74409845,51.93485265,7.0,5/27/2004,6/3/2004,148,155,S,2004,20,31.0,S,S,SD,SM,89,1,3.120704107,0.019178082,5.90952381,0.111111111,0.001248439,13
49438_1,BLSC,B,B1,1,M,AHY,Quebec,Chaleur Bay,-73.06462458,56.53850498,16.0,6/7/2004,6/23/2004,159,175,B,2004,20,20.0,B,S,SM,SM,89,1,3.120704107,0.043835616,5.90952381,0.111111111,0.001248439,20
49438_1,BLSC,MM,St,1,M,AHY,Quebec,Chaleur Bay,-76.51210868,56.89701413,5.0,6/26/2004,7/1/2004,178,183,F,2004,19,20.0,F,B,WM,WM,89,1,3.120704107,0.01369863,5.90952381,0.111111111,0.001248439,20
49438_1,BLSC,M,M1,1,M,AHY,Quebec,Chaleur Bay,-81.8505998,53.33677716,81.0,7/7/2004,9/26/2004,189,270,F,2004,30,19.0,F,F,MD,WM,89,1,3.120704107,0.221917808,5.90952381,0.111111111,0.001248439,19
49438_1,BLSC,M,M2,1,M,AHY,Quebec,Chaleur Bay,-80.70839656,52.96430149,30.0,8/8/2004,9/7/2004,221,251,F,2004,14,30.0,F,F,MD,WM,89,1,3.120704107,0.082191781,5.90952381,0.111111111,0.001248439,19
49438_1,BLSC,M,M3,1,M,AHY,Quebec,Chaleur Bay,-79.73099119,51.86385579,25.0,9/29/2004,10/24/2004,273,298,F,2004,14,14.0,F,F,MD,WM,89,1,3.120704107,0.068493151,5.90952381,0.111111111,0.001248439,19
49438_1,BLSC,W,W1,1,M,AHY,Quebec,Chaleur Bay,-72.49035775,40.84563719,62.0,11/1/2004,1/2/2005,306,2,W,2004,2,14.0,W,F,WM,WM,89,1,3.120704107,0.169863014,5.90952381,0.111111111,0.001248439,8
49438_1,BLSC,W,W2,1,M,AHY,Quebec,Chaleur Bay,-76.49213556,35.34317483,32.0,1/8/2005,2/9/2005,8,40,W,2005,8,2.0,W,W,WD,W,89,1,3.120704107,0.087671233,5.90952381,0.111111111,0.001248439,7
49440_1,BLSC,BM,St,1,F,ASY,Quebec,Chaleur Bay,-85.33916252,54.46063508,12.0,5/31/2004,6/12/2004,152,164,S,2004,29,31.0,S,S,SD,SM,89,1,3.120704107,0.032876712,6.612788633,0.125,0.001404494,23
49440_1,BLSC,B,B1,1,F,ASY,Quebec,Chaleur Bay,-107.5172112,62.13397062,36.0,6/26/2004,8/1/2004,178,214,B,2004,24,29.0,B,S,SM,SM,89,1,3.120704107,0.098630137,6.612788633,0.125,0.001404494,2
49440_1,BLSC,MM,St,1,F,ASY,Quebec,Chaleur Bay,-88.00136192,56.39228671,2.0,8/9/2004,8/11/2004,222,224,F,2004,29,24.0,F,B,WM,WM,89,1,3.120704107,0.005479452,6.612788633,0.125,0.001404494,23
49440_1,BLSC,M,M1,1,F,ASY,Quebec,Chaleur Bay,-80.74956179,53.01501954,46.0,8/19/2004,10/4/2004,232,278,F,2004,14,29.0,F,F,MD,WM,89,1,3.120704107,0.126027397,6.612788633,0.125,0.001404494,19
49440_1,BLSC,M,M2,1,F,ASY,Quebec,Chaleur Bay,-79.82088251,52.0719049,18.0,10/7/2004,10/25/2004,281,299,F,2004,14,14.0,F,F,MD,WM,89,1,3.120704107,0.049315068,6.612788633,0.125,0.001404494,19
49440_1,BLSC,W,W1,1,F,ASY,Quebec,Chaleur Bay,-70.82883422,41.34199818,78.0,11/1/2004,1/18/2005,306,18,W,2004,2,14.0,W,F,WM,WM,89,1,3.120704107,0.21369863,6.612788633,0.125,0.001404494,8
49440_1,BLSC,W,W2,1,F,ASY,Quebec,Chaleur Bay,-72.50834658,40.84097115,26.0,12/4/2004,12/30/2004,339,365,W,2004,2,2.0,W,W,WD,W,89,1,3.120704107,0.071232877,6.612788633,0.125,0.001404494,8
49441_1,BLSC,BM,St,1,F,ASY,Quebec,Chaleur Bay,-88.83295653,56.56794018,14.0,6/2/2004,6/16/2004,154,168,S,2004,29,31.0,S,S,SD,SM,89,1,3.120704107,0.038356164,6.612788633,0.090909091,0.00102145,23
49441_1,BLSC,B,B1,1,F,ASY,Quebec,Chaleur Bay,-111.4690714,64.53013946,42.0,7/1/2004,8/12/2004,183,225,B,2004,24,29.0,B,S,SM,SM,89,1,3.120704107,0.115068493,6.612788633,0.090909091,0.00102145,4
49441_1,BLSC,M,M1,1,F,ASY,Quebec,Chaleur Bay,-89.58645698,56.98699818,4.0,8/18/2004,8/22/2004,231,235,F,2004,29,24.0,F,B,WM,WM,89,1,3.120704107,0.010958904,6.612788633,0.090909091,0.00102145,23
49441_1,BLSC,M,M2,1,F,ASY,Quebec,Chaleur Bay,-85.86477879,55.64299622,43.0,8/30/2004,10/12/2004,243,286,F,2004,29,29.0,F,F,MD,WM,89,1,3.120704107,0.117808219,6.612788633,0.090909091,0.00102145,23
49441_1,BLSC,M,M3,1,F,ASY,Quebec,Chaleur Bay,-82.15872283,55.05523686,4.0,10/15/2004,10/19/2004,289,293,F,2004,30,29.0,F,F,MD,WM,89,1,3.120704107,0.010958904,6.612788633,0.090909091,0.00102145,19
49441_1,BLSC,M,M4,1,F,ASY,Quebec,Chaleur Bay,-81.80325158,53.26714158,6.0,10/23/2004,10/29/2004,297,303,F,2004,30,30.0,F,F,MD,WM,89,1,3.120704107,0.016438356,6.612788633,0.090909091,0.00102145,19
49441_1,BLSC,W,W1,1,F,ASY,Quebec,Chaleur Bay,-69.88973717,41.68219687,8.0,11/5/2004,11/13/2004,310,318,W,2004,1,30.0,W,F,WM,WM,89,1,3.120704107,0.021917808,6.612788633,0.090909091,0.00102145,8
49441_1,BLSC,W,W2,1,F,ASY,Quebec,Chaleur Bay,-72.56388767,40.80030633,40.0,11/17/2004,12/27/2004,322,362,W,2004,2,1.0,W,W,WD,W,89,1,3.120704107,0.109589041,6.612788633,0.090909091,0.00102145,8
49441_1,BLSC,W,W3,1,F,ASY,Quebec,Chaleur Bay,-74.58837164,39.11766967,5.0,12/31/2004,1/5/2005,366,5,W,2004,3,2.0,W,W,WD,W,89,1,3.120704107,0.01369863,6.612788633,0.090909091,0.00102145,7
49441_1,BLSC,W,W4,1,F,ASY,Quebec,Chaleur Bay,-79.06195494,33.3910679,34.0,1/11/2005,2/14/2005,11,45,W,2005,4,3.0,W,W,WD,W,89,1,3.120704107,0.093150685,6.612788633,0.090909091,0.00102145,6
49442_1,BLSC,S,S2,1,M,AHY,Quebec,Chaleur Bay,-68.74034073,48.83452672,18.0,5/29/2004,6/16/2004,150,168,S,2004,16,31.0,S,S,SD,SM,89,1,3.120704107,0.049315068,5.90952381,0.142857143,0.001605136,13
49442_1,BLSC,M,M1,1,M,AHY,Quebec,Chaleur Bay,-79.77725025,51.97636376,88.0,6/21/2004,9/17/2004,173,261,F,2004,14,16.0,F,S,SM,SM,89,1,3.120704107,0.24109589,5.90952381,0.142857143,0.001605136,19
49442_1,BLSC,M,M2,1,M,AHY,Quebec,Chaleur Bay,-79.43662898,54.12129602,36.0,9/21/2004,10/27/2004,265,301,F,2004,23,14.0,F,F,MD,WM,89,1,3.120704107,0.098630137,5.90952381,0.142857143,0.001605136,19
49442_1,BLSC,W,W1,1,M,AHY,Quebec,Chaleur Bay,-70.37316847,41.33877411,38.0,11/4/2004,12/12/2004,309,347,W,2004,1,23.0,W,F,WM,WM,89,1,3.120704107,0.104109589,5.90952381,0.142857143,0.001605136,8
49442_1,BLSC,W,W2,1,M,AHY,Quebec,Chaleur Bay,-72.41301675,40.8757273,10.0,12/17/2004,12/27/2004,352,362,W,2004,2,1.0,W,W,WD,W,89,1,3.120704107,0.02739726,5.90952381,0.142857143,0.001605136,8
49442_1,BLSC,W,W3,1,M,AHY,Quebec,Chaleur Bay,-79.11295752,33.51270785,14.0,1/4/2005,1/18/2005,4,18,W,2005,4,2.0,W,W,WD,W,89,1,3.120704107,0.038356164,5.90952381,0.142857143,0.001605136,6
49443_1,BLSC,M,M1,1,M,AHY,Quebec,Chaleur Bay,-79.43547415,51.88914928,16.0,6/6/2004,6/22/2004,158,174,F,2004,14,16.0,F,S,SM,SM,89,1,3.120704107,0.043835616,5.90952381,0.142857143,0.001605136,19
49443_1,BLSC,M,M2,1,M,AHY,Quebec,Chaleur Bay,-80.57970941,51.78067061,61.0,6/28/2004,8/28/2004,180,241,F,2004,14,14.0,F,F,MD,WM,89,1,3.120704107,0.167123288,5.90952381,0.142857143,0.001605136,19
49443_1,BLSC,M,M3,1,M,AHY,Quebec,Chaleur Bay,-79.51537366,54.31329525,34.0,9/3/2004,10/7/2004,247,281,F,2004,23,14.0,F,F,MD,WM,89,1,3.120704107,0.093150685,5.90952381,0.142857143,0.001605136,19
49443_1,BLSC,W,W1,1,M,AHY,Quebec,Chaleur Bay,-70.78952411,41.40588162,4.0,10/26/2004,10/30/2004,300,304,W,2004,2,23.0,W,F,WM,WM,89,1,3.120704107,0.010958904,5.90952381,0.142857143,0.001605136,8
49443_1,BLSC,W,W2,1,M,AHY,Quebec,Chaleur Bay,-72.26300065,40.90432711,48.0,11/11/2004,12/29/2004,316,364,W,2004,2,2.0,W,W,WD,W,89,1,3.120704107,0.131506849,5.90952381,0.142857143,0.001605136,8
49443_1,BLSC,W,W3,1,M,AHY,Quebec,Chaleur Bay,-71.09388495,41.46163162,46.0,1/2/2005,2/17/2005,2,48,W,2005,2,2.0,W,W,WD,W,89,1,3.120704107,0.126027397,5.90952381,0.142857143,0.001605136,8
65584_1,BLSC,BM,St,1,F,ASY,Quebec,Chaleur Bay,-77.36324373,52.41518973,6.0,5/27/2009,6/2/2009,147,153,S,2009,20,31.0,S,S,SD,SM,89,1,3.120704107,0.016438356,6.612788633,0.058823529,0.000660939,19
65584_1,BLSC,B,B1,1,F,ASY,Quebec,Chaleur Bay,-103.5217693,61.89482957,55.0,6/8/2009,8/2/2009,159,214,B,2009,21,20.0,B,S,SM,SM,89,1,3.120704107,0.150684932,6.612788633,0.058823529,0.000660939,5
65584_1,BLSC,M,M1,1,F,ASY,Quebec,Chaleur Bay,-90.02976139,57.09206766,12.0,8/5/2009,8/17/2009,217,229,F,2009,29,21.0,F,B,WM,WM,89,1,3.120704107,0.032876712,6.612788633,0.058823529,0.000660939,23
65584_1,BLSC,M,M2,1,F,ASY,Quebec,Chaleur Bay,-79.30993257,52.17455256,72.0,8/21/2009,11/1/2009,233,305,F,2009,14,29.0,F,F,MD,WM,89,1,3.120704107,0.197260274,6.612788633,0.058823529,0.000660939,19
65584_1,BLSC,WM,St,1,F,ASY,Quebec,Chaleur Bay,-73.00742985,40.67303425,1.0,11/5/2009,11/6/2009,309,310,F,2009,2,14.0,F,F,MD,WM,89,1,3.120704107,0.002739726,6.612788633,0.058823529,0.000660939,8
65584_1,BLSC,W,W1,1,F,ASY,Quebec,Chaleur Bay,-70.14665253,41.44024697,36.0,11/9/2009,12/15/2009,313,349,W,2009,1,2.0,W,F,WM,WM,89,1,3.120704107,0.098630137,6.612788633,0.058823529,0.000660939,8
65584_1,BLSC,W,W2,1,F,ASY,Quebec,Chaleur Bay,-75.0379024,38.65719921,109.9583333,12/19/2009,4/8/2010,353,98,W,2009,3,1.0,W,W,WD,W,89,1,3.120704107,0.301255708,6.612788633,0.058823529,0.000660939,7
65584_1,BLSC,S,S1,2,F,ASY,Quebec,Chaleur Bay,-64.8841955,47.2561212,6.0,4/13/2010,4/19/2010,103,109,S,2010,12,3.0,S,W,SM,SM,89,1,3.120704107,0.016438356,6.612788633,0.058823529,0.000660939,14
65584_1,BLSC,S,S2,2,F,ASY,Quebec,Chaleur Bay,-66.06416496,48.13561215,19.0,4/23/2010,5/12/2010,113,132,S,2010,31,12.0,S,S,SD,SM,89,1,3.120704107,0.052054795,6.612788633,0.058823529,0.000660939,15
65584_1,BLSC,BM,St,2,F,ASY,Quebec,Chaleur Bay,-80.10719489,51.47990377,2.0,5/16/2010,5/18/2010,136,138,S,2010,14,31.0,S,S,SD,SM,89,1,3.120704107,0.005479452,6.612788633,0.058823529,0.000660939,19
65584_1,BLSC,B,B1,2,F,ASY,Quebec,Chaleur Bay,-97.4971242,59.05606521,5.0,5/24/2010,5/29/2010,144,149,B,2010,18,14.0,B,S,SM,SM,89,1,3.120704107,0.01369863,6.612788633,0.058823529,0.000660939,24
65584_1,BLSC,B,B2,2,F,ASY,Quebec,Chaleur Bay,-103.8150421,62.35784547,106.0,6/2/2010,9/16/2010,153,259,B,2010,21,18.0,B,B,BD,B,89,1,3.120704107,0.290410959,6.612788633,0.058823529,0.000660939,2
65584_1,BLSC,M,M1,2,F,ASY,Quebec,Chaleur Bay,-88.41092699,56.51829207,7.0,9/19/2010,9/26/2010,262,269,F,2010,29,21.0,F,B,WM,WM,89,1,3.120704107,0.019178082,6.612788633,0.058823529,0.000660939,23
65584_1,BLSC,M,M2,2,F,ASY,Quebec,Chaleur Bay,-79.0022963,52.55572702,28.0,9/30/2010,10/28/2010,273,301,F,2010,14,29.0,F,F,MD,WM,89,1,3.120704107,0.076712329,6.612788633,0.058823529,0.000660939,19
65584_1,BLSC,W,W1,2,F,ASY,Quebec,Chaleur Bay,-70.06417846,41.83813765,8.041666667,10/31/2010,11/8/2010,304,312,W,2010,1,14.0,W,F,WM,WM,89,1,3.120704107,0.022031963,6.612788633,0.058823529,0.000660939,9
65584_1,BLSC,W,W2,2,F,ASY,Quebec,Chaleur Bay,-73.78790348,40.62228741,17.0,11/12/2010,11/29/2010,316,333,W,2010,2,1.0,W,W,WD,W,89,1,3.120704107,0.046575342,6.612788633,0.058823529,0.000660939,8
65601_1,BLSC,M,M1,1,F,AHY,Quebec,Chaleur Bay,-78.98343234,52.26008653,61.0,7/19/2009,9/18/2009,200,261,F,2009,14,31.0,F,S,SM,SM,89,1,3.120704107,0.167123288,6.612788633,0.1,0.001123596,19
65601_1,BLSC,M,M2,1,F,AHY,Quebec,Chaleur Bay,-80.71936014,52.59801372,25.0,9/23/2009,10/18/2009,266,291,F,2009,14,14.0,F,F,MD,WM,89,1,3.120704107,0.068493151,6.612788633,0.1,0.001123596,19
65601_1,BLSC,W,W1,1,F,AHY,Quebec,Chaleur Bay,-73.17332571,40.61916975,38.04166667,10/26/2009,12/3/2009,299,337,W,2009,2,14.0,W,F,WM,WM,89,1,3.120704107,0.104223744,6.612788633,0.1,0.001123596,8
65601_1,BLSC,W,W2,1,F,AHY,Quebec,Chaleur Bay,-75.07991954,38.83539447,109.9583333,12/7/2009,3/27/2010,341,86,W,2009,3,2.0,W,W,WD,W,89,1,3.120704107,0.301255708,6.612788633,0.1,0.001123596,7
65601_1,BLSC,S,S1,2,F,AHY,Quebec,Chaleur Bay,-70.15133863,41.51215848,10.0,3/31/2010,4/10/2010,90,100,S,2010,1,3.0,S,W,SM,SM,89,1,3.120704107,0.02739726,6.612788633,0.1,0.001123596,8
65601_1,BLSC,S,S2,2,F,AHY,Quebec,Chaleur Bay,-65.58597715,48.44402109,23.0,4/17/2010,5/10/2010,107,130,S,2010,31,1.0,S,S,SD,SM,89,1,3.120704107,0.063013699,6.612788633,0.1,0.001123596,15
65601_1,BLSC,BM,St,2,F,AHY,Quebec,Chaleur Bay,-100.7799591,58.20381726,2.0,5/25/2010,5/27/2010,145,147,S,2010,21,31.0,S,S,SD,SM,89,1,3.120704107,0.005479452,6.612788633,0.1,0.001123596,24
65601_1,BLSC,B,B1,2,F,AHY,Quebec,Chaleur Bay,-101.9870669,61.56952718,11.0,6/4/2010,6/15/2010,155,166,B,2010,21,21.0,B,S,SM,SM,89,1,3.120704107,0.030136986,6.612788633,0.1,0.001123596,5
65601_1,BLSC,B,B2,2,F,AHY,Quebec,Chaleur Bay,-102.4704178,61.56903119,43.0,6/18/2010,7/31/2010,169,212,B,2010,21,21.0,B,B,BD,B,89,1,3.120704107,0.117808219,6.612788633,0.1,0.001123596,5
65602_1,BLSC,BM,St,1,F,ASY,Quebec,Chaleur Bay,-85.94821637,55.84741801,25.0,5/28/2009,6/22/2009,148,173,S,2009,29,31.0,S,S,SD,SM,89,1,3.120704107,0.068493151,6.612788633,0.090909091,0.00102145,23
65602_1,BLSC,B,B1,1,F,ASY,Quebec,Chaleur Bay,-107.3751159,62.25499681,37.0,7/1/2009,8/7/2009,182,219,B,2009,24,29.0,B,S,SM,SM,89,1,3.120704107,0.101369863,6.612788633,0.090909091,0.00102145,2
65602_1,BLSC,MM,St,1,F,ASY,Quebec,Chaleur Bay,-89.93416474,57.13120774,3.0,8/15/2009,8/18/2009,227,230,F,2009,29,24.0,F,B,WM,WM,89,1,3.120704107,0.008219178,6.612788633,0.090909091,0.00102145,23
65602_1,BLSC,M,M1,1,F,ASY,Quebec,Chaleur Bay,-79.51194194,54.04048514,68.0,8/25/2009,11/1/2009,237,305,F,2009,23,29.0,F,F,MD,WM,89,1,3.120704107,0.18630137,6.612788633,0.090909091,0.00102145,19
65602_1,BLSC,W,W1,1,F,ASY,Quebec,Chaleur Bay,-75.11343406,38.82016637,141.9583333,11/8/2009,3/30/2010,312,89,W,2009,3,23.0,W,F,WM,WM,89,1,3.120704107,0.388926941,6.612788633,0.090909091,0.00102145,7
65602_1,BLSC,S,S1,2,F,ASY,Quebec,Chaleur Bay,-66.43384871,48.02017125,35.0,4/5/2010,5/10/2010,95,130,S,2010,31,3.0,S,W,SM,SM,89,1,3.120704107,0.095890411,6.612788633,0.090909091,0.00102145,15
65602_1,BLSC,BM,St,2,F,ASY,Quebec,Chaleur Bay,-79.28478703,54.13982811,6.0,5/14/2010,5/20/2010,134,140,S,2010,23,31.0,S,S,SD,SM,89,1,3.120704107,0.016438356,6.612788633,0.090909091,0.00102145,19
65602_1,BLSC,B,B1,2,F,ASY,Quebec,Chaleur Bay,-107.348262,62.27919042,59.0,6/4/2010,8/2/2010,155,214,B,2010,24,23.0,B,S,SM,SM,89,1,3.120704107,0.161643836,6.612788633,0.090909091,0.00102145,2
65602_1,BLSC,M,M1,2,F,ASY,Quebec,Chaleur Bay,-94.72321644,60.07904195,4.0,8/16/2010,8/20/2010,228,232,F,2010,18,24.0,F,B,WM,WM,89,1,3.120704107,0.010958904,6.612788633,0.090909091,0.00102145,24
65602_1,BLSC,M,M2,2,F,ASY,Quebec,Chaleur Bay,-84.65512416,55.39675129,6.0,8/27/2010,9/2/2010,239,245,F,2010,30,18.0,F,F,MD,WM,89,1,3.120704107,0.016438356,6.612788633,0.090909091,0.00102145,23
65603_1,BLSC,B,B1,1,F,ASY,Quebec,Chaleur Bay,-104.5425196,63.07564485,54.0,6/15/2009,8/8/2009,166,220,B,2009,21,31.0,B,S,SM,SM,89,1,3.120704107,0.147945205,6.612788633,0.142857143,0.001605136,2
65603_1,BLSC,M,M1,1,F,ASY,Quebec,Chaleur Bay,-79.10371575,53.22393748,71.04166667,8/23/2009,11/2/2009,235,306,F,2009,23,21.0,F,B,WM,WM,89,1,3.120704107,0.194634703,6.612788633,0.142857143,0.001605136,19
65603_1,BLSC,W,W1,1,F,ASY,Quebec,Chaleur Bay,-70.05950134,41.53941565,148.9583333,11/6/2009,4/4/2010,310,94,W,2009,1,23.0,W,F,WM,WM,89,1,3.120704107,0.408105023,6.612788633,0.142857143,0.001605136,8
65603_1,BLSC,S,S1,2,F,ASY,Quebec,Chaleur Bay,-65.85396694,48.12809234,27.0,4/11/2010,5/8/2010,101,128,S,2010,31,1.0,S,W,SM,SM,89,1,3.120704107,0.073972603,6.612788633,0.142857143,0.001605136,15
65603_1,BLSC,B,B1,2,F,ASY,Quebec,Chaleur Bay,-74.03647372,50.74598713,36.0,5/14/2010,6/19/2010,134,170,B,2010,20,31.0,B,S,SM,SM,89,1,3.120704107,0.098630137,6.612788633,0.142857143,0.001605136,13
65603_1,BLSC,M,M1,2,F,ASY,Quebec,Chaleur Bay,-79.02759827,52.95364311,85.0,6/26/2010,9/19/2010,177,262,F,2010,14,20.0,F,B,WM,WM,89,1,3.120704107,0.232876712,6.612788633,0.142857143,0.001605136,19
65607_1,BLSC,S,S2,1,F,ASY,Quebec,Chaleur Bay,-66.51480789,50.1344607,10.0,5/22/2009,6/1/2009,142,152,S,2009,15,31.0,S,S,SD,SM,89,1,3.120704107,0.02739726,6.612788633,0.076923077,0.000864304,15
65607_1,BLSC,BM,St,1,F,ASY,Quebec,Chaleur Bay,-83.91679902,53.86353819,13.0,6/8/2009,6/21/2009,159,172,S,2009,30,15.0,S,S,SD,SM,89,1,3.120704107,0.035616438,6.612788633,0.076923077,0.000864304,23
65607_1,BLSC,B,B1,1,F,ASY,Quebec,Chaleur Bay,-96.14824231,59.1548074,37.0,6/25/2009,8/1/2009,176,213,B,2009,18,30.0,B,S,SM,SM,89,1,3.120704107,0.101369863,6.612788633,0.076923077,0.000864304,24
65607_1,BLSC,M,M1,1,F,ASY,Quebec,Chaleur Bay,-88.62886666,56.73281852,66.0,8/5/2009,10/10/2009,217,283,F,2009,29,18.0,F,B,WM,WM,89,1,3.120704107,0.180821918,6.612788633,0.076923077,0.000864304,23
65607_1,BLSC,M,M2,1,F,ASY,Quebec,Chaleur Bay,-82.31292084,54.24242285,3.0,10/14/2009,10/17/2009,287,290,F,2009,30,29.0,F,F,MD,WM,89,1,3.120704107,0.008219178,6.612788633,0.076923077,0.000864304,19
65607_1,BLSC,M,M3,1,F,ASY,Quebec,Chaleur Bay,-79.73680003,52.0841269,12.04166667,10/21/2009,11/2/2009,294,306,F,2009,14,30.0,F,F,MD,WM,89,1,3.120704107,0.032990868,6.612788633,0.076923077,0.000864304,19
65607_1,BLSC,W,W1,1,F,ASY,Quebec,Chaleur Bay,-73.2144283,40.6159406,20.0,11/7/2009,11/27/2009,311,331,W,2009,2,14.0,W,F,WM,WM,89,1,3.120704107,0.054794521,6.612788633,0.076923077,0.000864304,8
65607_1,BLSC,W,W2,1,F,ASY,Quebec,Chaleur Bay,-70.63427675,41.33336493,129.9583333,11/30/2009,4/9/2010,334,99,W,2009,1,2.0,W,W,WD,W,89,1,3.120704107,0.356050228,6.612788633,0.076923077,0.000864304,8
65607_1,BLSC,S,S1,2,F,ASY,Quebec,Chaleur Bay,-64.71124393,46.70383188,7.0,4/13/2010,4/20/2010,103,110,S,2010,12,1.0,S,W,SM,SM,89,1,3.120704107,0.019178082,6.612788633,0.076923077,0.000864304,14
65607_1,BLSC,S,S2,2,F,ASY,Quebec,Chaleur Bay,-65.04325455,50.26930065,19.0,4/26/2010,5/15/2010,116,135,S,2010,15,12.0,S,S,SD,SM,89,1,3.120704107,0.052054795,6.612788633,0.076923077,0.000864304,15
65607_1,BLSC,B,B1,2,F,ASY,Quebec,Chaleur Bay,-95.60224973,57.75875409,4.0,5/25/2010,5/29/2010,145,149,B,2010,18,15.0,B,S,SM,SM,89,1,3.120704107,0.010958904,6.612788633,0.076923077,0.000864304,24
65607_1,BLSC,B,B2,2,F,ASY,Quebec,Chaleur Bay,-96.04466494,59.17868245,60.0,6/2/2010,8/1/2010,153,213,B,2010,18,18.0,B,B,BD,B,89,1,3.120704107,0.164383562,6.612788633,0.076923077,0.000864304,24
65609_1,BLSC,M,M1,1,F,ASY,Quebec,Chaleur Bay,-78.9717341,53.24353134,19.0,6/11/2009,6/30/2009,162,181,F,2009,23,31.0,F,S,SM,SM,89,1,3.120704107,0.052054795,6.612788633,0.090909091,0.00102145,19
65609_1,BLSC,M,M2,1,F,ASY,Quebec,Chaleur Bay,-80.7521658,52.65895396,16.0,7/3/2009,7/19/2009,184,200,F,2009,14,23.0,F,F,MD,WM,89,1,3.120704107,0.043835616,6.612788633,0.090909091,0.00102145,19
65609_1,BLSC,M,M3,1,F,ASY,Quebec,Chaleur Bay,-82.13311374,53.55620915,64.0,7/23/2009,9/25/2009,204,268,F,2009,30,14.0,F,F,MD,WM,89,1,3.120704107,0.175342466,6.612788633,0.090909091,0.00102145,19
65609_1,BLSC,M,M4,1,F,ASY,Quebec,Chaleur Bay,-78.90598698,52.61964555,32.0,9/29/2009,10/31/2009,272,304,F,2009,14,30.0,F,F,MD,WM,89,1,3.120704107,0.087671233,6.612788633,0.090909091,0.00102145,19
65609_1,BLSC,W,W1,1,F,ASY,Quebec,Chaleur Bay,-75.15139588,39.02303273,42.0,11/7/2009,12/19/2009,311,353,W,2009,3,14.0,W,F,WM,WM,89,1,3.120704107,0.115068493,6.612788633,0.090909091,0.00102145,7
65609_1,BLSC,W,W2,1,F,ASY,Quebec,Chaleur Bay,-79.56220475,32.94209283,86.95833333,12/23/2009,3/20/2010,357,79,W,2009,4,3.0,W,W,WD,W,89,1,3.120704107,0.238242009,6.612788633,0.090909091,0.00102145,6
65609_1,BLSC,SM,St,1,F,ASY,Quebec,Chaleur Bay,-73.13709635,40.35894832,14.0,3/27/2010,4/10/2010,86,100,S,2010,2,4.0,S,W,SM,SM,89,1,3.120704107,0.038356164,6.612788633,0.090909091,0.00102145,8
65609_1,BLSC,S,S1,2,F,ASY,Quebec,Chaleur Bay,-66.21838307,47.88250212,25.0,4/15/2010,5/10/2010,105,130,S,2010,31,2.0,S,S,SD,SM,89,1,3.120704107,0.068493151,6.612788633,0.090909091,0.00102145,15
65609_1,BLSC,M,M1,2,F,ASY,Quebec,Chaleur Bay,-79.98584868,51.78236157,16.0,5/18/2010,6/3/2010,138,154,F,2010,14,31.0,F,S,SM,SM,89,1,3.120704107,0.043835616,6.612788633,0.090909091,0.00102145,19
65609_1,BLSC,M,M2,2,F,ASY,Quebec,Chaleur Bay,-81.34703235,52.8032325,9.0,6/6/2010,6/15/2010,157,166,F,2010,14,14.0,F,F,MD,WM,89,1,3.120704107,0.024657534,6.612788633,0.090909091,0.00102145,19
65610_1,BLSC,BM,St,1,F,ASY,Quebec,Chaleur Bay,-86.72170977,56.18503465,47.0,5/25/2009,7/11/2009,145,192,S,2009,29,31.0,S,S,SD,SM,89,1,3.120704107,0.128767123,6.612788633,0.083333333,0.00093633,23
65610_1,BLSC,B,B1,1,F,ASY,Quebec,Chaleur Bay,-102.5787948,62.82913185,22.0,7/15/2009,8/6/2009,196,218,B,2009,21,29.0,B,S,SM,SM,89,1,3.120704107,0.060273973,6.612788633,0.083333333,0.00093633,5
65610_1,BLSC,MM,St,1,F,ASY,Quebec,Chaleur Bay,-89.11357644,56.96080477,2.0,8/10/2009,8/12/2009,222,224,F,2009,29,21.0,F,B,WM,WM,89,1,3.120704107,0.005479452,6.612788633,0.083333333,0.00093633,23
65610_1,BLSC,M,M1,1,F,ASY,Quebec,Chaleur Bay,-82.25923767,54.14990065,65.0,8/16/2009,10/20/2009,228,293,F,2009,30,29.0,F,F,MD,WM,89,1,3.120704107,0.178082192,6.612788633,0.083333333,0.00093633,19
65610_1,BLSC,M,M2,1,F,ASY,Quebec,Chaleur Bay,-79.08921835,52.28676459,9.041666667,10/24/2009,11/2/2009,297,306,F,2009,14,30.0,F,F,MD,WM,89,1,3.120704107,0.024771689,6.612788633,0.083333333,0.00093633,19
65610_1,BLSC,W,W1,1,F,ASY,Quebec,Chaleur Bay,-73.17066925,40.59781327,21.0,11/5/2009,11/26/2009,309,330,W,2009,2,14.0,W,F,WM,WM,89,1,3.120704107,0.057534247,6.612788633,0.083333333,0.00093633,8
65610_1,BLSC,W,W2,1,F,ASY,Quebec,Chaleur Bay,-79.77298746,32.73706051,117.9583333,12/1/2009,3/29/2010,335,88,W,2009,4,2.0,W,W,WD,W,89,1,3.120704107,0.323173516,6.612788633,0.083333333,0.00093633,6
65610_1,BLSC,S,S1,2,F,ASY,Quebec,Chaleur Bay,-64.82326855,46.88793241,11.0,4/7/2010,4/18/2010,97,108,S,2010,12,4.0,S,W,SM,SM,89,1,3.120704107,0.030136986,6.612788633,0.083333333,0.00093633,14
65610_1,BLSC,S,S2,2,F,ASY,Quebec,Chaleur Bay,-66.20408416,49.1144096,20.0,4/20/2010,5/10/2010,110,130,S,2010,15,12.0,S,S,SD,SM,89,1,3.120704107,0.054794521,6.612788633,0.083333333,0.00093633,15
65610_1,BLSC,BM,St,2,F,ASY,Quebec,Chaleur Bay,-81.55192809,53.80215445,14.0,5/14/2010,5/28/2010,134,148,S,2010,30,15.0,S,S,SD,SM,89,1,3.120704107,0.038356164,6.612788633,0.083333333,0.00093633,19
65610_1,BLSC,B,B1,2,F,ASY,Quebec,Chaleur Bay,-102.157748,62.9046632,74.0,6/1/2010,8/14/2010,152,226,B,2010,21,30.0,B,S,SM,SM,89,1,3.120704107,0.202739726,6.612788633,0.083333333,0.00093633,5
65611_1,BLSC,M,M1,1,F,ASY,Quebec,Chaleur Bay,-79.11027589,52.3118533,66.0,6/30/2009,9/4/2009,181,247,F,2009,14,31.0,F,S,SM,SM,89,1,3.120704107,0.180821918,6.612788633,0.111111111,0.001248439,19
65611_1,BLSC,M,M2,1,F,ASY,Quebec,Chaleur Bay,-79.39543781,53.81523999,53.0,9/8/2009,10/31/2009,251,304,F,2009,23,14.0,F,F,MD,WM,89,1,3.120704107,0.145205479,6.612788633,0.111111111,0.001248439,19
65611_1,BLSC,W,W1,1,F,ASY,Quebec,Chaleur Bay,-75.12879288,39.0967327,15.0,11/5/2009,11/20/2009,309,324,W,2009,3,23.0,W,F,WM,WM,89,1,3.120704107,0.04109589,6.612788633,0.111111111,0.001248439,7
65611_1,BLSC,W,W2,1,F,ASY,Quebec,Chaleur Bay,-79.95238506,32.62261995,128.9583333,11/24/2009,4/2/2010,328,92,W,2009,4,3.0,W,W,WD,W,89,1,3.120704107,0.353310502,6.612788633,0.111111111,0.001248439,6
65611_1,BLSC,S,S1,2,F,ASY,Quebec,Chaleur Bay,-70.30841001,41.53451466,28.0,4/7/2010,5/5/2010,97,125,S,2010,1,4.0,S,W,SM,SM,89,1,3.120704107,0.076712329,6.612788633,0.111111111,0.001248439,8
65611_1,BLSC,S,S2,2,F,ASY,Quebec,Chaleur Bay,-69.90726425,43.65163192,5.0,5/7/2010,5/12/2010,127,132,S,2010,5,1.0,S,S,SD,SM,89,1,3.120704107,0.01369863,6.612788633,0.111111111,0.001248439,9
65611_1,BLSC,S,S3,2,F,ASY,Quebec,Chaleur Bay,-69.33235586,48.36206235,3.0,5/18/2010,5/21/2010,138,141,S,2010,16,5.0,S,S,SD,SM,89,1,3.120704107,0.008219178,6.612788633,0.111111111,0.001248439,13
65611_1,BLSC,B,B1,2,F,ASY,Quebec,Chaleur Bay,-87.50572569,54.57037268,29.0,5/31/2010,6/29/2010,151,180,B,2010,29,16.0,B,S,SM,SM,89,1,3.120704107,0.079452055,6.612788633,0.111111111,0.001248439,23
65612_1,BLSC,S,S2,1,F,ASY,Quebec,Chaleur Bay,-68.64520497,48.84894825,6.0,5/26/2009,6/1/2009,146,152,S,2009,16,31.0,S,S,SD,SM,89,1,3.120704107,0.016438356,6.612788633,0.083333333,0.00093633,13
65612_1,BLSC,BM,St,1,F,ASY,Quebec,Chaleur Bay,-85.42257184,55.68497439,17.0,6/8/2009,6/25/2009,159,176,S,2009,29,16.0,S,S,SD,SM,89,1,3.120704107,0.046575342,6.612788633,0.083333333,0.00093633,23
65612_1,BLSC,B,B1,1,F,ASY,Quebec,Chaleur Bay,-105.3668025,62.18633442,44.0,6/29/2009,8/12/2009,180,224,B,2009,21,29.0,B,S,SM,SM,89,1,3.120704107,0.120547945,6.612788633,0.083333333,0.00093633,2
65612_1,BLSC,M,M1,1,F,ASY,Quebec,Chaleur Bay,-94.91987275,59.61019975,11.0,8/19/2009,8/30/2009,231,242,F,2009,18,21.0,F,B,WM,WM,89,1,3.120704107,0.030136986,6.612788633,0.083333333,0.00093633,24
65612_1,BLSC,M,M2,1,F,ASY,Quebec,Chaleur Bay,-79.21736709,53.50294076,61.04166667,9/4/2009,11/4/2009,247,308,F,2009,23,18.0,F,F,MD,WM,89,1,3.120704107,0.167237443,6.612788633,0.083333333,0.00093633,19
65612_1,BLSC,W,W1,1,F,ASY,Quebec,Chaleur Bay,-73.26768142,40.59566434,14.0,11/14/2009,11/28/2009,318,332,W,2009,2,23.0,W,F,WM,WM,89,1,3.120704107,0.038356164,6.612788633,0.083333333,0.00093633,8
65612_1,BLSC,W,W2,1,F,ASY,Quebec,Chaleur Bay,-75.10615602,38.79565777,119.9583333,12/1/2009,3/31/2010,335,90,W,2009,3,2.0,W,W,WD,W,89,1,3.120704107,0.328652968,6.612788633,0.083333333,0.00093633,7
65612_1,BLSC,S,S1,2,F,ASY,Quebec,Chaleur Bay,-67.384374,49.45303266,3.0,4/5/2010,4/8/2010,95,98,S,2010,16,3.0,S,W,SM,SM,89,1,3.120704107,0.008219178,6.612788633,0.083333333,0.00093633,15
65612_1,BLSC,S,S2,2,F,ASY,Quebec,Chaleur Bay,-66.07055333,50.1608958,26.0,4/12/2010,5/8/2010,102,128,S,2010,15,16.0,S,S,SD,SM,89,1,3.120704107,0.071232877,6.612788633,0.083333333,0.00093633,15
65612_1,BLSC,BM,St,2,F,ASY,Quebec,Chaleur Bay,-89.9079187,56.03848785,15.0,5/15/2010,5/30/2010,135,150,S,2010,29,15.0,S,S,SD,SM,89,1,3.120704107,0.04109589,6.612788633,0.083333333,0.00093633,23
65612_1,BLSC,B,B1,2,F,ASY,Quebec,Chaleur Bay,-105.3645082,62.16584429,33.0,6/4/2010,7/7/2010,155,188,B,2010,21,29.0,B,S,SM,SM,89,1,3.120704107,0.090410959,6.612788633,0.083333333,0.00093633,2
65615_1,BLSC,BM,St,1,F,ASY,Quebec,Chaleur Bay,-72.98013778,55.16702897,27.0,5/26/2009,6/22/2009,146,173,S,2009,20,31.0,S,S,SD,SM,89,1,3.120704107,0.073972603,6.612788633,0.142857143,0.001605136,20
65615_1,BLSC,B,B1,1,F,ASY,Quebec,Chaleur Bay,-70.23310679,57.76659727,34.0,6/27/2009,7/31/2009,178,212,B,2009,22,20.0,B,S,SM,SM,89,1,3.120704107,0.093150685,6.612788633,0.142857143,0.001605136,17
65615_1,BLSC,M,M1,1,F,ASY,Quebec,Chaleur Bay,-67.52356286,58.30726952,71.0,8/3/2009,10/13/2009,215,286,F,2009,22,22.0,F,B,WM,WM,89,1,3.120704107,0.194520548,6.612788633,0.142857143,0.001605136,17
65615_1,BLSC,WM,St,1,F,ASY,Quebec,Chaleur Bay,-69.98935989,41.7059967,3.0,10/21/2009,10/24/2009,294,297,F,2009,1,22.0,F,F,MD,WM,89,1,3.120704107,0.008219178,6.612788633,0.142857143,0.001605136,8
65615_1,BLSC,W,W1,1,F,ASY,Quebec,Chaleur Bay,-62.52608349,44.83754462,47.0,11/11/2009,12/28/2009,315,362,W,2009,13,1.0,W,F,WM,WM,89,1,3.120704107,0.128767123,6.612788633,0.142857143,0.001605136,14
65615_1,BLSC,W,W2,1,F,ASY,Quebec,Chaleur Bay,-61.26952106,45.17283156,182.9583333,1/3/2010,7/5/2010,3,186,W,2010,13,13.0,W,W,WD,W,89,1,3.120704107,0.501255708,6.612788633,0.142857143,0.001605136,14
65616_1,BLSC,BM,St,1,F,ASY,Quebec,Chaleur Bay,-86.28924959,55.05105774,19.0,6/8/2009,6/27/2009,159,178,S,2009,29,31.0,S,S,SD,SM,89,1,3.120704107,0.052054795,6.612788633,0.076923077,0.000864304,23
65616_1,BLSC,B,B1,1,F,ASY,Quebec,Chaleur Bay,-100.6419804,62.07007322,5.0,7/3/2009,7/8/2009,184,189,B,2009,21,29.0,B,S,SM,SM,89,1,3.120704107,0.01369863,6.612788633,0.076923077,0.000864304,5
65616_1,BLSC,B,B2,1,F,ASY,Quebec,Chaleur Bay,-102.3443226,62.06057241,21.0,7/12/2009,8/2/2009,193,214,B,2009,21,21.0,B,B,BD,B,89,1,3.120704107,0.057534247,6.612788633,0.076923077,0.000864304,5
65616_1,BLSC,M,M1,1,F,ASY,Quebec,Chaleur Bay,-90.10071495,57.09851183,62.0,8/6/2009,10/7/2009,218,280,F,2009,29,21.0,F,B,WM,WM,89,1,3.120704107,0.169863014,6.612788633,0.076923077,0.000864304,23
65616_1,BLSC,M,M2,1,F,ASY,Quebec,Chaleur Bay,-78.82424984,52.34578589,19.0,10/12/2009,10/31/2009,285,304,F,2009,14,29.0,F,F,MD,WM,89,1,3.120704107,0.052054795,6.612788633,0.076923077,0.000864304,19
65616_1,BLSC,W,W1,1,F,ASY,Quebec,Chaleur Bay,-75.93256756,35.32363135,16.0,11/11/2009,11/27/2009,315,331,W,2009,8,14.0,W,F,WM,WM,89,1,3.120704107,0.043835616,6.612788633,0.076923077,0.000864304,7
65616_1,BLSC,W,W2,1,F,ASY,Quebec,Chaleur Bay,-81.15691218,31.45242324,28.0,12/4/2009,1/1/2010,338,1,W,2009,4,8.0,W,W,WD,W,89,1,3.120704107,0.076712329,6.612788633,0.076923077,0.000864304,6
65616_1,BLSC,W,W3,1,F,ASY,Quebec,Chaleur Bay,-79.71135293,32.79158992,68.0,1/5/2010,3/14/2010,5,73,W,2010,4,4.0,W,W,WD,W,89,1,3.120704107,0.18630137,6.612788633,0.076923077,0.000864304,6
65616_1,BLSC,S,S1,2,F,ASY,Quebec,Chaleur Bay,-64.73470281,46.75822464,22.0,3/25/2010,4/16/2010,84,106,S,2010,12,4.0,S,W,SM,SM,89,1,3.120704107,0.060273973,6.612788633,0.076923077,0.000864304,14
65616_1,BLSC,S,S2,2,F,ASY,Quebec,Chaleur Bay,-66.15474188,48.00735658,16.0,4/22/2010,5/8/2010,112,128,S,2010,31,12.0,S,S,SD,SM,89,1,3.120704107,0.043835616,6.612788633,0.076923077,0.000864304,15
65616_1,BLSC,BM,St,2,F,ASY,Quebec,Chaleur Bay,-98.20491698,59.43985959,11.0,5/27/2010,6/7/2010,147,158,S,2010,18,31.0,S,S,SD,SM,89,1,3.120704107,0.030136986,6.612788633,0.076923077,0.000864304,24
65616_1,BLSC,B,B1,2,F,ASY,Quebec,Chaleur Bay,-102.295624,62.03317703,28.0,6/11/2010,7/9/2010,162,190,B,2010,21,18.0,B,S,SM,SM,89,1,3.120704107,0.076712329,6.612788633,0.076923077,0.000864304,5
65617_1,BLSC,M,M1,1,F,ASY,Quebec,Chaleur Bay,-79.39461958,52.08498239,123.0,6/11/2009,10/12/2009,162,285,F,2009,14,31.0,F,S,SM,SM,89,1,3.120704107,0.336986301,6.612788633,0.1,0.001123596,19
65617_1,BLSC,W,W1,1,F,ASY,Quebec,Chaleur Bay,-72.94170113,40.69434465,3.0,10/16/2009,10/19/2009,289,292,W,2009,2,14.0,W,F,WM,WM,89,1,3.120704107,0.008219178,6.612788633,0.1,0.001123596,8
65617_1,BLSC,W,W2,1,F,ASY,Quebec,Chaleur Bay,-73.68043093,40.26309545,10.0,10/21/2009,10/31/2009,294,304,W,2009,2,2.0,W,W,WD,W,89,1,3.120704107,0.02739726,6.612788633,0.1,0.001123596,8
65617_1,BLSC,W,W3,1,F,ASY,Quebec,Chaleur Bay,-79.96611761,32.47729322,149.9583333,11/8/2009,4/7/2010,312,97,W,2009,4,2.0,W,W,WD,W,89,1,3.120704107,0.410844749,6.612788633,0.1,0.001123596,6
65617_1,BLSC,S,S1,2,F,ASY,Quebec,Chaleur Bay,-65.0881066,48.26027736,10.0,4/15/2010,4/25/2010,105,115,S,2010,12,4.0,S,W,SM,SM,89,1,3.120704107,0.02739726,6.612788633,0.1,0.001123596,15
65617_1,BLSC,S,S2,2,F,ASY,Quebec,Chaleur Bay,-66.79644132,49.97325246,9.0,4/29/2010,5/8/2010,119,128,S,2010,15,12.0,S,S,SD,SM,89,1,3.120704107,0.024657534,6.612788633,0.1,0.001123596,15
65617_1,BLSC,BM,St,2,F,ASY,Quebec,Chaleur Bay,-86.3084497,54.83596987,22.0,5/12/2010,6/3/2010,132,154,S,2010,29,15.0,S,S,SD,SM,89,1,3.120704107,0.060273973,6.612788633,0.1,0.001123596,23
65617_1,BLSC,B,B1,2,F,ASY,Quebec,Chaleur Bay,-100.5031821,61.07228535,23.0,6/6/2010,6/29/2010,157,180,B,2010,21,29.0,B,S,SM,SM,89,1,3.120704107,0.063013699,6.612788633,0.1,0.001123596,5
65617_1,BLSC,B,B2,2,F,ASY,Quebec,Chaleur Bay,-100.4282046,60.69348704,27.0,7/3/2010,7/30/2010,184,211,B,2010,21,21.0,B,B,BD,B,89,1,3.120704107,0.073972603,6.612788633,0.1,0.001123596,5
65618_1,BLSC,BM,St,1,F,SY,Quebec,Chaleur Bay,-80.75857068,51.88425129,9.0,5/29/2009,6/7/2009,149,158,S,2009,14,31.0,S,S,SD,SM,89,1,3.120704107,0.024657534,6.612788633,0.090909091,0.00102145,19
65618_1,BLSC,B,B1,1,F,SY,Quebec,Chaleur Bay,-87.57629554,55.2418755,46.0,6/11/2009,7/27/2009,162,208,B,2009,29,14.0,B,S,SM,SM,89,1,3.120704107,0.126027397,6.612788633,0.090909091,0.00102145,23
65618_1,BLSC,M,M1,1,F,SY,Quebec,Chaleur Bay,-83.35007249,55.29282219,6.0,8/2/2009,8/8/2009,214,220,F,2009,30,29.0,F,B,WM,WM,89,1,3.120704107,0.016438356,6.612788633,0.090909091,0.00102145,23
65618_1,BLSC,M,M2,1,F,SY,Quebec,Chaleur Bay,-80.59148845,51.80291027,47.0,8/13/2009,9/29/2009,225,272,F,2009,14,30.0,F,F,MD,WM,89,1,3.120704107,0.128767123,6.612788633,0.090909091,0.00102145,19
65618_1,BLSC,M,M3,1,F,SY,Quebec,Chaleur Bay,-79.50379092,51.78467784,28.0,10/2/2009,10/30/2009,275,303,F,2009,14,14.0,F,F,MD,WM,89,1,3.120704107,0.076712329,6.612788633,0.090909091,0.00102145,19
65618_1,BLSC,W,W1,1,F,SY,Quebec,Chaleur Bay,-75.60299299,35.39124467,130.9583333,11/6/2009,3/17/2010,310,76,W,2009,8,14.0,W,F,WM,WM,89,1,3.120704107,0.358789954,6.612788633,0.090909091,0.00102145,7
65618_1,BLSC,S,S1,2,F,SY,Quebec,Chaleur Bay,-63.96288667,47.05748553,27.0,3/25/2010,4/21/2010,84,111,S,2010,12,8.0,S,W,SM,SM,89,1,3.120704107,0.073972603,6.612788633,0.090909091,0.00102145,14
65618_1,BLSC,S,S2,2,F,SY,Quebec,Chaleur Bay,-66.06459647,47.94722969,15.0,4/24/2010,5/9/2010,114,129,S,2010,31,12.0,S,S,SD,SM,89,1,3.120704107,0.04109589,6.612788633,0.090909091,0.00102145,15
65618_1,BLSC,BM,St,2,F,SY,Quebec,Chaleur Bay,-81.76644522,53.74793867,1.0,5/15/2010,5/16/2010,135,136,S,2010,30,31.0,S,S,SD,SM,89,1,3.120704107,0.002739726,6.612788633,0.090909091,0.00102145,19
65618_1,BLSC,B,B1,2,F,SY,Quebec,Chaleur Bay,-86.83153842,55.01672046,1.0,5/22/2010,5/23/2010,142,143,B,2010,29,30.0,B,S,SM,SM,89,1,3.120704107,0.002739726,6.612788633,0.090909091,0.00102145,23
66287_1,BLSC,S,S2,1,F,ASY,Quebec,Chaleur Bay,-67.62940474,49.29703612,6.0,5/31/2009,6/6/2009,151,157,S,2009,16,31.0,S,S,SD,SM,89,1,3.120704107,0.016438356,6.612788633,0.066666667,0.000749064,15
66287_1,BLSC,BM,St,1,F,ASY,Quebec,Chaleur Bay,-76.27025593,53.13815001,0.0,6/16/2009,6/16/2009,167,167,S,2009,20,16.0,S,S,SD,SM,89,1,3.120704107,0.0,6.612788633,0.066666667,0.000749064,19
66287_1,BLSC,M,M1,1,F,ASY,Quebec,Chaleur Bay,-80.22233598,51.85732099,123.0,6/20/2009,10/21/2009,171,294,F,2009,14,20.0,F,S,SM,SM,89,1,3.120704107,0.336986301,6.612788633,0.066666667,0.000749064,19
66287_1,BLSC,W,W1,1,F,ASY,Quebec,Chaleur Bay,-72.67550775,40.85725805,9.041666667,10/29/2009,11/7/2009,302,311,W,2009,2,14.0,W,F,WM,WM,89,1,3.120704107,0.024771689,6.612788633,0.066666667,0.000749064,8
66287_1,BLSC,W,W2,1,F,ASY,Quebec,Chaleur Bay,-75.39419624,35.38284078,23.0,11/11/2009,12/4/2009,315,338,W,2009,8,2.0,W,W,WD,W,89,1,3.120704107,0.063013699,6.612788633,0.066666667,0.000749064,7
66287_1,BLSC,W,W3,1,F,ASY,Quebec,Chaleur Bay,-80.0045156,32.56522138,109.9583333,12/8/2009,3/28/2010,342,87,W,2009,4,8.0,W,W,WD,W,89,1,3.120704107,0.301255708,6.612788633,0.066666667,0.000749064,6
66287_1,BLSC,SM,St,1,F,ASY,Quebec,Chaleur Bay,-62.9680758,49.68643747,0.0,4/4/2010,4/4/2010,94,94,S,2010,15,4.0,S,W,SM,SM,89,1,3.120704107,0.0,6.612788633,0.066666667,0.000749064,15
66287_1,BLSC,S,S1,2,F,ASY,Quebec,Chaleur Bay,-64.76371146,47.61289466,12.0,4/7/2010,4/19/2010,97,109,S,2010,12,15.0,S,S,SD,SM,89,1,3.120704107,0.032876712,6.612788633,0.066666667,0.000749064,14
66287_1,BLSC,S,S2,2,F,ASY,Quebec,Chaleur Bay,-68.5802722,48.9204893,11.0,4/24/2010,5/5/2010,114,125,S,2010,16,12.0,S,S,SD,SM,89,1,3.120704107,0.030136986,6.612788633,0.066666667,0.000749064,13
66287_1,BLSC,BM,St,2,F,ASY,Quebec,Chaleur Bay,-103.5610988,60.53017072,2.0,5/27/2010,5/29/2010,147,149,S,2010,21,16.0,S,S,SD,SM,89,1,3.120704107,0.005479452,6.612788633,0.066666667,0.000749064,5
66287_1,BLSC,B,B1,2,F,ASY,Quebec,Chaleur Bay,-105.5202493,62.56613472,67.0,6/3/2010,8/9/2010,154,221,B,2010,21,21.0,B,S,SM,SM,89,1,3.120704107,0.183561644,6.612788633,0.066666667,0.000749064,2
66287_1,BLSC,MM,St,2,F,ASY,Quebec,Chaleur Bay,-91.5133613,57.36878814,1.0,8/18/2010,8/19/2010,230,231,F,2010,29,21.0,F,B,WM,WM,89,1,3.120704107,0.002739726,6.612788633,0.066666667,0.000749064,24
66287_1,BLSC,M,M1,2,F,ASY,Quebec,Chaleur Bay,-80.54719792,51.79228851,61.0,8/26/2010,10/26/2010,238,299,F,2010,14,29.0,F,F,MD,WM,89,1,3.120704107,0.167123288,6.612788633,0.066666667,0.000749064,19
66287_1,BLSC,W,W1,2,F,ASY,Quebec,Chaleur Bay,-71.04818429,39.89330209,3.0,11/1/2010,11/4/2010,305,308,W,2010,2,14.0,W,F,WM,WM,89,1,3.120704107,0.008219178,6.612788633,0.066666667,0.000749064,8
80908_1,BLSC,S,S2,1,F,ASY,Quebec,Chaleur Bay,-66.93600415,49.73861146,16.0,6/3/2009,6/19/2009,154,170,S,2009,15,31.0,S,S,SD,SM,89,1,3.120704107,0.043835616,6.612788633,0.1,0.001123596,15
80908_1,BLSC,M,M1,1,F,ASY,Quebec,Chaleur Bay,-78.69933162,52.42360912,74.0,7/2/2009,9/14/2009,183,257,F,2009,14,15.0,F,S,SM,SM,89,1,3.120704107,0.202739726,6.612788633,0.1,0.001123596,19
80908_1,BLSC,M,M2,1,F,ASY,Quebec,Chaleur Bay,-79.4451012,54.11813832,32.0,9/17/2009,10/19/2009,260,292,F,2009,23,14.0,F,F,MD,WM,89,1,3.120704107,0.087671233,6.612788633,0.1,0.001123596,19
80908_1,BLSC,W,W1,1,F,ASY,Quebec,Chaleur Bay,-73.02928494,40.68433543,8.041666667,10/28/2009,11/5/2009,301,309,W,2009,2,23.0,W,F,WM,WM,89,1,3.120704107,0.022031963,6.612788633,0.1,0.001123596,8
80908_1,BLSC,W,W2,1,F,ASY,Quebec,Chaleur Bay,-76.08543117,35.251754,139.9583333,11/15/2009,4/4/2010,319,94,W,2009,8,2.0,W,W,WD,W,89,1,3.120704107,0.383447489,6.612788633,0.1,0.001123596,7
80908_1,BLSC,S,S1,2,F,ASY,Quebec,Chaleur Bay,-64.7936038,46.94092759,8.0,4/11/2010,4/19/2010,101,109,S,2010,12,8.0,S,W,SM,SM,89,1,3.120704107,0.021917808,6.612788633,0.1,0.001123596,14
80908_1,BLSC,S,S2,2,F,ASY,Quebec,Chaleur Bay,-65.97644907,48.17006875,20.0,4/21/2010,5/11/2010,111,131,S,2010,31,12.0,S,S,SD,SM,89,1,3.120704107,0.054794521,6.612788633,0.1,0.001123596,15
80908_1,BLSC,BM,St,2,F,ASY,Quebec,Chaleur Bay,-79.36406222,53.45552372,6.0,5/22/2010,5/28/2010,142,148,S,2010,23,31.0,S,S,SD,SM,89,1,3.120704107,0.016438356,6.612788633,0.1,0.001123596,19
80908_1,BLSC,B,B1,2,F,ASY,Quebec,Chaleur Bay,-71.4822554,56.26922039,57.0,6/2/2010,7/29/2010,153,210,B,2010,20,23.0,B,S,SM,SM,89,1,3.120704107,0.156164384,6.612788633,0.1,0.001123596,20
135678,COEI,M,M1,1,F,,NS,Bird,-61.65900619,45.22561134,5.0,10/14/2014,10/19/2014,287,292,F,2014,13,13.0,F,B,WM,WM,76,1,9.425316456,0.01369863,12.28712871,0.2,0.002631579,14
135678,COEI,W,W1,1,F,,NS,Bird,-69.81326458,41.32478908,164.0,10/30/2014,4/12/2015,303,102,W,2014,1,13.0,W,F,WM,WM,76,1,9.425316456,0.449315068,12.28712871,0.2,0.002631579,8
135678,COEI,S,S1,1,F,,NS,Bird,-61.6363827,45.208033,5.0,4/20/2015,4/25/2015,110,115,S,2015,13,1.0,S,W,SM,SM,76,1,9.425316456,0.01369863,12.28712871,0.2,0.002631579,14
135678,COEI,B,B1,2,F,,NS,Bird,-62.26269701,44.89661793,75.0,4/26/2015,7/10/2015,116,191,B,2015,13,13.0,B,S,SM,SM,76,1,9.425316456,0.205479452,12.28712871,0.2,0.002631579,14
135681,COEI,M,M1,1,F,,NS,WBro,-62.57184175,44.79576358,49.0,7/1/2014,8/19/2014,182,231,F,2014,13,13.0,F,B,WM,WM,76,1,9.425316456,0.134246575,12.28712871,0.142857143,0.001879699,14
135681,COEI,M,M2,1,F,,NS,WBro,-63.49586604,44.45835337,57.0,8/20/2014,10/16/2014,232,289,F,2014,13,13.0,F,F,MD,WM,76,1,9.425316456,0.156164384,12.28712871,0.142857143,0.001879699,14
135681,COEI,W,W1,1,F,,NS,WBro,-67.74561658,44.42591958,29.04166667,10/27/2014,11/25/2014,300,329,W,2014,5,13.0,W,F,WM,WM,76,1,9.425316456,0.07956621,12.28712871,0.142857143,0.001879699,9
135681,COEI,W,W2,1,F,,NS,WBro,-71.43337145,41.44217565,117.9583333,12/10/2014,4/7/2015,344,97,W,2014,2,5.0,W,W,WD,W,76,1,9.425316456,0.323173516,12.28712871,0.142857143,0.001879699,8
135681,COEI,B,B1,2,F,,NS,WBro,-62.3541974,44.83640852,69.0,4/20/2015,6/28/2015,110,179,B,2015,13,2.0,B,W,SM,SM,76,1,9.425316456,0.189041096,12.28712871,0.142857143,0.001879699,14
135681,COEI,M,M1,2,F,,NS,WBro,-62.4840539,44.82659806,12.0,6/29/2015,7/11/2015,180,192,F,2015,13,13.0,F,B,WM,WM,76,1,9.425316456,0.032876712,12.28712871,0.142857143,0.001879699,14
135688,COEI,M,M1,1,F,,NS,WBro,-67.10574752,44.50468168,56.0,8/3/2014,9/28/2014,215,271,F,2014,5,13.0,F,B,WM,WM,76,1,9.425316456,0.153424658,12.28712871,0.142857143,0.001879699,9
135688,COEI,M,M2,1,F,,NS,WBro,-68.44371637,44.19478257,16.0,10/1/2014,10/17/2014,274,290,F,2014,5,5.0,F,F,MD,WM,76,1,9.425316456,0.043835616,12.28712871,0.142857143,0.001879699,9
135688,COEI,M,M3,1,F,,NS,WBro,-69.96798636,43.70066021,32.04166667,10/21/2014,11/22/2014,294,326,F,2014,5,5.0,F,F,MD,WM,76,1,9.425316456,0.087785388,12.28712871,0.142857143,0.001879699,9
135688,COEI,W,W1,1,F,,NS,WBro,-70.04707862,43.69703269,31.0,12/7/2014,1/7/2015,341,7,W,2014,5,5.0,W,F,WM,WM,76,1,9.425316456,0.084931507,12.28712871,0.142857143,0.001879699,9
135688,COEI,W,W2,1,F,,NS,WBro,-69.63562039,41.15033063,82.95833333,1/15/2015,4/8/2015,15,98,W,2015,1,5.0,W,W,WD,W,76,1,9.425316456,0.227283105,12.28712871,0.142857143,0.001879699,8
135688,COEI,B,B1,2,F,,NS,WBro,-62.3549391,44.82249776,31.0,4/14/2015,5/15/2015,104,135,B,2015,13,1.0,B,W,SM,SM,76,1,9.425316456,0.084931507,12.28712871,0.142857143,0.001879699,14
135689,COEI,W,W1,1,F,,NS,WBro,-70.84296001,41.25428522,155.9583333,11/3/2014,4/8/2015,307,98,W,2014,2,13.0,W,B,WM,WM,76,1,9.425316456,0.427283105,12.28712871,0.25,0.003289474,8
135689,COEI,S,S1,1,F,,NS,WBro,-68.22506712,44.51099376,5.0,4/14/2015,4/19/2015,104,109,S,2015,5,2.0,S,W,SM,SM,76,1,9.425316456,0.01369863,12.28712871,0.25,0.003289474,9
135689,COEI,B,B1,2,F,,NS,WBro,-62.36322441,44.82180109,73.0,4/29/2015,7/11/2015,119,192,B,2015,13,5.0,B,S,SM,SM,76,1,9.425316456,0.2,12.28712871,0.25,0.003289474,14
137473,COEI,M,M1,1,F,,NS,Bird,-68.86859602,43.84136954,8.0,10/9/2014,10/17/2014,282,290,F,2014,5,13.0,F,B,WM,WM,76,1,9.425316456,0.021917808,12.28712871,0.2,0.002631579,9
137473,COEI,W,W1,1,F,,NS,Bird,-70.07931504,41.52756685,55.04166667,10/23/2014,12/17/2014,296,351,W,2014,1,5.0,W,F,WM,WM,76,1,9.425316456,0.150799087,12.28712871,0.2,0.002631579,8
137473,COEI,W,W2,1,F,,NS,Bird,-70.67226135,42.14606338,97.95833333,12/19/2014,3/27/2015,353,86,W,2014,1,1.0,W,W,WD,W,76,1,9.425316456,0.268378995,12.28712871,0.2,0.002631579,9
137473,COEI,B,B1,2,F,,NS,Bird,-62.27504035,44.90260494,91.0,4/9/2015,7/9/2015,99,190,B,2015,13,1.0,B,W,SM,SM,76,1,9.425316456,0.249315068,12.28712871,0.2,0.002631579,14
137474,COEI,M,M1,1,F,,NS,Bird,-62.30215556,44.87212333,100.0416667,8/19/2014,11/27/2014,231,331,F,2014,13,13.0,F,B,WM,WM,76,1,9.425316456,0.274086758,12.28712871,0.2,0.002631579,14
137474,COEI,W,W1,1,F,,NS,Bird,-62.31669952,44.8865242,169.9583333,11/28/2014,5/17/2015,332,137,W,2014,13,13.0,W,F,WM,WM,76,1,9.425316456,0.465639269,12.28712871,0.2,0.002631579,14
137474,COEI,B,B1,2,F,,NS,Bird,-62.2797622,44.8694831,33.0,5/18/2015,6/20/2015,138,171,B,2015,13,13.0,B,W,SM,SM,76,1,9.425316456,0.090410959,12.28712871,0.2,0.002631579,14
137474,COEI,M,M1,2,F,,NS,Bird,-62.30421595,44.90669314,19.0,6/21/2015,7/10/2015,172,191,F,2015,13,13.0,F,B,WM,WM,76,1,9.425316456,0.052054795,12.28712871,0.2,0.002631579,14
137475,COEI,M,M1,1,F,,NS,Bird,-62.20162023,44.90071666,63.0,8/18/2014,10/20/2014,230,293,F,2014,13,13.0,F,B,WM,WM,76,1,9.425316456,0.17260274,12.28712871,0.25,0.003289474,14
137475,COEI,W,W1,1,F,,NS,Bird,-70.49668961,41.48555236,154.0,10/28/2014,3/31/2015,301,90,W,2014,1,13.0,W,F,WM,WM,76,1,9.425316456,0.421917808,12.28712871,0.25,0.003289474,8
137475,COEI,B,B1,2,F,,NS,Bird,-62.295247,44.87270032,90.0,4/11/2015,7/10/2015,101,191,B,2015,13,1.0,B,W,SM,SM,76,1,9.425316456,0.246575342,12.28712871,0.25,0.003289474,14
137476,COEI,M,M1,1,F,,NS,Bird,-69.23237996,43.8576173,78.0,8/12/2014,10/29/2014,224,302,F,2014,5,13.0,F,B,WM,WM,76,1,9.425316456,0.21369863,12.28712871,0.166666667,0.002192982,9
137476,COEI,WM,St,1,F,,NS,Bird,-70.71160748,42.18803007,3.0,11/3/2014,11/6/2014,307,310,F,2014,1,5.0,F,F,MD,WM,76,1,9.425316456,0.008219178,12.28712871,0.166666667,0.002192982,9
137476,COEI,W,W1,1,F,,NS,Bird,-70.82447609,41.24766851,113.0,11/10/2014,3/3/2015,314,62,W,2014,2,1.0,W,F,WM,WM,76,1,9.425316456,0.309589041,12.28712871,0.166666667,0.002192982,8
137476,COEI,W,W2,1,F,,NS,Bird,-71.74474802,41.28169698,130.9583333,12/2/2014,4/12/2015,336,102,W,2014,2,2.0,W,W,WD,W,76,1,9.425316456,0.358789954,12.28712871,0.166666667,0.002192982,8
137476,COEI,B,B1,2,F,,NS,Bird,-62.29213338,44.8756834,77.0,4/22/2015,7/8/2015,112,189,B,2015,13,2.0,B,W,SM,SM,76,1,9.425316456,0.210958904,12.28712871,0.166666667,0.002192982,14
137477,COEI,M,M1,1,F,,NS,Bird,-67.99414434,44.38992804,78.0,8/11/2014,10/28/2014,223,301,F,2014,5,13.0,F,B,WM,WM,76,1,9.425316456,0.21369863,12.28712871,0.125,0.001644737,9
137477,COEI,M,M2,1,F,,NS,Bird,-69.14951458,43.86788728,23.04166667,11/1/2014,11/24/2014,305,328,F,2014,5,5.0,F,F,MD,WM,76,1,9.425316456,0.063127854,12.28712871,0.125,0.001644737,9
137477,COEI,WM,St,1,F,,NS,Bird,-69.93499486,41.37650828,2.0,11/29/2014,12/1/2014,333,335,F,2014,1,5.0,F,F,MD,WM,76,1,9.425316456,0.005479452,12.28712871,0.125,0.001644737,8
137477,COEI,W,W1,1,F,,NS,Bird,-71.96023114,41.31858758,21.0,12/6/2014,12/27/2014,340,361,W,2014,2,1.0,W,F,WM,WM,76,1,9.425316456,0.057534247,12.28712871,0.125,0.001644737,8
137477,COEI,W,W2,1,F,,NS,Bird,-70.05955867,41.55605836,9.0,1/1/2015,1/10/2015,1,10,W,2015,1,2.0,W,W,WD,W,76,1,9.425316456,0.024657534,12.28712871,0.125,0.001644737,8
137477,COEI,W,W3,1,F,,NS,Bird,-71.9297817,41.29757069,66.95833333,1/15/2015,3/23/2015,15,82,W,2015,2,1.0,W,W,WD,W,76,1,9.425316456,0.183447489,12.28712871,0.125,0.001644737,8
137477,COEI,B,B1,2,F,,NS,Bird,-62.30760116,44.88338326,94.0,4/5/2015,7/8/2015,95,189,B,2015,13,2.0,B,W,SM,SM,76,1,9.425316456,0.257534247,12.28712871,0.125,0.001644737,14
137478,COEI,M,M1,1,F,,NS,Bird,-70.87647304,42.35753971,71.0,8/5/2014,10/15/2014,217,288,F,2014,6,13.0,F,B,WM,WM,76,1,9.425316456,0.194520548,12.28712871,0.25,0.003289474,9
137478,COEI,W,W1,1,F,,NS,Bird,-70.41970874,41.51594091,170.0,10/19/2014,4/7/2015,292,97,W,2014,1,6.0,W,F,WM,WM,76,1,9.425316456,0.465753425,12.28712871,0.25,0.003289474,8
137478,COEI,B,B1,2,F,,NS,Bird,-62.29763852,44.88268594,83.0,4/17/2015,7/9/2015,107,190,B,2015,13,1.0,B,W,SM,SM,76,1,9.425316456,0.22739726,12.28712871,0.25,0.003289474,14
112055_1,COEI,W,W1,1,F,ASY,Gulf of Maine,Maine,-70.86488675,41.45979021,159.0,10/19/2012,3/27/2013,293,86,W,2012,2,5.0,W,B,WM,WM,76,1,9.425316456,0.435616438,12.28712871,0.333333333,0.004385965,8
112055_1,COEI,B,B1,2,F,ASY,Gulf of Maine,Maine,-69.14472723,43.92946849,45.0,4/2/2013,5/17/2013,92,137,B,2013,5,2.0,B,W,SM,SM,76,1,9.425316456,0.123287671,12.28712871,0.333333333,0.004385965,9
112056_1,COEI,M,M1,1,F,ASY,Gulf of Maine,Maine,-68.70471013,44.38207935,11.0,9/21/2012,10/2/2012,265,276,F,2012,5,5.0,F,B,WM,WM,76,1,9.425316456,0.030136986,12.28712871,0.5,0.006578947,9
112057_1,COEI,M,M1,1,F,ASY,Gulf of Maine,Maine,-69.27799584,43.89881478,117.0,7/9/2012,11/3/2012,191,308,F,2012,5,5.0,F,B,WM,WM,76,1,9.425316456,0.320547945,12.28712871,0.333333333,0.004385965,9
112057_1,COEI,W,W1,1,F,ASY,Gulf of Maine,Maine,-69.94346584,41.43195374,109.0,11/20/2012,3/9/2013,325,68,W,2012,1,5.0,W,F,WM,WM,76,1,9.425316456,0.298630137,12.28712871,0.333333333,0.004385965,8
114412_1,COEI,M,M1,1,F,ASY,Gulf of Maine,Boston Harbor,-70.95072317,42.418261,108.0,6/23/2013,10/9/2013,174,282,F,2013,6,6.0,F,B,WM,WM,76,1,9.425316456,0.295890411,12.28712871,0.25,0.003289474,9
114412_1,COEI,W,W1,1,F,ASY,Gulf of Maine,Boston Harbor,-70.90730906,42.38776813,42.04166667,10/10/2013,11/21/2013,283,325,W,2013,6,6.0,W,F,WM,WM,76,1,9.425316456,0.115182648,12.28712871,0.25,0.003289474,9
114412_1,COEI,W,W2,1,F,ASY,Gulf of Maine,Boston Harbor,-70.68515362,41.44960248,125.9583333,11/25/2013,3/31/2014,329,90,W,2013,2,6.0,W,W,WD,W,76,1,9.425316456,0.345091324,12.28712871,0.25,0.003289474,8
114413_1,COEI,M,M1,1,F,ASY,Gulf of Maine,Boston Harbor,-70.56150224,43.29134229,74.0,8/9/2013,10/22/2013,221,295,F,2013,6,6.0,F,B,WM,WM,76,1,9.425316456,0.202739726,12.28712871,0.090909091,0.001196172,9
114413_1,COEI,W,W1,1,F,ASY,Gulf of Maine,Boston Harbor,-70.18483016,43.61812185,8.0,10/25/2013,11/2/2013,298,306,W,2013,5,6.0,W,F,WM,WM,76,1,9.425316456,0.021917808,12.28712871,0.090909091,0.001196172,9
114413_1,COEI,W,W2,1,F,ASY,Gulf of Maine,Boston Harbor,-70.59057058,42.69358032,11.0,11/10/2013,11/21/2013,314,325,W,2013,6,5.0,W,W,WD,W,76,1,9.425316456,0.030136986,12.28712871,0.090909091,0.001196172,9
114413_1,COEI,W,W3,1,F,ASY,Gulf of Maine,Boston Harbor,-70.12019672,41.34653089,131.9583333,11/25/2013,4/6/2014,329,96,W,2013,1,6.0,W,W,WD,W,76,1,9.425316456,0.36152968,12.28712871,0.090909091,0.001196172,8
114413_1,COEI,B,B1,2,F,ASY,Gulf of Maine,Boston Harbor,-70.88371217,42.34925625,104.0,4/11/2014,7/24/2014,101,205,B,2014,6,1.0,B,W,SM,SM,76,1,9.425316456,0.284931507,12.28712871,0.090909091,0.001196172,9
114413_1,COEI,M,M1,2,F,ASY,Gulf of Maine,Boston Harbor,-70.53911923,43.27229556,140.0416667,7/27/2014,12/14/2014,208,348,F,2014,6,6.0,F,B,WM,WM,76,1,9.425316456,0.383675799,12.28712871,0.090909091,0.001196172,9
114413_1,COEI,WM,St,2,F,ASY,Gulf of Maine,Boston Harbor,-70.59094181,43.20190445,4.0,12/24/2014,12/28/2014,358,362,F,2014,6,6.0,F,F,MD,WM,76,1,9.425316456,0.010958904,12.28712871,0.090909091,0.001196172,9
114413_1,COEI,W,W1,2,F,ASY,Gulf of Maine,Boston Harbor,-69.94048241,41.70951157,51.0,1/3/2015,2/23/2015,3,54,W,2015,1,6.0,W,F,WM,WM,76,1,9.425316456,0.139726027,12.28712871,0.090909091,0.001196172,8
114413_1,COEI,W,W2,2,F,ASY,Gulf of Maine,Boston Harbor,-70.55376475,43.23283838,3.0,2/27/2015,3/2/2015,58,61,W,2015,6,1.0,W,W,WD,W,76,1,9.425316456,0.008219178,12.28712871,0.090909091,0.001196172,9
114413_1,COEI,W,W3,2,F,ASY,Gulf of Maine,Boston Harbor,-70.88147735,42.3442578,17.95833333,3/6/2015,3/24/2015,65,83,W,2015,6,6.0,W,W,WD,W,76,1,9.425316456,0.049200913,12.28712871,0.090909091,0.001196172,9
114424_2,COEI,M,M1,1,M,ASY,Gulf of Maine,Boston Harbor,-70.94851141,42.32942959,107.0416667,9/8/2013,12/24/2013,251,358,F,2013,6,6.0,F,B,WM,WM,76,1,9.425316456,0.29326484,40.46739131,0.2,0.002631579,9
114424_2,COEI,W,W1,1,M,ASY,Gulf of Maine,Boston Harbor,-70.94100948,42.35864555,100.9583333,12/25/2013,4/5/2014,359,95,W,2013,6,6.0,W,F,WM,WM,76,1,9.425316456,0.276598174,40.46739131,0.2,0.002631579,9
114424_2,COEI,B,B1,2,M,ASY,Gulf of Maine,Boston Harbor,-70.88906577,42.40110802,133.0,4/6/2014,8/17/2014,96,229,B,2014,6,6.0,B,W,SM,SM,76,1,9.425316456,0.364383562,40.46739131,0.2,0.002631579,9
114424_2,COEI,M,M1,2,M,ASY,Gulf of Maine,Boston Harbor,-70.94339503,42.40151754,38.0,8/18/2014,9/25/2014,230,268,F,2014,6,6.0,F,B,WM,WM,76,1,9.425316456,0.104109589,40.46739131,0.2,0.002631579,9
114425_1,COEI,W,W1,1,M,ASY,Gulf of Maine,Boston Harbor,-70.8292921,42.27542541,114.9583333,12/13/2013,4/7/2014,347,97,W,2013,6,6.0,W,B,WM,WM,76,1,9.425316456,0.314954338,40.46739131,0.5,0.006578947,9
127915_1,COEI,M,M1,1,M,ASY,Gulf of Maine,Boston Harbor,-70.86275474,42.46862058,125.0,5/30/2013,10/2/2013,150,275,F,2013,6,6.0,F,B,WM,WM,76,1,9.425316456,0.342465753,40.46739131,0.25,0.003289474,9
127915_1,COEI,M,M2,1,M,ASY,Gulf of Maine,Boston Harbor,-70.73693073,42.29822552,21.0,10/3/2013,10/24/2013,276,297,F,2013,6,6.0,F,F,MD,WM,76,1,9.425316456,0.057534247,40.46739131,0.25,0.003289474,9
127915_1,COEI,W,W1,1,M,ASY,Gulf of Maine,Boston Harbor,-70.06858193,41.88386408,19.04166667,10/25/2013,11/13/2013,298,317,W,2013,1,6.0,W,F,WM,WM,76,1,9.425316456,0.05216895,40.46739131,0.25,0.003289474,9
127916_1,COEI,M,M1,1,M,ASY,Gulf of Maine,Boston Harbor,-68.55113643,44.09611484,33.0,5/29/2013,7/1/2013,149,182,F,2013,5,6.0,F,B,WM,WM,76,1,9.425316456,0.090410959,40.46739131,0.125,0.001644737,9
127916_1,COEI,M,M2,1,M,ASY,Gulf of Maine,Boston Harbor,-69.11840805,43.90761836,86.0,7/2/2013,9/26/2013,183,269,F,2013,5,5.0,F,F,MD,WM,76,1,9.425316456,0.235616438,40.46739131,0.125,0.001644737,9
127916_1,COEI,M,M3,1,M,ASY,Gulf of Maine,Boston Harbor,-69.36267944,43.89065494,27.0,9/27/2013,10/24/2013,270,297,F,2013,5,5.0,F,F,MD,WM,76,1,9.425316456,0.073972603,40.46739131,0.125,0.001644737,9
127916_1,COEI,W,W1,1,M,ASY,Gulf of Maine,Boston Harbor,-70.11873229,41.43930746,82.04166667,10/28/2013,1/18/2014,301,18,W,2013,1,5.0,W,F,WM,WM,76,1,9.425316456,0.224771689,40.46739131,0.125,0.001644737,8
127916_1,COEI,W,W2,1,M,ASY,Gulf of Maine,Boston Harbor,-71.13600821,41.27487983,85.0,11/23/2013,2/16/2014,327,47,W,2013,2,1.0,W,W,WD,W,76,1,9.425316456,0.232876712,40.46739131,0.125,0.001644737,8
127916_1,COEI,W,W3,1,M,ASY,Gulf of Maine,Boston Harbor,-71.28104453,41.16156215,94.95833333,12/14/2013,3/19/2014,348,78,W,2013,2,2.0,W,W,WD,W,76,1,9.425316456,0.260159817,40.46739131,0.125,0.001644737,8
127916_1,COEI,B,B1,2,M,ASY,Gulf of Maine,Boston Harbor,-69.19173829,43.75312268,15.0,3/29/2014,4/13/2014,88,103,B,2014,5,2.0,B,W,SM,SM,76,1,9.425316456,0.04109589,40.46739131,0.125,0.001644737,9
127917_1,COEI,M,M1,1,M,ASY,Gulf of Maine,Boston Harbor,-70.9217328,42.33835089,136.0416667,7/6/2013,11/19/2013,187,323,F,2013,6,6.0,F,B,WM,WM,76,1,9.425316456,0.372716895,40.46739131,0.2,0.002631579,9
127917_1,COEI,W,W1,1,M,ASY,Gulf of Maine,Boston Harbor,-70.94216842,42.32318116,122.9583333,12/1/2013,4/3/2014,335,93,W,2013,6,6.0,W,F,WM,WM,76,1,9.425316456,0.336872146,40.46739131,0.2,0.002631579,9
127917_1,COEI,S,S1,1,M,ASY,Gulf of Maine,Boston Harbor,-69.95687264,43.79877646,33.0,4/7/2014,5/10/2014,97,130,S,2014,5,6.0,S,W,SM,SM,76,1,9.425316456,0.090410959,40.46739131,0.2,0.002631579,9
127917_1,COEI,B,B1,2,M,ASY,Gulf of Maine,Boston Harbor,-69.97901001,43.76856362,21.0,5/11/2014,6/1/2014,131,152,B,2014,5,5.0,B,S,SM,SM,76,1,9.425316456,0.057534247,40.46739131,0.2,0.002631579,9
127928_1,COEI,M,M1,1,F,ASY,Gulf of Maine,Boston Harbor,-70.88467204,42.34120537,105.0,7/13/2013,10/26/2013,194,299,F,2013,6,6.0,F,B,WM,WM,76,1,9.425316456,0.287671233,12.28712871,0.166666667,0.002192982,9
127928_1,COEI,W,W1,1,F,ASY,Gulf of Maine,Boston Harbor,-70.93987612,42.32547975,92.04166667,10/27/2013,1/27/2014,300,27,W,2013,6,6.0,W,F,WM,WM,76,1,9.425316456,0.25216895,12.28712871,0.166666667,0.002192982,9
127928_1,COEI,W,W2,1,F,ASY,Gulf of Maine,Boston Harbor,-70.88259305,42.36390322,92.95833333,1/28/2014,5/1/2014,28,121,W,2014,6,6.0,W,W,WD,W,76,1,9.425316456,0.254680365,12.28712871,0.166666667,0.002192982,9
127928_1,COEI,B,B1,2,F,ASY,Gulf of Maine,Boston Harbor,-70.91093044,42.34230135,42.0,5/2/2014,6/13/2014,122,164,B,2014,6,6.0,B,W,SM,SM,76,1,9.425316456,0.115068493,12.28712871,0.166666667,0.002192982,9
127928_1,COEI,M,M1,2,F,ASY,Gulf of Maine,Boston Harbor,-70.8805179,42.35406564,45.0,6/14/2014,7/29/2014,165,210,F,2014,6,6.0,F,B,WM,WM,76,1,9.425316456,0.123287671,12.28712871,0.166666667,0.002192982,9
127929_1,COEI,M,M1,1,F,ASY,Gulf of Maine,Boston Harbor,-69.84061198,43.71238183,7.0,7/17/2013,7/24/2013,198,205,F,2013,5,6.0,F,B,WM,WM,76,1,9.425316456,0.019178082,12.28712871,0.142857143,0.001879699,9
127929_1,COEI,M,M2,1,F,ASY,Gulf of Maine,Boston Harbor,-70.62555922,43.10346651,86.0,7/27/2013,10/21/2013,208,294,F,2013,6,5.0,F,F,MD,WM,76,1,9.425316456,0.235616438,12.28712871,0.142857143,0.001879699,9
127929_1,COEI,W,W1,1,F,ASY,Gulf of Maine,Boston Harbor,-71.38622629,41.24067845,19.04166667,10/25/2013,11/13/2013,298,317,W,2013,2,6.0,W,F,WM,WM,76,1,9.425316456,0.05216895,12.28712871,0.142857143,0.001879699,8
127929_1,COEI,W,W2,1,F,ASY,Gulf of Maine,Boston Harbor,-71.18579883,41.44964995,49.0,11/14/2013,1/2/2014,318,2,W,2013,2,2.0,W,W,WD,W,76,1,9.425316456,0.134246575,12.28712871,0.142857143,0.001879699,8
127929_1,COEI,W,W3,1,F,ASY,Gulf of Maine,Boston Harbor,-70.85108181,41.35286475,77.95833333,1/3/2014,3/22/2014,3,81,W,2014,2,2.0,W,W,WD,W,76,1,9.425316456,0.213584475,12.28712871,0.142857143,0.001879699,8
127929_1,COEI,B,B1,2,F,ASY,Gulf of Maine,Boston Harbor,-70.89732876,42.3350796,7.0,4/3/2014,4/10/2014,93,100,B,2014,6,2.0,B,W,SM,SM,76,1,9.425316456,0.019178082,12.28712871,0.142857143,0.001879699,9
127930_1,COEI,M,M1,1,F,ASY,Gulf of Maine,Boston Harbor,-70.6189197,43.09686895,83.0,7/31/2013,10/22/2013,212,295,F,2013,6,6.0,F,B,WM,WM,76,1,9.425316456,0.22739726,12.28712871,0.2,0.002631579,9
127930_1,COEI,W,W1,1,F,ASY,Gulf of Maine,Boston Harbor,-70.89986286,42.36767084,23.04166667,10/23/2013,11/15/2013,296,319,W,2013,6,6.0,W,F,WM,WM,76,1,9.425316456,0.063127854,12.28712871,0.2,0.002631579,9
127930_1,COEI,W,W2,1,F,ASY,Gulf of Maine,Boston Harbor,-70.70707011,42.06007516,40.0,11/16/2013,12/26/2013,320,360,W,2013,1,6.0,W,W,WD,W,76,1,9.425316456,0.109589041,12.28712871,0.2,0.002631579,9
127930_1,COEI,W,W3,1,F,ASY,Gulf of Maine,Boston Harbor,-70.17532844,41.47231675,69.0,12/27/2013,3/6/2014,361,65,W,2013,1,1.0,W,W,WD,W,76,1,9.425316456,0.189041096,12.28712871,0.2,0.002631579,8
133078_1,COEI,M,M1,1,F,ASY,Gulf of Maine,Boston Harbor,-70.88621701,42.34939994,122.0,6/16/2014,10/16/2014,167,289,F,2014,6,6.0,F,B,WM,WM,76,1,9.425316456,0.334246575,12.28712871,0.333333333,0.004385965,9
133078_1,COEI,W,W1,1,F,ASY,Gulf of Maine,Boston Harbor,-70.8299191,42.48106673,24.04166667,10/17/2014,11/10/2014,290,314,W,2014,6,6.0,W,F,WM,WM,76,1,9.425316456,0.06586758,12.28712871,0.333333333,0.004385965,9
133079_1,COEI,M,M1,1,F,ASY,Gulf of Maine,Boston Harbor,-68.49410476,44.25458754,92.0,7/19/2014,10/19/2014,200,292,F,2014,5,6.0,F,B,WM,WM,76,1,9.425316456,0.252054795,12.28712871,0.333333333,0.004385965,9
133079_1,COEI,W,W1,1,F,ASY,Gulf of Maine,Boston Harbor,-68.50995485,44.31778748,67.04166667,10/20/2014,12/26/2014,293,360,W,2014,5,5.0,W,F,WM,WM,76,1,9.425316456,0.183675799,12.28712871,0.333333333,0.004385965,9
133170_1,COEI,M,M1,1,F,ASY,Gulf of Maine,Boston Harbor,-68.22799549,44.25280583,109.0,6/23/2014,10/10/2014,174,283,F,2014,5,6.0,F,B,WM,WM,76,1,9.425316456,0.298630137,12.28712871,0.166666667,0.002192982,9
133170_1,COEI,M,M2,1,F,ASY,Gulf of Maine,Boston Harbor,-70.54948798,43.14542552,31.04166667,10/15/2014,11/15/2014,288,319,F,2014,6,5.0,F,F,MD,WM,76,1,9.425316456,0.085045662,12.28712871,0.166666667,0.002192982,9
133170_1,COEI,W,W1,1,F,ASY,Gulf of Maine,Boston Harbor,-70.88395737,42.33178037,149.9583333,11/18/2014,4/17/2015,322,107,W,2014,6,6.0,W,F,WM,WM,76,1,9.425316456,0.410844749,12.28712871,0.166666667,0.002192982,9
133170_1,COEI,S,S1,1,F,ASY,Gulf of Maine,Boston Harbor,-69.61349732,43.77626265,17.0,4/22/2015,5/9/2015,112,129,S,2015,5,6.0,S,W,SM,SM,76,1,9.425316456,0.046575342,12.28712871,0.166666667,0.002192982,9
133170_1,COEI,B,B1,2,F,ASY,Gulf of Maine,Boston Harbor,-68.16188664,44.24134372,21.0,5/14/2015,6/4/2015,134,155,B,2015,5,5.0,B,S,SM,SM,76,1,9.425316456,0.057534247,12.28712871,0.166666667,0.002192982,9
133171_1,COEI,M,M1,1,F,ASY,Gulf of Maine,Boston Harbor,-70.9921655,42.36353476,135.0,5/30/2014,10/12/2014,150,285,F,2014,6,6.0,F,B,WM,WM,76,1,9.425316456,0.369863014,12.28712871,0.2,0.002631579,9
133171_1,COEI,W,W1,1,F,ASY,Gulf of Maine,Boston Harbor,-70.95076467,42.38209944,193.0,10/13/2014,4/24/2015,286,114,W,2014,6,6.0,W,F,WM,WM,76,1,9.425316456,0.528767123,12.28712871,0.2,0.002631579,9
133171_1,COEI,B,B1,2,F,ASY,Gulf of Maine,Boston Harbor,-70.8942009,42.34785704,36.0,4/25/2015,5/31/2015,115,151,B,2015,6,6.0,B,W,SM,SM,76,1,9.425316456,0.098630137,12.28712871,0.2,0.002631579,9
133171_1,COEI,M,M1,2,F,ASY,Gulf of Maine,Boston Harbor,-70.96224359,42.40717125,15.0,6/1/2015,6/16/2015,152,167,F,2015,6,6.0,F,B,WM,WM,76,1,9.425316456,0.04109589,12.28712871,0.2,0.002631579,9
133388_1,COEI,M,M1,1,M,ASY,Gulf of Maine,Boston Harbor,-70.25452471,43.50986436,24.0,5/20/2014,6/13/2014,140,164,F,2014,5,6.0,F,B,WM,WM,76,1,9.425316456,0.065753425,40.46739131,0.142857143,0.001879699,9
133388_1,COEI,M,M2,1,M,ASY,Gulf of Maine,Boston Harbor,-69.93343884,43.72512315,122.0,6/17/2014,10/17/2014,168,290,F,2014,5,5.0,F,F,MD,WM,76,1,9.425316456,0.334246575,40.46739131,0.142857143,0.001879699,9
133388_1,COEI,M,M3,1,M,ASY,Gulf of Maine,Boston Harbor,-66.90866523,45.04978293,36.04166667,10/25/2014,11/30/2014,298,334,F,2014,5,5.0,F,F,MD,WM,76,1,9.425316456,0.098744292,40.46739131,0.142857143,0.001879699,14
133388_1,COEI,W,W1,1,M,ASY,Gulf of Maine,Boston Harbor,-70.88880578,42.36779032,116.9583333,12/14/2014,4/10/2015,348,100,W,2014,6,5.0,W,F,WM,WM,76,1,9.425316456,0.32043379,40.46739131,0.142857143,0.001879699,9
133388_1,COEI,S,S1,1,M,ASY,Gulf of Maine,Boston Harbor,-64.54290208,48.19990036,21.0,4/19/2015,5/10/2015,109,130,S,2015,12,6.0,S,W,SM,SM,76,1,9.425316456,0.057534247,40.46739131,0.142857143,0.001879699,15
133388_1,COEI,B,B1,2,M,ASY,Gulf of Maine,Boston Harbor,-69.83509534,43.69796341,89.0,5/26/2015,8/23/2015,146,235,B,2015,5,12.0,B,S,SM,SM,76,1,9.425316456,0.243835616,40.46739131,0.142857143,0.001879699,9
133391_1,COEI,M,M1,1,F,ASY,Gulf of Maine,Boston Harbor,-70.60028922,42.60712744,9.0,7/9/2014,7/18/2014,190,199,F,2014,6,6.0,F,B,WM,WM,76,1,9.425316456,0.024657534,12.28712871,0.142857143,0.001879699,9
133391_1,COEI,M,M2,1,F,ASY,Gulf of Maine,Boston Harbor,-70.56659991,43.27891418,95.0,7/22/2014,10/25/2014,203,298,F,2014,6,6.0,F,F,MD,WM,76,1,9.425316456,0.260273973,12.28712871,0.142857143,0.001879699,9
133391_1,COEI,M,M3,1,F,ASY,Gulf of Maine,Boston Harbor,-70.58330254,43.20573108,57.0,8/5/2014,10/1/2014,217,274,F,2014,6,6.0,F,F,MD,WM,76,1,9.425316456,0.156164384,12.28712871,0.142857143,0.001879699,9
133391_1,COEI,W,W1,1,F,ASY,Gulf of Maine,Boston Harbor,-70.91799655,42.33765624,16.04166667,10/29/2014,11/14/2014,302,318,W,2014,6,6.0,W,F,WM,WM,76,1,9.425316456,0.043949772,12.28712871,0.142857143,0.001879699,9
133391_1,COEI,W,W2,1,F,ASY,Gulf of Maine,Boston Harbor,-70.94588543,42.35127977,131.9583333,11/15/2014,3/27/2015,319,86,W,2014,6,6.0,W,W,WD,W,76,1,9.425316456,0.36152968,12.28712871,0.142857143,0.001879699,9
133391_1,COEI,B,B1,2,F,ASY,Gulf of Maine,Boston Harbor,-70.90401795,42.35066885,10.0,3/28/2015,4/7/2015,87,97,B,2015,6,6.0,B,W,SM,SM,76,1,9.425316456,0.02739726,12.28712871,0.142857143,0.001879699,9
133394_1,COEI,W,W1,1,F,ASY,Gulf of Maine,Boston Harbor,-70.93926059,42.35981647,175.0,9/28/2014,3/22/2015,271,81,W,2014,6,6.0,W,B,WM,WM,76,1,9.425316456,0.479452055,12.28712871,0.333333333,0.004385965,9
133394_1,COEI,B,B1,2,F,ASY,Gulf of Maine,Boston Harbor,-70.89252361,42.34727723,184.0,3/23/2015,9/23/2015,82,266,B,2015,6,6.0,B,W,SM,SM,76,1,9.425316456,0.504109589,12.28712871,0.333333333,0.004385965,9
135999_1,COEI,M,M1,1,M,ASY,Gulf of Maine,Boston Harbor,-61.38669171,50.02552063,8.0,5/26/2015,6/3/2015,146,154,F,2015,15,6.0,F,B,WM,WM,76,1,9.425316456,0.021917808,40.46739131,0.1,0.001315789,15
135999_1,COEI,M,M2,1,M,ASY,Gulf of Maine,Boston Harbor,-56.8337011,51.49059297,18.0,6/11/2015,6/29/2015,162,180,F,2015,17,15.0,F,F,MD,WM,76,1,9.425316456,0.049315068,40.46739131,0.1,0.001315789,16
135999_1,COEI,M,M3,1,M,ASY,Gulf of Maine,Boston Harbor,-55.78449447,53.02642111,80.0,6/30/2015,9/18/2015,181,261,F,2015,17,17.0,F,F,MD,WM,76,1,9.425316456,0.219178082,40.46739131,0.1,0.001315789,16
135999_1,COEI,W,W1,1,M,ASY,Gulf of Maine,Boston Harbor,-70.67015435,42.20546719,88.04166667,9/30/2015,12/27/2015,273,361,W,2015,1,17.0,W,F,WM,WM,76,1,9.425316456,0.241210046,40.46739131,0.1,0.001315789,9
135999_1,COEI,W,W2,1,M,ASY,Gulf of Maine,Boston Harbor,-70.14446015,41.45468406,41.0,12/28/2015,2/7/2016,362,38,W,2015,1,1.0,W,W,WD,W,76,1,9.425316456,0.112328767,40.46739131,0.1,0.001315789,8
135999_1,COEI,BM,St,1,M,ASY,Gulf of Maine,Boston Harbor,-72.79489602,41.30108943,3.0,3/15/2016,3/18/2016,75,78,S,2016,2,1.0,S,W,SM,SM,76,1,9.425316456,0.008219178,40.46739131,0.1,0.001315789,8
135999_1,COEI,S,S1,2,M,ASY,Gulf of Maine,Boston Harbor,-64.61089564,48.35544814,34.0,3/28/2016,5/1/2016,88,122,S,2016,12,2.0,S,S,SD,SM,76,1,9.425316456,0.093150685,40.46739131,0.1,0.001315789,15
135999_1,COEI,B,B1,2,M,ASY,Gulf of Maine,Boston Harbor,-64.73827567,48.26459186,50.0,5/2/2016,6/21/2016,123,173,B,2016,12,12.0,B,S,SM,SM,76,1,9.425316456,0.136986301,40.46739131,0.1,0.001315789,15
135999_1,COEI,M,M1,2,M,ASY,Gulf of Maine,Boston Harbor,-56.63126452,51.72255505,27.0,6/29/2016,7/26/2016,181,208,F,2016,17,12.0,F,B,WM,WM,76,1,9.425316456,0.073972603,40.46739131,0.1,0.001315789,16
136000_1,COEI,B,B2,1,M,ASY,Gulf of Maine,Boston Harbor,-70.53722143,43.24089302,26.0,6/8/2014,7/4/2014,159,185,B,2014,6,6.0,B,B,BD,B,76,1,9.425316456,0.071232877,40.46739131,0.333333333,0.004385965,9
136000_1,COEI,M,M1,1,M,ASY,Gulf of Maine,Boston Harbor,-66.92589251,45.05437542,97.0,7/12/2014,10/17/2014,193,290,F,2014,5,6.0,F,B,WM,WM,76,1,9.425316456,0.265753425,40.46739131,0.333333333,0.004385965,14
136001_1,COEI,M,M1,1,M,ASY,Gulf of Maine,Boston Harbor,-70.13274802,43.64291131,24.0,6/9/2014,7/3/2014,160,184,F,2014,5,6.0,F,B,WM,WM,76,1,9.425316456,0.065753425,40.46739131,0.111111111,0.001461988,9
136001_1,COEI,M,M2,1,M,ASY,Gulf of Maine,Boston Harbor,-64.26015114,48.53247499,7.0,7/13/2014,7/20/2014,194,201,F,2014,12,5.0,F,F,MD,WM,76,1,9.425316456,0.019178082,40.46739131,0.111111111,0.001461988,15
136001_1,COEI,M,M3,1,M,ASY,Gulf of Maine,Boston Harbor,-68.91045873,48.82847366,80.0,7/31/2014,10/19/2014,212,292,F,2014,16,12.0,F,F,MD,WM,76,1,9.425316456,0.219178082,40.46739131,0.111111111,0.001461988,13
136001_1,COEI,W,W1,1,M,ASY,Gulf of Maine,Boston Harbor,-70.23832576,41.72111909,174.0,10/30/2014,4/22/2015,303,112,W,2014,1,16.0,W,F,WM,WM,76,1,9.425316456,0.476712329,40.46739131,0.111111111,0.001461988,9
136001_1,COEI,B,B1,2,M,ASY,Gulf of Maine,Boston Harbor,-64.49863945,46.2452227,14.0,5/7/2015,5/21/2015,127,141,B,2015,12,1.0,B,W,SM,SM,76,1,9.425316456,0.038356164,40.46739131,0.111111111,0.001461988,14
136001_1,COEI,M,M1,2,M,ASY,Gulf of Maine,Boston Harbor,-64.50876961,46.38621762,16.0,5/30/2015,6/15/2015,150,166,F,2015,12,12.0,F,B,WM,WM,76,1,9.425316456,0.043835616,40.46739131,0.111111111,0.001461988,14
136001_1,COEI,M,M2,2,M,ASY,Gulf of Maine,Boston Harbor,-64.69470487,48.08076871,10.0,6/21/2015,7/1/2015,172,182,F,2015,12,12.0,F,F,MD,WM,76,1,9.425316456,0.02739726,40.46739131,0.111111111,0.001461988,15
136001_1,COEI,M,M3,2,M,ASY,Gulf of Maine,Boston Harbor,-68.91446154,48.80049081,60.0,7/7/2015,9/5/2015,188,248,F,2015,16,12.0,F,F,MD,WM,76,1,9.425316456,0.164383562,40.46739131,0.111111111,0.001461988,13
136003_1,COEI,B,B1,1,M,ASY,Gulf of Maine,Boston Harbor,-69.12433469,43.98334862,160.0416667,5/31/2014,11/7/2014,151,311,B,2014,5,6.0,B,S,SM,SM,76,1,9.425316456,0.43847032,40.46739131,0.125,0.001644737,9
136003_1,COEI,W,W1,1,M,ASY,Gulf of Maine,Boston Harbor,-70.09856266,41.5109273,113.0,11/14/2014,3/7/2015,318,66,W,2014,1,5.0,W,B,WM,WM,76,1,9.425316456,0.309589041,40.46739131,0.125,0.001644737,8
136003_1,COEI,S,S1,2,M,ASY,Gulf of Maine,Boston Harbor,-70.90248796,42.39628646,13.0,3/14/2015,3/27/2015,73,86,S,2015,6,1.0,S,W,SM,SM,76,1,9.425316456,0.035616438,40.46739131,0.125,0.001644737,9
136003_1,COEI,B,B1,2,M,ASY,Gulf of Maine,Boston Harbor,-69.11090707,43.9765426,161.0,4/2/2015,9/10/2015,92,253,B,2015,5,6.0,B,S,SM,SM,76,1,9.425316456,0.44109589,40.46739131,0.125,0.001644737,9
136003_1,COEI,M,M1,2,M,ASY,Gulf of Maine,Boston Harbor,-69.13711988,43.97349179,65.04166667,9/11/2015,11/15/2015,254,319,F,2015,5,5.0,F,B,WM,WM,76,1,9.425316456,0.178196347,40.46739131,0.125,0.001644737,9
136003_1,COEI,W,W1,2,M,ASY,Gulf of Maine,Boston Harbor,-70.12694303,41.42248926,109.9583333,11/25/2015,3/14/2016,329,74,W,2015,1,5.0,W,F,WM,WM,76,1,9.425316456,0.301255708,40.46739131,0.125,0.001644737,8
136003_1,COEI,S,S1,3,M,ASY,Gulf of Maine,Boston Harbor,-68.86928249,48.35525931,40.0,4/3/2016,5/13/2016,94,134,S,2016,16,1.0,S,W,SM,SM,76,1,9.425316456,0.109589041,40.46739131,0.125,0.001644737,13
136004_1,COEI,M,M1,1,M,ASY,Gulf of Maine,Boston Harbor,-69.63673411,43.73443245,108.0,7/1/2014,10/17/2014,182,290,F,2014,5,6.0,F,B,WM,WM,76,1,9.425316456,0.295890411,40.46739131,0.076923077,0.001012146,9
136004_1,COEI,W,W1,1,M,ASY,Gulf of Maine,Boston Harbor,-70.0933499,41.67296822,41.04166667,10/26/2014,12/6/2014,299,340,W,2014,1,5.0,W,F,WM,WM,76,1,9.425316456,0.112442922,40.46739131,0.076923077,0.001012146,8
136004_1,COEI,W,W2,1,M,ASY,Gulf of Maine,Boston Harbor,-71.5271963,41.2737737,42.0,12/7/2014,1/18/2015,341,18,W,2014,2,1.0,W,W,WD,W,76,1,9.425316456,0.115068493,40.46739131,0.076923077,0.001012146,8
136004_1,COEI,W,W3,1,M,ASY,Gulf of Maine,Boston Harbor,-71.8810057,41.06636019,74.95833333,1/19/2015,4/4/2015,19,94,W,2015,2,2.0,W,W,WD,W,76,1,9.425316456,0.205365297,40.46739131,0.076923077,0.001012146,8
136004_1,COEI,S,S1,1,M,ASY,Gulf of Maine,Boston Harbor,-59.71802248,47.28999189,2.0,4/22/2015,4/24/2015,112,114,S,2015,17,2.0,S,W,SM,SM,76,1,9.425316456,0.005479452,40.46739131,0.076923077,0.001012146,15
136004_1,COEI,S,S2,1,M,ASY,Gulf of Maine,Boston Harbor,-61.14021921,47.80996873,9.0,4/28/2015,5/7/2015,118,127,S,2015,13,17.0,S,S,SD,SM,76,1,9.425316456,0.024657534,40.46739131,0.076923077,0.001012146,15
136004_1,COEI,B,B1,2,M,ASY,Gulf of Maine,Boston Harbor,-63.59086807,50.22744648,26.0,5/15/2015,6/10/2015,135,161,B,2015,15,13.0,B,S,SM,SM,76,1,9.425316456,0.071232877,40.46739131,0.076923077,0.001012146,15
136004_1,COEI,M,M1,2,M,ASY,Gulf of Maine,Boston Harbor,-63.94719496,50.24975537,90.0,6/11/2015,9/9/2015,162,252,F,2015,15,15.0,F,B,WM,WM,76,1,9.425316456,0.246575342,40.46739131,0.076923077,0.001012146,15
136004_1,COEI,M,M2,2,M,ASY,Gulf of Maine,Boston Harbor,-65.05332138,49.35572887,24.0,9/10/2015,10/4/2015,253,277,F,2015,12,15.0,F,F,MD,WM,76,1,9.425316456,0.065753425,40.46739131,0.076923077,0.001012146,15
136004_1,COEI,W,W1,2,M,ASY,Gulf of Maine,Boston Harbor,-69.8690476,41.53523459,111.0416667,10/20/2015,2/8/2016,293,39,W,2015,1,12.0,W,F,WM,WM,76,1,9.425316456,0.304223744,40.46739131,0.076923077,0.001012146,8
136004_1,COEI,W,W2,2,M,ASY,Gulf of Maine,Boston Harbor,-70.94105714,41.38118312,60.95833333,2/9/2016,4/10/2016,40,101,W,2016,2,1.0,W,W,WD,W,76,1,9.425316456,0.167009132,40.46739131,0.076923077,0.001012146,8
136004_1,COEI,B,B1,3,M,ASY,Gulf of Maine,Boston Harbor,-70.79648897,42.53322902,35.0,4/11/2016,5/16/2016,102,137,B,2016,6,2.0,B,W,SM,SM,76,1,9.425316456,0.095890411,40.46739131,0.076923077,0.001012146,9
136006_1,COEI,M,M1,1,F,ASY,Gulf of Maine,Boston Harbor,-65.40172743,49.23260834,20.0,6/26/2014,7/16/2014,177,197,F,2014,12,6.0,F,B,WM,WM,76,1,9.425316456,0.054794521,12.28712871,0.111111111,0.001461988,15
136006_1,COEI,M,M2,1,F,ASY,Gulf of Maine,Boston Harbor,-64.48748043,49.84218161,63.0,7/20/2014,9/21/2014,201,264,F,2014,15,12.0,F,F,MD,WM,76,1,9.425316456,0.17260274,12.28712871,0.111111111,0.001461988,15
136006_1,COEI,M,M3,1,F,ASY,Gulf of Maine,Boston Harbor,-66.08501244,49.23840741,26.0,9/26/2014,10/22/2014,269,295,F,2014,15,15.0,F,F,MD,WM,76,1,9.425316456,0.071232877,12.28712871,0.111111111,0.001461988,15
136006_1,COEI,W,W1,1,F,ASY,Gulf of Maine,Boston Harbor,-70.65363253,42.10009956,161.0,11/1/2014,4/11/2015,305,101,W,2014,1,15.0,W,F,WM,WM,76,1,9.425316456,0.44109589,12.28712871,0.111111111,0.001461988,9
136006_1,COEI,S,S1,1,F,ASY,Gulf of Maine,Boston Harbor,-65.34340089,49.2388251,8.0,4/20/2015,4/28/2015,110,118,S,2015,12,1.0,S,W,SM,SM,76,1,9.425316456,0.021917808,12.28712871,0.111111111,0.001461988,15
136006_1,COEI,B,B1,2,F,ASY,Gulf of Maine,Boston Harbor,-63.80886133,50.23559472,104.0,5/3/2015,8/15/2015,123,227,B,2015,15,12.0,B,S,SM,SM,76,1,9.425316456,0.284931507,12.28712871,0.111111111,0.001461988,15
136006_1,COEI,M,M1,2,F,ASY,Gulf of Maine,Boston Harbor,-65.23771633,49.24283951,66.0,8/20/2015,10/25/2015,232,298,F,2015,12,15.0,F,B,WM,WM,76,1,9.425316456,0.180821918,12.28712871,0.111111111,0.001461988,15
136006_1,COEI,W,W1,2,F,ASY,Gulf of Maine,Boston Harbor,-70.68456115,42.16168094,118.0,11/9/2015,3/6/2016,313,66,W,2015,1,12.0,W,F,WM,WM,76,1,9.425316456,0.323287671,12.28712871,0.111111111,0.001461988,9
149424_1,COEI,M,M1,1,M,ASY,Gulf of Maine,Boston Harbor,-64.23415397,48.71624001,5.0,6/26/2015,7/1/2015,177,182,F,2015,12,6.0,F,B,WM,WM,76,1,9.425316456,0.01369863,40.46739131,0.166666667,0.002192982,15
149424_1,COEI,M,M2,1,M,ASY,Gulf of Maine,Boston Harbor,-59.69893117,50.35084154,45.0,7/12/2015,8/26/2015,193,238,F,2015,17,12.0,F,F,MD,WM,76,1,9.425316456,0.123287671,40.46739131,0.166666667,0.002192982,15
149424_1,COEI,M,M3,1,M,ASY,Gulf of Maine,Boston Harbor,-59.52620852,50.43777842,31.0,8/27/2015,9/27/2015,239,270,F,2015,17,17.0,F,F,MD,WM,76,1,9.425316456,0.084931507,40.46739131,0.166666667,0.002192982,15
149424_1,COEI,W,W1,1,M,ASY,Gulf of Maine,Boston Harbor,-64.28799471,49.86203945,15.0,10/5/2015,10/20/2015,278,293,W,2015,15,17.0,W,F,WM,WM,76,1,9.425316456,0.04109589,40.46739131,0.166666667,0.002192982,15
149424_1,COEI,W,W2,1,M,ASY,Gulf of Maine,Boston Harbor,-70.32852443,42.05832243,23.0,11/7/2015,11/30/2015,311,334,W,2015,1,15.0,W,W,WD,W,76,1,9.425316456,0.063013699,40.46739131,0.166666667,0.002192982,9
149426_1,COEI,M,M1,1,F,ASY,Gulf of Maine,Boston Harbor,-70.88956652,42.35180817,67.0,7/2/2015,9/7/2015,183,250,F,2015,6,6.0,F,B,WM,WM,76,1,9.425316456,0.183561644,12.28712871,0.5,0.006578947,9
149427_1,COEI,M,M1,1,M,ASY,Gulf of Maine,Boston Harbor,-70.28897457,43.54578315,5.0,5/31/2015,6/5/2015,151,156,F,2015,5,6.0,F,B,WM,WM,76,1,9.425316456,0.01369863,40.46739131,0.25,0.003289474,9
149427_1,COEI,M,M2,1,M,ASY,Gulf of Maine,Boston Harbor,-66.88123813,45.0405309,7.0,6/9/2015,6/16/2015,160,167,F,2015,5,5.0,F,F,MD,WM,76,1,9.425316456,0.019178082,40.46739131,0.25,0.003289474,14
149427_1,COEI,M,M3,1,M,ASY,Gulf of Maine,Boston Harbor,-69.48865861,48.2466597,99.0,6/27/2015,10/4/2015,178,277,F,2015,16,5.0,F,F,MD,WM,76,1,9.425316456,0.271232877,40.46739131,0.25,0.003289474,13
149428_1,COEI,M,M1,1,F,ASY,Gulf of Maine,Boston Harbor,-70.89519516,42.35256035,87.0,7/2/2015,9/27/2015,183,270,F,2015,6,6.0,F,B,WM,WM,76,1,9.425316456,0.238356164,12.28712871,0.25,0.003289474,9
149428_1,COEI,M,M2,1,F,ASY,Gulf of Maine,Boston Harbor,-70.60998183,42.98652571,15.0,9/28/2015,10/13/2015,271,286,F,2015,6,6.0,F,F,MD,WM,76,1,9.425316456,0.04109589,12.28712871,0.25,0.003289474,9
149428_1,COEI,W,W1,1,F,ASY,Gulf of Maine,Boston Harbor,-70.58318274,43.07541264,36.04166667,10/14/2015,11/19/2015,287,323,W,2015,6,6.0,W,F,WM,WM,76,1,9.425316456,0.098744292,12.28712871,0.25,0.003289474,9
149429_1,COEI,M,M1,1,F,ASY,Gulf of Maine,Boston Harbor,-70.88665714,42.36138224,70.0,7/30/2015,10/8/2015,211,281,F,2015,6,6.0,F,B,WM,WM,76,1,9.425316456,0.191780822,12.28712871,0.333333333,0.004385965,9
149429_1,COEI,W,W1,1,F,ASY,Gulf of Maine,Boston Harbor,-70.59468108,42.98026317,44.04166667,10/9/2015,11/22/2015,282,326,W,2015,6,6.0,W,F,WM,WM,76,1,9.425316456,0.1206621,12.28712871,0.333333333,0.004385965,9
149430_1,COEI,M,M1,1,M,ASY,Gulf of Maine,Boston Harbor,-70.09893491,43.67181889,88.0,6/26/2015,9/22/2015,177,265,F,2015,5,6.0,F,B,WM,WM,76,1,9.425316456,0.24109589,40.46739131,0.25,0.003289474,9
149430_1,COEI,W,W1,1,M,ASY,Gulf of Maine,Boston Harbor,-70.57064088,42.5646501,43.04166667,9/30/2015,11/12/2015,273,316,W,2015,6,5.0,W,F,WM,WM,76,1,9.425316456,0.117922374,40.46739131,0.25,0.003289474,9
149430_1,COEI,W,W2,1,M,ASY,Gulf of Maine,Boston Harbor,-69.98253178,41.58239063,44.0,11/13/2015,12/27/2015,317,361,W,2015,1,6.0,W,W,WD,W,76,1,9.425316456,0.120547945,40.46739131,0.25,0.003289474,8
149431_1,COEI,M,M1,1,M,ASY,Gulf of Maine,Boston Harbor,-70.59781078,42.64851392,19.0,6/19/2015,7/8/2015,170,189,F,2015,6,6.0,F,B,WM,WM,76,1,9.425316456,0.052054795,40.46739131,0.25,0.003289474,9
149431_1,COEI,M,M2,1,M,ASY,Gulf of Maine,Boston Harbor,-69.94316614,43.72155618,109.0,7/9/2015,10/26/2015,190,299,F,2015,5,6.0,F,F,MD,WM,76,1,9.425316456,0.298630137,40.46739131,0.25,0.003289474,9
149431_1,COEI,W,W1,1,M,ASY,Gulf of Maine,Boston Harbor,-69.96136793,41.57720005,34.0,11/4/2015,12/8/2015,308,342,W,2015,1,5.0,W,F,WM,WM,76,1,9.425316456,0.093150685,40.46739131,0.25,0.003289474,8
149433_1,COEI,W,W1,1,F,ASY,Gulf of Maine,Boston Harbor,-70.11405197,41.43603989,148.9583333,11/2/2015,3/30/2016,306,90,W,2015,1,6.0,W,B,WM,WM,76,1,9.425316456,0.408105023,12.28712871,0.333333333,0.004385965,8
149433_1,COEI,B,B1,2,F,ASY,Gulf of Maine,Boston Harbor,-70.92715111,42.3931357,114.0,4/3/2016,7/26/2016,94,208,B,2016,6,1.0,B,W,SM,SM,76,1,9.425316456,0.312328767,12.28712871,0.333333333,0.004385965,9
149434_1,COEI,M,M1,1,F,ASY,Gulf of Maine,Boston Harbor,-70.95960033,42.41934516,17.0,7/12/2015,7/29/2015,193,210,F,2015,6,6.0,F,B,WM,WM,76,1,9.425316456,0.046575342,12.28712871,0.125,0.001644737,9
149434_1,COEI,M,M2,1,F,ASY,Gulf of Maine,Boston Harbor,-70.58493878,43.21044899,54.0,8/10/2015,10/3/2015,222,276,F,2015,6,6.0,F,F,MD,WM,76,1,9.425316456,0.147945205,12.28712871,0.125,0.001644737,9
149434_1,COEI,M,M3,1,F,ASY,Gulf of Maine,Boston Harbor,-69.97841474,43.71693232,13.0,10/10/2015,10/23/2015,283,296,F,2015,5,6.0,F,F,MD,WM,76,1,9.425316456,0.035616438,12.28712871,0.125,0.001644737,9
149434_1,COEI,W,W1,1,F,ASY,Gulf of Maine,Boston Harbor,-68.7649519,44.25369853,160.0,10/31/2015,4/8/2016,304,99,W,2015,5,5.0,W,F,WM,WM,76,1,9.425316456,0.438356164,12.28712871,0.125,0.001644737,9
149434_1,COEI,B,B1,2,F,ASY,Gulf of Maine,Boston Harbor,-70.92592,42.38251646,107.0,4/16/2016,8/1/2016,107,214,B,2016,6,5.0,B,W,SM,SM,76,1,9.425316456,0.293150685,12.28712871,0.125,0.001644737,9
149434_1,COEI,M,M1,2,F,ASY,Gulf of Maine,Boston Harbor,-70.59008852,43.21084703,57.0,8/8/2016,10/4/2016,221,278,F,2016,6,6.0,F,B,WM,WM,76,1,9.425316456,0.156164384,12.28712871,0.125,0.001644737,9
149434_1,COEI,W,W1,2,F,ASY,Gulf of Maine,Boston Harbor,-68.76382086,44.26312562,125.0416667,10/13/2016,2/15/2017,287,46,W,2016,5,6.0,W,F,WM,WM,76,1,9.425316456,0.342579909,12.28712871,0.125,0.001644737,9
149435_1,COEI,M,M1,1,F,ASY,Gulf of Maine,Boston Harbor,-70.26919839,43.53158523,152.0,5/24/2015,10/23/2015,144,296,F,2015,5,6.0,F,B,WM,WM,76,1,9.425316456,0.416438356,12.28712871,0.166666667,0.002192982,9
149435_1,COEI,W,W1,1,F,ASY,Gulf of Maine,Boston Harbor,-70.48499663,41.5397448,130.0416667,10/31/2015,3/9/2016,304,69,W,2015,1,5.0,W,F,WM,WM,76,1,9.425316456,0.356278539,12.28712871,0.166666667,0.002192982,8
149435_1,COEI,B,B1,2,F,ASY,Gulf of Maine,Boston Harbor,-70.90403664,42.34679668,82.95833333,3/13/2016,6/4/2016,73,156,B,2016,6,1.0,B,W,SM,SM,76,1,9.425316456,0.227283105,12.28712871,0.166666667,0.002192982,9
149435_1,COEI,M,M1,2,F,ASY,Gulf of Maine,Boston Harbor,-70.27524393,43.53484317,147.0,6/9/2016,11/3/2016,161,308,F,2016,5,6.0,F,B,WM,WM,76,1,9.425316456,0.402739726,12.28712871,0.166666667,0.002192982,9
149435_1,COEI,W,W1,2,F,ASY,Gulf of Maine,Boston Harbor,-70.44753989,41.55261787,98.0,11/9/2016,2/15/2017,314,46,W,2016,1,5.0,W,F,WM,WM,76,1,9.425316456,0.268493151,12.28712871,0.166666667,0.002192982,8
149436_1,COEI,M,M1,1,F,ASY,Gulf of Maine,Boston Harbor,-70.9133223,42.34459297,53.04166667,9/10/2015,11/2/2015,253,306,F,2015,6,6.0,F,B,WM,WM,76,1,9.425316456,0.145319635,12.28712871,0.166666667,0.002192982,9
149436_1,COEI,W,W1,1,F,ASY,Gulf of Maine,Boston Harbor,-70.91843945,42.35333716,179.9583333,11/3/2015,5/1/2016,307,122,W,2015,6,6.0,W,F,WM,WM,76,1,9.425316456,0.49303653,12.28712871,0.166666667,0.002192982,9
149436_1,COEI,B,B1,2,F,ASY,Gulf of Maine,Boston Harbor,-70.88995341,42.34305795,147.0,5/2/2016,9/26/2016,123,270,B,2016,6,6.0,B,W,SM,SM,76,1,9.425316456,0.402739726,12.28712871,0.166666667,0.002192982,9
149436_1,COEI,M,M1,2,F,ASY,Gulf of Maine,Boston Harbor,-70.91274781,42.35127177,35.0,9/27/2016,11/1/2016,271,306,F,2016,6,6.0,F,B,WM,WM,76,1,9.425316456,0.095890411,12.28712871,0.166666667,0.002192982,9
149436_1,COEI,W,W1,2,F,ASY,Gulf of Maine,Boston Harbor,-70.92706432,42.35152165,120.0416667,11/2/2016,3/2/2017,307,61,W,2016,6,6.0,W,F,WM,WM,76,1,9.425316456,0.328881279,12.28712871,0.166666667,0.002192982,9
50840_2,COEI,M,M1,1,F,ASY,Gulf of Maine,Maine,-68.61189755,44.06691037,10.04166667,10/27/2012,11/6/2012,301,311,F,2012,5,5.0,F,B,WM,WM,76,1,9.425316456,0.027511416,12.28712871,0.25,0.003289474,9
50840_2,COEI,W,W1,1,F,ASY,Gulf of Maine,Maine,-70.01810225,41.28197767,110.9583333,12/14/2012,4/4/2013,349,94,W,2012,1,5.0,W,F,WM,WM,76,1,9.425316456,0.303995434,12.28712871,0.25,0.003289474,8
50840_2,COEI,B,B1,2,F,ASY,Gulf of Maine,Maine,-69.1367493,43.92970029,98.0,4/14/2013,7/21/2013,104,202,B,2013,5,1.0,B,W,SM,SM,76,1,9.425316456,0.268493151,12.28712871,0.25,0.003289474,9
50841_1,COEI,B,B1,1,F,ASY,Gulf of Maine,Maine,-69.87878124,43.75073459,88.95833333,3/12/2011,6/9/2011,71,160,B,2011,5,1.0,B,W,SM,SM,76,1,9.425316456,0.243721461,12.28712871,0.5,0.006578947,9
50842_1,COEI,B,B1,1,F,ASY,Gulf of Maine,Maine,-69.89074202,43.73956048,75.0,4/8/2011,6/22/2011,98,173,B,2011,5,1.0,B,W,SM,SM,76,1,9.425316456,0.205479452,12.28712871,0.5,0.006578947,9
COEI_BT112437-680,COEI,S,S1,1,F,,Southern New England,RI/MA,-64.80141975,47.8713055,18.0,4/21/2012,5/9/2012,112,130,S,2012,12,2.0,S,W,SM,SM,76,1,9.425316456,0.049315068,12.28712871,0.142857143,0.001879699,15
COEI_BT112437-680,COEI,B,B1,1,F,,Southern New England,RI/MA,-60.08020914,50.16783579,158.0,5/17/2012,10/22/2012,138,296,B,2012,17,12.0,B,S,SM,SM,76,1,9.425316456,0.432876712,12.28712871,0.142857143,0.001879699,15
COEI_BT112437-680,COEI,WM,St,1,F,,Southern New England,RI/MA,-63.5231183,44.50192806,2.0,10/28/2012,10/30/2012,302,304,F,2012,13,17.0,F,B,WM,WM,76,1,9.425316456,0.005479452,12.28712871,0.142857143,0.001879699,14
COEI_BT112437-680,COEI,W,W1,2,F,,Southern New England,RI/MA,-71.41904461,41.42412026,145.9583333,11/7/2012,4/2/2013,312,92,W,2012,2,13.0,W,F,WM,WM,76,1,9.425316456,0.399885845,12.28712871,0.142857143,0.001879699,8
COEI_BT112437-680,COEI,S,S1,2,F,,Southern New England,RI/MA,-66.9056393,44.80714261,4.0,4/8/2013,4/12/2013,98,102,S,2013,5,2.0,S,W,SM,SM,76,1,9.425316456,0.010958904,12.28712871,0.142857143,0.001879699,14
COEI_BT112437-680,COEI,B,B1,2,F,,Southern New England,RI/MA,-60.05667487,50.16144734,19.0,4/23/2013,5/12/2013,113,132,B,2013,17,5.0,B,S,SM,SM,76,1,9.425316456,0.052054795,12.28712871,0.142857143,0.001879699,15
COEI_BT112438-684,COEI,B,B1,1,F,,Southern New England,RI/MA,-66.02290593,43.40550731,201.0,4/13/2012,10/31/2012,104,305,B,2012,5,2.0,B,W,SM,SM,76,1,9.425316456,0.550684932,12.28712871,0.25,0.003289474,14
COEI_BT112438-684,COEI,W,W1,2,F,,Southern New England,RI/MA,-71.44418406,41.28189704,154.9583333,11/5/2012,4/9/2013,310,99,W,2012,2,5.0,W,B,WM,WM,76,1,9.425316456,0.424543379,12.28712871,0.25,0.003289474,8
COEI_BT112438-684,COEI,B,B1,2,F,,Southern New England,RI/MA,-66.01309038,43.4087664,24.0,4/24/2013,5/18/2013,114,138,B,2013,5,2.0,B,W,SM,SM,76,1,9.425316456,0.065753425,12.28712871,0.25,0.003289474,14
COEI_CB112421-593,COEI,B,B1,1,F,,Southern New England,RI/MA,-69.82407491,43.72509058,195.0,4/7/2012,10/19/2012,98,293,B,2012,5,2.0,B,W,SM,SM,76,1,9.425316456,0.534246575,12.28712871,0.333333333,0.004385965,9
COEI_CB112421-593,COEI,W,W1,2,F,,Southern New England,RI/MA,-71.32289122,41.365849,161.0,10/24/2012,4/3/2013,298,93,W,2012,2,5.0,W,B,WM,WM,76,1,9.425316456,0.44109589,12.28712871,0.333333333,0.004385965,8
COEI_FPR112419-560,COEI,B,B1,1,F,,Southern New England,RI/MA,-69.39041788,48.03546798,188.0,4/17/2012,10/22/2012,108,296,B,2012,16,2.0,B,W,SM,SM,76,1,9.425316456,0.515068493,12.28712871,0.25,0.003289474,13
COEI_FPR112419-560,COEI,W,W1,2,F,,Southern New England,RI/MA,-70.23851657,41.78789092,141.9583333,11/5/2012,3/27/2013,310,86,W,2012,1,16.0,W,B,WM,WM,76,1,9.425316456,0.388926941,12.28712871,0.25,0.003289474,9
COEI_FPR112419-560,COEI,B,B1,2,F,,Southern New England,RI/MA,-70.00746236,43.74331104,45.0,4/2/2013,5/17/2013,92,137,B,2013,5,1.0,B,W,SM,SM,76,1,9.425316456,0.123287671,12.28712871,0.25,0.003289474,9
COEI_FPR112420-141,COEI,B,B1,1,F,,Southern New England,RI/MA,-68.44513861,44.21112867,199.0,3/28/2012,10/13/2012,88,287,B,2012,5,2.0,B,W,SM,SM,76,1,9.425316456,0.545205479,12.28712871,0.333333333,0.004385965,9
COEI_FPR112420-141,COEI,W,W1,2,F,,Southern New England,RI/MA,-71.51453051,41.36160845,158.0,10/20/2012,3/27/2013,294,86,W,2012,2,5.0,W,B,WM,WM,76,1,9.425316456,0.432876712,12.28712871,0.333333333,0.004385965,8
COEI_GB112435-673,COEI,SM,St,1,F,,Southern New England,RI/MA,-67.28615471,43.65216721,1.0,4/8/2012,4/9/2012,99,100,S,2012,5,2.0,S,W,SM,SM,76,1,9.425316456,0.002739726,12.28712871,0.111111111,0.001461988,9
COEI_GB112435-673,COEI,S,S1,1,F,,Southern New England,RI/MA,-67.44523168,44.5756355,8.0,4/11/2012,4/19/2012,102,110,S,2012,5,5.0,S,S,SD,SM,76,1,9.425316456,0.021917808,12.28712871,0.111111111,0.001461988,9
COEI_GB112435-673,COEI,S,S2,1,F,,Southern New England,RI/MA,-68.2665121,44.24277789,12.0,4/21/2012,5/3/2012,112,124,S,2012,5,5.0,S,S,SD,SM,76,1,9.425316456,0.032876712,12.28712871,0.111111111,0.001461988,9
COEI_GB112435-673,COEI,BM,St,1,F,,Southern New England,RI/MA,-66.14355227,48.0504557,4.0,5/12/2012,5/16/2012,133,137,S,2012,31,5.0,S,S,SD,SM,76,1,9.425316456,0.010958904,12.28712871,0.111111111,0.001461988,15
COEI_GB112435-673,COEI,B,B1,1,F,,Southern New England,RI/MA,-69.12525552,48.60101249,184.0416667,5/21/2012,11/21/2012,142,326,B,2012,16,31.0,B,S,SM,SM,76,1,9.425316456,0.504223744,12.28712871,0.111111111,0.001461988,13
COEI_GB112435-673,COEI,W,W1,2,F,,Southern New England,RI/MA,-71.3709642,41.43816427,132.9583333,11/30/2012,4/12/2013,335,102,W,2012,2,16.0,W,B,WM,WM,76,1,9.425316456,0.364269406,12.28712871,0.111111111,0.001461988,8
COEI_GB112435-673,COEI,BM,St,2,F,,Southern New England,RI/MA,-65.81411404,48.43606075,2.0,4/25/2013,4/27/2013,115,117,S,2013,31,2.0,S,W,SM,SM,76,1,9.425316456,0.005479452,12.28712871,0.111111111,0.001461988,15
COEI_GB112435-673,COEI,B,B1,2,F,,Southern New England,RI/MA,-68.97040259,48.50113368,10.0,5/6/2013,5/16/2013,126,136,B,2013,16,31.0,B,S,SM,SM,76,1,9.425316456,0.02739726,12.28712871,0.111111111,0.001461988,13
COEI_GB112436-672,COEI,S,S1,1,F,,Southern New England,RI/MA,-63.9622555,47.01996543,9.0,4/2/2012,4/11/2012,93,102,S,2012,12,2.0,S,W,SM,SM,76,1,9.425316456,0.024657534,12.28712871,0.166666667,0.002192982,14
COEI_GB112436-672,COEI,B,B1,1,F,,Southern New England,RI/MA,-59.75304622,50.32818033,187.0,4/15/2012,10/19/2012,106,293,B,2012,17,12.0,B,S,SM,SM,76,1,9.425316456,0.512328767,12.28712871,0.166666667,0.002192982,15
COEI_GB112436-672,COEI,W,W1,2,F,,Southern New England,RI/MA,-71.42953101,41.37550443,148.0,10/30/2012,3/27/2013,304,86,W,2012,2,17.0,W,B,WM,WM,76,1,9.425316456,0.405479452,12.28712871,0.166666667,0.002192982,8
COEI_GB112436-672,COEI,S,S1,2,F,,Southern New England,RI/MA,-63.89872039,47.07128347,14.0,4/5/2013,4/19/2013,95,109,S,2013,12,2.0,S,W,SM,SM,76,1,9.425316456,0.038356164,12.28712871,0.166666667,0.002192982,14
COEI_GB112436-672,COEI,B,B1,2,F,,Southern New England,RI/MA,-59.71324178,50.37524324,24.0,4/24/2013,5/18/2013,114,138,B,2013,17,12.0,B,S,SM,SM,76,1,9.425316456,0.065753425,12.28712871,0.166666667,0.002192982,15
COEI_HOR112413-220,COEI,B,B1,1,F,,Southern New England,RI/MA,-69.84727369,43.76284901,219.0,3/29/2012,11/3/2012,89,308,B,2012,5,2.0,B,W,SM,SM,76,1,9.425316456,0.6,12.28712871,0.333333333,0.004385965,9
COEI_HOR112413-220,COEI,W,W1,2,F,,Southern New England,RI/MA,-71.36741809,41.47182837,31.0,11/13/2012,12/14/2012,318,349,W,2012,2,5.0,W,B,WM,WM,76,1,9.425316456,0.084931507,12.28712871,0.333333333,0.004385965,8
COEI_HOR112414-538,COEI,S,S1,1,F,,Southern New England,RI/MA,-68.36616263,49.06374127,16.0,4/15/2012,5/1/2012,106,122,S,2012,16,2.0,S,W,SM,SM,76,1,9.425316456,0.043835616,12.28712871,0.142857143,0.001879699,13
COEI_HOR112414-538,COEI,B,B1,1,F,,Southern New England,RI/MA,-66.47821351,50.0616249,109.0,5/7/2012,8/24/2012,128,237,B,2012,15,16.0,B,S,SM,SM,76,1,9.425316456,0.298630137,12.28712871,0.142857143,0.001879699,15
COEI_HOR112414-538,COEI,WM,St,1,F,,Southern New England,RI/MA,-71.78406115,40.78658177,1.0,9/3/2012,9/4/2012,247,248,F,2012,2,15.0,F,B,WM,WM,76,1,9.425316456,0.002739726,12.28712871,0.142857143,0.001879699,8
COEI_HOR112414-538,COEI,W,W1,2,F,,Southern New England,RI/MA,-71.35156345,41.4853952,216.0,9/6/2012,4/10/2013,250,100,W,2012,2,2.0,W,F,WM,WM,76,1,9.425316456,0.591780822,12.28712871,0.142857143,0.001879699,8
COEI_HOR112414-538,COEI,S,S1,2,F,,Southern New England,RI/MA,-68.13966865,49.28228616,12.0,4/20/2013,5/2/2013,110,122,S,2013,16,2.0,S,W,SM,SM,76,1,9.425316456,0.032876712,12.28712871,0.142857143,0.001879699,15
COEI_HOR112414-538,COEI,B,B1,2,F,,Southern New England,RI/MA,-66.37394581,50.09391511,10.0,5/8/2013,5/18/2013,128,138,B,2013,15,16.0,B,S,SM,SM,76,1,9.425316456,0.02739726,12.28712871,0.142857143,0.001879699,15
COEI_HOR112416-536,COEI,W,W2,1,F,,Southern New England,RI/MA,-71.81930164,41.30317154,110.9583333,12/21/2011,4/10/2012,355,101,W,2011,2,2.0,W,W,WD,W,76,1,9.425316456,0.303995434,12.28712871,0.125,0.001644737,8
COEI_HOR112416-536,COEI,B,B1,1,F,,Southern New England,RI/MA,-70.09402955,43.69699744,249.0416667,4/19/2012,12/24/2012,110,359,B,2012,5,2.0,B,W,SM,SM,76,1,9.425316456,0.682305936,12.28712871,0.125,0.001644737,9
COEI_HOR112416-536,COEI,WM,St,1,F,,Southern New England,RI/MA,-70.5707462,42.6630425,1.0,12/29/2012,12/30/2012,364,365,F,2012,6,5.0,F,B,WM,WM,76,1,9.425316456,0.002739726,12.28712871,0.125,0.001644737,9
COEI_HOR112416-536,COEI,W,W1,2,F,,Southern New England,RI/MA,-70.26433882,41.76034934,22.0,1/3/2013,1/25/2013,3,25,W,2013,1,6.0,W,F,WM,WM,76,1,9.425316456,0.060273973,12.28712871,0.125,0.001644737,9
COEI_HOR112416-536,COEI,W,W2,2,F,,Southern New England,RI/MA,-71.92265835,41.29903713,49.95833333,1/31/2013,3/22/2013,31,81,W,2013,2,1.0,W,W,WD,W,76,1,9.425316456,0.136872146,12.28712871,0.125,0.001644737,8
COEI_HOR112416-536,COEI,S,S1,2,F,,Southern New England,RI/MA,-70.8015022,41.38630233,17.0,3/28/2013,4/14/2013,87,104,S,2013,2,2.0,S,W,SM,SM,76,1,9.425316456,0.046575342,12.28712871,0.125,0.001644737,8
COEI_HOR112416-536,COEI,B,B1,2,F,,Southern New England,RI/MA,-70.09189534,43.68830701,28.0,4/20/2013,5/18/2013,110,138,B,2013,5,2.0,B,S,SM,SM,76,1,9.425316456,0.076712329,12.28712871,0.125,0.001644737,9
COEI_HOR112417-535,COEI,B,B1,1,F,,Southern New England,RI/MA,-59.80753493,50.31389559,158.0,4/16/2012,9/21/2012,107,265,B,2012,17,2.0,B,W,SM,SM,76,1,9.425316456,0.432876712,12.28712871,0.25,0.003289474,15
COEI_HOR112417-535,COEI,W,W1,2,F,,Southern New England,RI/MA,-70.31415187,41.32202045,86.04166667,10/11/2012,1/5/2013,285,5,W,2012,1,17.0,W,B,WM,WM,76,1,9.425316456,0.235730594,12.28712871,0.25,0.003289474,8
COEI_HOR112417-535,COEI,W,W2,2,F,,Southern New England,RI/MA,-71.42843472,41.51024019,4.0,1/11/2013,1/15/2013,11,15,W,2013,2,1.0,W,W,WD,W,76,1,9.425316456,0.010958904,12.28712871,0.25,0.003289474,8
COEI_HOR112422-640,COEI,B,B1,1,F,,Southern New England,RI/MA,-68.71720892,44.07179661,244.0416667,4/12/2012,12/12/2012,103,347,B,2012,5,2.0,B,W,SM,SM,76,1,9.425316456,0.668607306,12.28712871,0.5,0.006578947,9
COEI_HOR112426-643,COEI,S,S1,1,F,,Southern New England,RI/MA,-64.7189168,49.18012787,4.0,4/9/2012,4/13/2012,100,104,S,2012,12,2.0,S,W,SM,SM,76,1,9.425316456,0.010958904,12.28712871,0.166666667,0.002192982,15
COEI_HOR112426-643,COEI,B,B1,1,F,,Southern New England,RI/MA,-64.14498679,49.98262811,187.0,4/15/2012,10/19/2012,106,293,B,2012,15,12.0,B,S,SM,SM,76,1,9.425316456,0.512328767,12.28712871,0.166666667,0.002192982,15
COEI_HOR112426-643,COEI,W,W1,2,F,,Southern New England,RI/MA,-71.36596646,41.41769018,165.0,10/29/2012,4/12/2013,303,102,W,2012,2,15.0,W,B,WM,WM,76,1,9.425316456,0.452054795,12.28712871,0.166666667,0.002192982,8
COEI_HOR112426-643,COEI,S,S1,2,F,,Southern New England,RI/MA,-64.83732643,46.79125565,8.0,4/22/2013,4/30/2013,112,120,S,2013,12,2.0,S,W,SM,SM,76,1,9.425316456,0.021917808,12.28712871,0.166666667,0.002192982,14
COEI_HOR112426-643,COEI,B,B1,2,F,,Southern New England,RI/MA,-64.11522109,50.2207268,8.0,5/7/2013,5/15/2013,127,135,B,2013,15,12.0,B,S,SM,SM,76,1,9.425316456,0.021917808,12.28712871,0.166666667,0.002192982,15
COEI_HOR112427-645,COEI,W,W2,1,F,,Southern New England,RI/MA,-71.03030492,41.50801295,27.0,12/27/2011,1/23/2012,361,23,W,2011,2,2.0,W,W,WD,W,76,1,9.425316456,0.073972603,12.28712871,0.5,0.006578947,8
COEI_HOR112428-641,COEI,B,B1,1,F,,Southern New England,RI/MA,-69.86012759,43.72601482,34.0,4/6/2012,5/10/2012,97,131,B,2012,5,2.0,B,W,SM,SM,76,1,9.425316456,0.093150685,12.28712871,0.142857143,0.001879699,9
COEI_HOR112428-641,COEI,M,M1,1,F,,Southern New England,RI/MA,-69.67644648,47.90232971,157.0,5/16/2012,10/20/2012,137,294,F,2012,16,5.0,F,B,WM,WM,76,1,9.425316456,0.430136986,12.28712871,0.142857143,0.001879699,13
COEI_HOR112428-641,COEI,WM,St,1,F,,Southern New England,RI/MA,-68.71895026,44.5460117,3.0,10/26/2012,10/29/2012,300,303,F,2012,5,16.0,F,F,MD,WM,76,1,9.425316456,0.008219178,12.28712871,0.142857143,0.001879699,9
COEI_HOR112428-641,COEI,W,W1,2,F,,Southern New England,RI/MA,-71.46289489,41.42799146,121.9583333,11/9/2012,3/11/2013,314,70,W,2012,2,5.0,W,F,WM,WM,76,1,9.425316456,0.33413242,12.28712871,0.142857143,0.001879699,8
COEI_HOR112428-641,COEI,BM,St,2,F,,Southern New England,RI/MA,-62.43314385,50.74108984,1.0,4/2/2013,4/3/2013,92,93,S,2013,15,2.0,S,W,SM,SM,76,1,9.425316456,0.002739726,12.28712871,0.142857143,0.001879699,15
COEI_HOR112428-641,COEI,B,B1,2,F,,Southern New England,RI/MA,-60.01573723,50.26368372,29.0,4/15/2013,5/14/2013,105,134,B,2013,17,15.0,B,S,SM,SM,76,1,9.425316456,0.079452055,12.28712871,0.142857143,0.001879699,15
COEI_HOR112429-656,COEI,B,B1,1,F,,Southern New England,RI/MA,-64.23389656,44.31945674,135.0,3/20/2012,8/2/2012,80,215,B,2012,13,2.0,B,W,SM,SM,76,1,9.425316456,0.369863014,12.28712871,0.166666667,0.002192982,14
COEI_HOR112429-656,COEI,M,M1,1,F,,Southern New England,RI/MA,-68.79862686,44.0190884,75.0,8/11/2012,10/25/2012,224,299,F,2012,5,13.0,F,B,WM,WM,76,1,9.425316456,0.205479452,12.28712871,0.166666667,0.002192982,9
COEI_HOR112429-656,COEI,W,W1,2,F,,Southern New England,RI/MA,-69.96539496,41.58785819,9.041666667,10/31/2012,11/9/2012,305,314,W,2012,1,5.0,W,F,WM,WM,76,1,9.425316456,0.024771689,12.28712871,0.166666667,0.002192982,8
COEI_HOR112429-656,COEI,W,W2,2,F,,Southern New England,RI/MA,-71.40811961,41.4463551,120.9583333,11/13/2012,3/14/2013,318,73,W,2012,2,1.0,W,W,WD,W,76,1,9.425316456,0.331392694,12.28712871,0.166666667,0.002192982,8
COEI_HOR112429-656,COEI,B,B1,2,F,,Southern New England,RI/MA,-64.15391746,44.32857764,45.0,4/3/2013,5/18/2013,93,138,B,2013,13,2.0,B,W,SM,SM,76,1,9.425316456,0.123287671,12.28712871,0.166666667,0.002192982,14
COEI_HOR112430-650,COEI,S,S1,1,F,,Southern New England,RI/MA,-66.96738593,44.86798016,35.0,4/1/2012,5/6/2012,92,127,S,2012,5,2.0,S,W,SM,SM,76,1,9.425316456,0.095890411,12.28712871,0.142857143,0.001879699,14
COEI_HOR112430-650,COEI,B,B1,1,F,,Southern New England,RI/MA,-56.68474301,51.24825391,152.0,5/15/2012,10/14/2012,136,288,B,2012,17,5.0,B,S,SM,SM,76,1,9.425316456,0.416438356,12.28712871,0.142857143,0.001879699,16
COEI_HOR112430-650,COEI,W,W1,2,F,,Southern New England,RI/MA,-70.09026814,43.7741479,34.04166667,11/3/2012,12/7/2012,308,342,W,2012,5,17.0,W,B,WM,WM,76,1,9.425316456,0.09326484,12.28712871,0.142857143,0.001879699,9
COEI_HOR112430-650,COEI,W,W2,2,F,,Southern New England,RI/MA,-70.18932216,41.81056993,81.0,12/13/2012,3/4/2013,348,63,W,2012,1,5.0,W,W,WD,W,76,1,9.425316456,0.221917808,12.28712871,0.142857143,0.001879699,9
COEI_HOR112430-650,COEI,S,S1,2,F,,Southern New England,RI/MA,-67.01876033,44.89952694,30.0,3/17/2013,4/16/2013,76,106,S,2013,5,1.0,S,W,SM,SM,76,1,9.425316456,0.082191781,12.28712871,0.142857143,0.001879699,14
COEI_HOR112430-650,COEI,B,B1,2,F,,Southern New England,RI/MA,-56.81986294,51.20301931,19.0,4/29/2013,5/18/2013,119,138,B,2013,17,5.0,B,S,SM,SM,76,1,9.425316456,0.052054795,12.28712871,0.142857143,0.001879699,16
COEI_HOR112431-652,COEI,B,B1,1,F,,Southern New England,RI/MA,-70.02268433,43.71756588,185.0,4/17/2012,10/19/2012,108,293,B,2012,5,2.0,B,W,SM,SM,76,1,9.425316456,0.506849315,12.28712871,0.25,0.003289474,9
COEI_HOR112431-652,COEI,W,W1,2,F,,Southern New England,RI/MA,-71.32234148,41.47866556,174.0,10/24/2012,4/16/2013,298,106,W,2012,2,5.0,W,B,WM,WM,76,1,9.425316456,0.476712329,12.28712871,0.25,0.003289474,8
COEI_HOR112431-652,COEI,B,B1,2,F,,Southern New England,RI/MA,-69.99470849,43.72779794,24.0,4/22/2013,5/16/2013,112,136,B,2013,5,2.0,B,W,SM,SM,76,1,9.425316456,0.065753425,12.28712871,0.25,0.003289474,9
COEI_HOR112432-653,COEI,W,W2,1,F,,Southern New England,RI/MA,-70.3105403,41.3313709,83.95833333,1/3/2012,3/27/2012,3,87,W,2012,1,2.0,W,W,WD,W,76,1,9.425316456,0.230022831,12.28712871,0.142857143,0.001879699,8
COEI_HOR112432-653,COEI,B,B1,1,F,,Southern New England,RI/MA,-60.96203343,45.53740577,119.0,4/3/2012,7/31/2012,94,213,B,2012,13,1.0,B,W,SM,SM,76,1,9.425316456,0.326027397,12.28712871,0.142857143,0.001879699,15
COEI_HOR112432-653,COEI,M,M1,1,F,,Southern New England,RI/MA,-68.27418143,44.17282514,77.0,8/10/2012,10/26/2012,223,300,F,2012,5,13.0,F,B,WM,WM,76,1,9.425316456,0.210958904,12.28712871,0.142857143,0.001879699,9
COEI_HOR112432-653,COEI,WM,St,1,F,,Southern New England,RI/MA,-69.96864047,43.72078663,4.0,10/30/2012,11/3/2012,304,308,F,2012,5,5.0,F,F,MD,WM,76,1,9.425316456,0.010958904,12.28712871,0.142857143,0.001879699,9
COEI_HOR112432-653,COEI,W,W1,2,F,,Southern New England,RI/MA,-70.2091402,41.61417739,135.9583333,11/11/2012,3/27/2013,316,86,W,2012,1,5.0,W,F,WM,WM,76,1,9.425316456,0.372488584,12.28712871,0.142857143,0.001879699,8
COEI_HOR112432-653,COEI,B,B1,2,F,,Southern New England,RI/MA,-60.96866227,45.54109742,35.0,4/9/2013,5/14/2013,99,134,B,2013,13,1.0,B,W,SM,SM,76,1,9.425316456,0.095890411,12.28712871,0.142857143,0.001879699,15
COEI_HOR112433-648,COEI,B,B1,1,F,,Southern New England,RI/MA,-70.16311202,43.69663569,214.0,4/1/2012,11/1/2012,92,306,B,2012,5,2.0,B,W,SM,SM,76,1,9.425316456,0.58630137,12.28712871,0.333333333,0.004385965,9
COEI_HOR112433-648,COEI,W,W1,2,F,,Southern New England,RI/MA,-70.92641679,41.44704874,4.0,11/10/2012,11/14/2012,315,319,W,2012,2,5.0,W,B,WM,WM,76,1,9.425316456,0.010958904,12.28712871,0.333333333,0.004385965,8
COEI_HOR112434-657,COEI,S,S1,1,F,,Southern New England,RI/MA,-60.71269846,45.57118433,9.0,4/2/2012,4/11/2012,93,102,S,2012,13,2.0,S,W,SM,SM,76,1,9.425316456,0.024657534,12.28712871,0.166666667,0.002192982,15
COEI_HOR112434-657,COEI,B,B1,1,F,,Southern New England,RI/MA,-61.70128535,45.08653999,95.0,4/13/2012,7/17/2012,104,199,B,2012,13,13.0,B,S,SM,SM,76,1,9.425316456,0.260273973,12.28712871,0.166666667,0.002192982,14
COEI_HOR112434-657,COEI,M,M1,1,F,,Southern New England,RI/MA,-65.38253984,44.89843877,85.0,7/23/2012,10/16/2012,205,290,F,2012,5,13.0,F,B,WM,WM,76,1,9.425316456,0.232876712,12.28712871,0.166666667,0.002192982,14
COEI_HOR112434-657,COEI,W,W1,2,F,,Southern New England,RI/MA,-71.40077596,41.44987269,152.0,10/25/2012,3/26/2013,299,85,W,2012,2,5.0,W,F,WM,WM,76,1,9.425316456,0.416438356,12.28712871,0.166666667,0.002192982,8
COEI_HOR112434-657,COEI,B,B1,2,F,,Southern New England,RI/MA,-61.50734094,45.17848445,42.0,4/6/2013,5/18/2013,96,138,B,2013,13,2.0,B,W,SM,SM,76,1,9.425316456,0.115068493,12.28712871,0.166666667,0.002192982,14
COEI_PJ112415-558,COEI,S,S1,1,F,,Southern New England,RI/MA,-70.33684983,41.30840972,27.0,3/24/2012,4/20/2012,84,111,S,2012,1,2.0,S,W,SM,SM,76,1,9.425316456,0.073972603,12.28712871,0.166666667,0.002192982,8
COEI_PJ112415-558,COEI,B,B1,1,F,,Southern New England,RI/MA,-69.5004447,43.87684111,175.0,4/26/2012,10/18/2012,117,292,B,2012,5,1.0,B,S,SM,SM,76,1,9.425316456,0.479452055,12.28712871,0.166666667,0.002192982,9
COEI_PJ112415-558,COEI,WM,St,1,F,,Southern New England,RI/MA,-70.34126355,41.2960984,3.0,10/25/2012,10/28/2012,299,302,F,2012,1,5.0,F,B,WM,WM,76,1,9.425316456,0.008219178,12.28712871,0.166666667,0.002192982,8
COEI_PJ112415-558,COEI,W,W1,2,F,,Southern New England,RI/MA,-71.32946977,41.33591611,180.0,11/3/2012,5/2/2013,308,122,W,2012,2,1.0,W,F,WM,WM,76,1,9.425316456,0.493150685,12.28712871,0.166666667,0.002192982,8
COEI_PJ112415-558,COEI,B,B1,2,F,,Southern New England,RI/MA,-69.48893254,43.19993591,1.0,5/12/2013,5/13/2013,132,133,B,2013,5,2.0,B,W,SM,SM,76,1,9.425316456,0.002739726,12.28712871,0.166666667,0.002192982,9
COEI_PJ112418-552,COEI,W,W2,1,F,,Southern New England,RI/MA,-69.94359319,41.69969376,89.95833333,12/16/2011,3/15/2012,350,75,W,2011,1,2.0,W,W,WD,W,76,1,9.425316456,0.246461187,12.28712871,0.166666667,0.002192982,8
COEI_PJ112418-552,COEI,S,S1,1,F,,Southern New England,RI/MA,-66.10062228,49.21852768,13.0,3/23/2012,4/5/2012,83,96,S,2012,15,1.0,S,W,SM,SM,76,1,9.425316456,0.035616438,12.28712871,0.166666667,0.002192982,15
COEI_PJ112418-552,COEI,B,B1,1,F,,Southern New England,RI/MA,-68.23209906,49.09075755,36.0,4/9/2012,5/15/2012,100,136,B,2012,16,15.0,B,S,SM,SM,76,1,9.425316456,0.098630137,12.28712871,0.166666667,0.002192982,15
COEI_PJ112418-552,COEI,M,M1,1,F,,Southern New England,RI/MA,-69.88517599,43.84671215,118.0,6/15/2012,10/11/2012,167,285,F,2012,5,16.0,F,B,WM,WM,76,1,9.425316456,0.323287671,12.28712871,0.166666667,0.002192982,9
COEI_PJ112418-552,COEI,W,W1,2,F,,Southern New England,RI/MA,-70.05242005,42.04314325,214.0,10/17/2012,5/19/2013,291,139,W,2012,1,5.0,W,F,WM,WM,76,1,9.425316456,0.58630137,12.28712871,0.166666667,0.002192982,9
COEI_QB112423-584,COEI,S,S1,1,F,,Southern New England,RI/MA,-70.59467934,42.65230252,17.0,4/18/2012,5/5/2012,109,126,S,2012,6,2.0,S,W,SM,SM,76,1,9.425316456,0.046575342,12.28712871,0.2,0.002631579,9
COEI_QB112423-584,COEI,B,B1,1,F,,Southern New England,RI/MA,-69.75639511,43.74835968,166.0,5/10/2012,10/23/2012,131,297,B,2012,5,6.0,B,S,SM,SM,76,1,9.425316456,0.454794521,12.28712871,0.2,0.002631579,9
COEI_QB112423-584,COEI,W,W1,2,F,,Southern New England,RI/MA,-71.49306196,41.29486755,137.9583333,11/7/2012,3/25/2013,312,84,W,2012,2,5.0,W,B,WM,WM,76,1,9.425316456,0.377968037,12.28712871,0.2,0.002631579,8
COEI_QB112423-584,COEI,B,B1,2,F,,Southern New England,RI/MA,-69.85466313,43.76718605,33.0,4/13/2013,5/16/2013,103,136,B,2013,5,2.0,B,W,SM,SM,76,1,9.425316456,0.090410959,12.28712871,0.2,0.002631579,9
COEI_QB112424-586,COEI,B,B1,1,F,,Southern New England,RI/MA,-70.00707991,43.79648347,212.0416667,4/16/2012,11/14/2012,107,319,B,2012,5,2.0,B,W,SM,SM,76,1,9.425316456,0.580936073,12.28712871,0.2,0.002631579,9
COEI_QB112424-586,COEI,W,W1,2,F,,Southern New England,RI/MA,-70.33926706,41.30844783,49.0,11/20/2012,1/8/2013,325,8,W,2012,1,5.0,W,B,WM,WM,76,1,9.425316456,0.134246575,12.28712871,0.2,0.002631579,8
COEI_QB112424-586,COEI,W,W2,2,F,,Southern New England,RI/MA,-71.75548952,41.31295417,85.95833333,1/13/2013,4/9/2013,13,99,W,2013,2,1.0,W,W,WD,W,76,1,9.425316456,0.235502283,12.28712871,0.2,0.002631579,8
COEI_QB112424-586,COEI,B,B1,2,F,,Southern New England,RI/MA,-70.01083824,43.83367943,30.0,4/15/2013,5/15/2013,105,135,B,2013,5,2.0,B,W,SM,SM,76,1,9.425316456,0.082191781,12.28712871,0.2,0.002631579,9
104533_1,LTDU,W,W2,1,M,ASY,Great Lakes,Lake Ontario,-78.92583734,43.28022274,43.0,3/30/2011,5/12/2011,89,132,W,2011,9,9.0,W,W,WD,W,89,1,7.3,0.117808219,20.23369565,0.111111111,0.001248439,12
104533_1,LTDU,W,W3,1,M,ASY,Great Lakes,Lake Ontario,-79.12721561,43.30732671,27.0,4/12/2011,5/9/2011,102,129,W,2011,9,9.0,W,W,WD,W,89,1,7.3,0.073972603,20.23369565,0.111111111,0.001248439,12
104533_1,LTDU,BM,St,1,M,ASY,Great Lakes,Lake Ontario,-79.34955114,59.79867239,16.0,5/22/2011,6/7/2011,142,158,S,2011,19,9.0,S,W,SM,SM,89,1,7.3,0.043835616,20.23369565,0.111111111,0.001248439,22
104533_1,LTDU,B,B1,1,M,ASY,Great Lakes,Lake Ontario,-76.20869858,60.08599877,12.0,6/11/2011,6/23/2011,162,174,B,2011,19,19.0,B,S,SM,SM,89,1,7.3,0.032876712,20.23369565,0.111111111,0.001248439,21
104533_1,LTDU,S,S3,1,M,ASY,Great Lakes,Lake Ontario,-85.30299963,66.37903653,8.0,6/27/2011,7/5/2011,178,186,S,2011,27,19.0,S,B,SM,SM,89,1,7.3,0.021917808,20.23369565,0.111111111,0.001248439,28
104533_1,LTDU,M,M1,1,M,ASY,Great Lakes,Lake Ontario,-98.54263052,68.11099515,60.0,7/13/2011,9/11/2011,194,254,F,2011,25,27.0,F,S,SM,SM,89,1,7.3,0.164383562,20.23369565,0.111111111,0.001248439,1
104533_1,LTDU,M,M2,1,M,ASY,Great Lakes,Lake Ontario,-88.25318104,68.4203783,9.0,9/15/2011,9/24/2011,258,267,F,2011,27,25.0,F,F,MD,WM,89,1,7.3,0.024657534,20.23369565,0.111111111,0.001248439,28
104533_1,LTDU,M,M3,1,M,ASY,Great Lakes,Lake Ontario,-80.00151998,55.93600688,13.0,9/29/2011,10/12/2011,272,285,F,2011,23,27.0,F,F,MD,WM,89,1,7.3,0.035616438,20.23369565,0.111111111,0.001248439,22
104542_1,LTDU,W,W2,1,M,ASY,Great Lakes,Lake Ontario,-76.36957453,44.0863313,16.0,4/2/2011,4/18/2011,92,108,W,2011,10,9.0,W,W,WD,W,89,1,7.3,0.043835616,20.23369565,0.071428571,0.000802568,12
104542_1,LTDU,S,S1,1,M,ASY,Great Lakes,Lake Ontario,-81.81500338,45.86839616,22.0,4/25/2011,5/17/2011,115,137,S,2011,9,10.0,S,W,SM,SM,89,1,7.3,0.060273973,20.23369565,0.071428571,0.000802568,12
104542_1,LTDU,BM,St,1,M,ASY,Great Lakes,Lake Ontario,-82.06827149,53.99206711,8.0,5/22/2011,5/30/2011,142,150,S,2011,30,9.0,S,S,SD,SM,89,1,7.3,0.021917808,20.23369565,0.071428571,0.000802568,19
104542_1,LTDU,B,B1,1,M,ASY,Great Lakes,Lake Ontario,-99.32917285,62.71866338,27.0,6/14/2011,7/11/2011,165,192,B,2011,25,30.0,B,S,SM,SM,89,1,7.3,0.073972603,20.23369565,0.071428571,0.000802568,2
104542_1,LTDU,M,M1,1,M,ASY,Great Lakes,Lake Ontario,-97.2790016,68.40329427,56.0,7/19/2011,9/13/2011,200,256,F,2011,25,25.0,F,B,WM,WM,89,1,7.3,0.153424658,20.23369565,0.071428571,0.000802568,1
104542_1,LTDU,M,M2,1,M,ASY,Great Lakes,Lake Ontario,-97.33422818,69.97996453,6.0,9/16/2011,9/22/2011,259,265,F,2011,25,25.0,F,F,MD,WM,89,1,7.3,0.016438356,20.23369565,0.071428571,0.000802568,1
104542_1,LTDU,WM,St,1,M,ASY,Great Lakes,Lake Ontario,-81.99876619,54.37665379,12.0,10/2/2011,10/14/2011,275,287,F,2011,30,25.0,F,F,MD,WM,89,1,7.3,0.032876712,20.23369565,0.071428571,0.000802568,19
104542_1,LTDU,W,W1,2,M,ASY,Great Lakes,Lake Ontario,-79.73953005,43.29855713,139.0,10/27/2011,3/14/2012,300,74,W,2011,9,30.0,W,F,WM,WM,89,1,7.3,0.380821918,20.23369565,0.071428571,0.000802568,12
104542_1,LTDU,W,W2,2,M,ASY,Great Lakes,Lake Ontario,-76.35386672,44.098813,19.0,3/18/2012,4/6/2012,78,97,W,2012,10,9.0,W,W,WD,W,89,1,7.3,0.052054795,20.23369565,0.071428571,0.000802568,12
104542_1,LTDU,S,S1,2,M,ASY,Great Lakes,Lake Ontario,-81.21918031,44.77124104,23.0,4/14/2012,5/7/2012,105,128,S,2012,9,10.0,S,W,SM,SM,89,1,7.3,0.063013699,20.23369565,0.071428571,0.000802568,12
104542_1,LTDU,BM,St,2,M,ASY,Great Lakes,Lake Ontario,-81.70064798,53.56609612,10.0,5/14/2012,5/24/2012,135,145,S,2012,30,9.0,S,S,SD,SM,89,1,7.3,0.02739726,20.23369565,0.071428571,0.000802568,19
104542_1,LTDU,B,B1,2,M,ASY,Great Lakes,Lake Ontario,-99.48262338,62.52795625,22.0,6/15/2012,7/7/2012,167,189,B,2012,25,30.0,B,S,SM,SM,89,1,7.3,0.060273973,20.23369565,0.071428571,0.000802568,2
104542_1,LTDU,M,M1,2,M,ASY,Great Lakes,Lake Ontario,-96.99261899,68.27825459,40.0,7/16/2012,8/25/2012,198,238,F,2012,25,25.0,F,B,WM,WM,89,1,7.3,0.109589041,20.23369565,0.071428571,0.000802568,1
104547_1,LTDU,BM,St,1,M,ASY,Great Lakes,Lake Ontario,-79.33522684,51.93925248,1.0,5/27/2011,5/28/2011,147,148,S,2011,14,9.0,S,W,SM,SM,89,1,7.3,0.002739726,20.23369565,0.142857143,0.001605136,19
104547_1,LTDU,B,B1,1,M,ASY,Great Lakes,Lake Ontario,-73.97081801,66.13876454,4.0,6/26/2011,6/30/2011,177,181,B,2011,26,14.0,B,S,SM,SM,89,1,7.3,0.010958904,20.23369565,0.142857143,0.001605136,27
104547_1,LTDU,M,M1,1,M,ASY,Great Lakes,Lake Ontario,-73.77816926,65.98546373,37.0,7/1/2011,8/7/2011,182,219,F,2011,26,26.0,F,B,WM,WM,89,1,7.3,0.101369863,20.23369565,0.142857143,0.001605136,27
104547_1,LTDU,M,M2,1,M,ASY,Great Lakes,Lake Ontario,-74.96064726,65.4859931,10.0,8/20/2011,8/30/2011,232,242,F,2011,26,26.0,F,F,MD,WM,89,1,7.3,0.02739726,20.23369565,0.142857143,0.001605136,27
104547_1,LTDU,M,M3,1,M,ASY,Great Lakes,Lake Ontario,-78.44896495,56.24584244,31.0,9/25/2011,10/26/2011,268,299,F,2011,19,26.0,F,F,MD,WM,89,1,7.3,0.084931507,20.23369565,0.142857143,0.001605136,22
104547_1,LTDU,M,M1,2,M,ASY,Great Lakes,Lake Ontario,-73.64280943,66.04816566,7.0,8/17/2012,8/24/2012,230,237,F,2012,26,19.0,F,F,MD,WM,89,1,7.3,0.019178082,20.23369565,0.142857143,0.001605136,27
104548_1,LTDU,BM,St,1,F,ASY,Great Lakes,Lake Ontario,-83.61411441,56.57907,18.0,5/24/2011,6/11/2011,144,162,S,2011,30,9.0,S,W,SM,SM,89,1,7.3,0.049315068,11.4202454,0.333333333,0.003745318,23
104548_1,LTDU,B,B1,1,F,ASY,Great Lakes,Lake Ontario,-95.6275484,62.3993442,43.0,6/16/2011,7/29/2011,167,210,B,2011,18,30.0,B,S,SM,SM,89,1,7.3,0.117808219,11.4202454,0.333333333,0.003745318,26
104551_1,LTDU,S,S1,1,M,ASY,Great Lakes,Lake Ontario,-79.60501999,44.18909164,21.0,4/26/2011,5/17/2011,116,137,S,2011,9,9.0,S,W,SM,SM,89,1,7.3,0.057534247,20.23369565,0.25,0.002808989,12
104551_1,LTDU,BM,St,1,M,ASY,Great Lakes,Lake Ontario,-94.58750228,59.96275272,6.0,5/24/2011,5/30/2011,144,150,S,2011,18,9.0,S,S,SD,SM,89,1,7.3,0.016438356,20.23369565,0.25,0.002808989,24
104551_1,LTDU,B,B1,1,M,ASY,Great Lakes,Lake Ontario,-102.073584,62.18472949,20.0,6/3/2011,6/23/2011,154,174,B,2011,21,18.0,B,S,SM,SM,89,1,7.3,0.054794521,20.23369565,0.25,0.002808989,5
104552_1,LTDU,S,S1,1,M,ASY,Great Lakes,Lake Ontario,-80.74151757,45.77735239,20.0,6/12/2011,7/2/2011,163,183,S,2011,9,9.0,S,W,SM,SM,89,1,7.3,0.054794521,20.23369565,0.5,0.005617978,12
104887_1,LTDU,S,S1,1,M,ASY,Mid-Atlantic,Chesapeake Bay,-81.15215204,42.23132532,15.0,4/9/2011,4/24/2011,99,114,S,2011,9,7.0,S,W,SM,SM,89,1,7.3,0.04109589,20.23369565,0.166666667,0.001872659,12
104887_1,LTDU,S,S2,1,M,ASY,Mid-Atlantic,Chesapeake Bay,-80.76633579,42.18572958,19.0,4/28/2011,5/17/2011,118,137,S,2011,9,9.0,S,S,SD,SM,89,1,7.3,0.052054795,20.23369565,0.166666667,0.001872659,12
104887_1,LTDU,BM,St,1,M,ASY,Mid-Atlantic,Chesapeake Bay,-94.29331411,60.35642749,14.0,5/26/2011,6/9/2011,146,160,S,2011,18,9.0,S,S,SD,SM,89,1,7.3,0.038356164,20.23369565,0.166666667,0.001872659,24
104887_1,LTDU,B,B1,1,M,ASY,Mid-Atlantic,Chesapeake Bay,-97.72949906,65.91110871,22.0,6/14/2011,7/6/2011,165,187,B,2011,25,18.0,B,S,SM,SM,89,1,7.3,0.060273973,20.23369565,0.166666667,0.001872659,2
104887_1,LTDU,M,M1,1,M,ASY,Mid-Atlantic,Chesapeake Bay,-96.58915852,68.86393318,44.0,7/11/2011,8/24/2011,192,236,F,2011,25,25.0,F,B,WM,WM,89,1,7.3,0.120547945,20.23369565,0.166666667,0.001872659,1
104889_1,LTDU,S,S1,1,M,ASY,Mid-Atlantic,Chesapeake Bay,-80.4346306,42.33435865,20.0,4/5/2011,4/25/2011,95,115,S,2011,9,7.0,S,W,SM,SM,89,1,7.3,0.054794521,20.23369565,0.166666667,0.001872659,12
104889_1,LTDU,S,S2,1,M,ASY,Mid-Atlantic,Chesapeake Bay,-81.11043503,42.33834485,21.0,4/26/2011,5/17/2011,116,137,S,2011,9,9.0,S,S,SD,SM,89,1,7.3,0.057534247,20.23369565,0.166666667,0.001872659,12
104889_1,LTDU,MM,St,1,M,ASY,Mid-Atlantic,Chesapeake Bay,-92.09355377,57.2131297,16.0,5/25/2011,6/10/2011,145,161,F,2011,29,9.0,F,S,SM,SM,89,1,7.3,0.043835616,20.23369565,0.166666667,0.001872659,24
104889_1,LTDU,M,M1,1,M,ASY,Mid-Atlantic,Chesapeake Bay,-81.28743427,68.76938377,32.0,6/21/2011,7/23/2011,172,204,F,2011,27,29.0,F,F,MD,WM,89,1,7.3,0.087671233,20.23369565,0.166666667,0.001872659,28
104889_1,LTDU,M,M2,1,M,ASY,Mid-Atlantic,Chesapeake Bay,-96.85176116,69.3288603,56.0,7/29/2011,9/23/2011,210,266,F,2011,25,27.0,F,F,MD,WM,89,1,7.3,0.153424658,20.23369565,0.166666667,0.001872659,1
104893_1,LTDU,S,S1,1,M,ASY,Mid-Atlantic,Chesapeake Bay,-80.87687442,42.24553506,32.0,4/16/2011,5/18/2011,106,138,S,2011,9,7.0,S,W,SM,SM,89,1,7.3,0.087671233,20.23369565,0.111111111,0.001248439,12
104893_1,LTDU,BM,St,1,M,ASY,Mid-Atlantic,Chesapeake Bay,-87.08804763,55.90019971,22.0,5/22/2011,6/13/2011,142,164,S,2011,29,9.0,S,S,SD,SM,89,1,7.3,0.060273973,20.23369565,0.111111111,0.001248439,23
104893_1,LTDU,B,B1,1,M,ASY,Mid-Atlantic,Chesapeake Bay,-97.96735318,63.09986548,26.0,6/17/2011,7/13/2011,168,194,B,2011,25,29.0,B,S,SM,SM,89,1,7.3,0.071232877,20.23369565,0.111111111,0.001248439,2
104893_1,LTDU,M,M1,1,M,ASY,Mid-Atlantic,Chesapeake Bay,-99.85397904,67.83471779,49.0,7/17/2011,9/4/2011,198,247,F,2011,25,25.0,F,B,WM,WM,89,1,7.3,0.134246575,20.23369565,0.111111111,0.001248439,1
104893_1,LTDU,M,M2,1,M,ASY,Mid-Atlantic,Chesapeake Bay,-88.11933779,68.09322669,11.0,9/26/2011,10/7/2011,269,280,F,2011,27,25.0,F,F,MD,WM,89,1,7.3,0.030136986,20.23369565,0.111111111,0.001248439,28
104893_1,LTDU,M,M3,1,M,ASY,Mid-Atlantic,Chesapeake Bay,-79.77447204,53.4614152,30.04166667,10/13/2011,11/12/2011,286,316,F,2011,23,27.0,F,F,MD,WM,89,1,7.3,0.082305936,20.23369565,0.111111111,0.001248439,19
104893_1,LTDU,WM,St,1,M,ASY,Mid-Atlantic,Chesapeake Bay,-79.88891268,42.52210641,19.0,11/19/2011,12/8/2011,323,342,F,2011,9,23.0,F,F,MD,WM,89,1,7.3,0.052054795,20.23369565,0.111111111,0.001248439,12
104893_1,LTDU,W,W1,2,M,ASY,Mid-Atlantic,Chesapeake Bay,-76.1292374,38.47327903,34.0,12/12/2011,1/15/2012,346,15,W,2011,7,9.0,W,F,WM,WM,89,1,7.3,0.093150685,20.23369565,0.111111111,0.001248439,7
112092_1,LTDU,BM,St,1,F,ASY,Great Lakes,Lake Ontario,-81.68447254,53.4521334,5.0,5/24/2012,5/29/2012,145,150,S,2012,30,10.0,S,W,SM,SM,89,1,7.3,0.01369863,11.4202454,0.333333333,0.003745318,19
112092_1,LTDU,B,B1,1,F,ASY,Great Lakes,Lake Ontario,-96.74009945,59.89812805,26.0,6/5/2012,7/1/2012,157,183,B,2012,18,30.0,B,S,SM,SM,89,1,7.3,0.071232877,11.4202454,0.333333333,0.003745318,24
112094_1,LTDU,W,W2,1,M,ASY,Great Lakes,Lake Ontario,-73.58523587,40.56574437,62.95833333,1/9/2012,3/12/2012,9,72,W,2012,2,10.0,W,W,WD,W,89,1,7.3,0.172488584,20.23369565,0.083333333,0.00093633,8
112094_1,LTDU,S,S1,1,M,ASY,Great Lakes,Lake Ontario,-78.14405173,43.37512938,7.0,3/15/2012,3/22/2012,75,82,S,2012,10,2.0,S,W,SM,SM,89,1,7.3,0.019178082,20.23369565,0.083333333,0.00093633,12
112094_1,LTDU,S,S2,1,M,ASY,Great Lakes,Lake Ontario,-76.98186264,43.26752636,2.0,3/23/2012,3/25/2012,83,85,S,2012,10,10.0,S,S,SD,SM,89,1,7.3,0.005479452,20.23369565,0.083333333,0.00093633,12
112094_1,LTDU,S,S3,1,M,ASY,Great Lakes,Lake Ontario,-77.45862468,43.88050288,20.0,3/26/2012,4/15/2012,86,106,S,2012,10,10.0,S,S,SD,SM,89,1,7.3,0.054794521,20.23369565,0.083333333,0.00093633,12
112094_1,LTDU,S,S4,1,M,ASY,Great Lakes,Lake Ontario,-77.50539179,43.8883739,15.0,4/28/2012,5/13/2012,119,134,S,2012,10,10.0,S,S,SD,SM,89,1,7.3,0.04109589,20.23369565,0.083333333,0.00093633,12
112094_1,LTDU,BM,St,1,M,ASY,Great Lakes,Lake Ontario,-88.67257917,60.87103458,23.0,5/22/2012,6/14/2012,143,166,S,2012,27,10.0,S,S,SD,SM,89,1,7.3,0.063013699,20.23369565,0.083333333,0.00093633,26
112094_1,LTDU,B,B1,1,M,ASY,Great Lakes,Lake Ontario,-98.47715761,63.60010971,11.0,6/19/2012,6/30/2012,171,182,B,2012,25,27.0,B,S,SM,SM,89,1,7.3,0.030136986,20.23369565,0.083333333,0.00093633,2
112094_1,LTDU,B,B2,1,M,ASY,Great Lakes,Lake Ontario,-100.6323843,65.94746564,10.0,7/4/2012,7/14/2012,186,196,B,2012,25,25.0,B,B,BD,B,89,1,7.3,0.02739726,20.23369565,0.083333333,0.00093633,2
112094_1,LTDU,M,M1,1,M,ASY,Great Lakes,Lake Ontario,-93.98953458,68.84187857,60.0,7/20/2012,9/18/2012,202,262,F,2012,25,25.0,F,B,WM,WM,89,1,7.3,0.164383562,20.23369565,0.083333333,0.00093633,28
112094_1,LTDU,M,M2,1,M,ASY,Great Lakes,Lake Ontario,-88.39735649,68.03602924,6.0,9/22/2012,9/28/2012,266,272,F,2012,27,25.0,F,F,MD,WM,89,1,7.3,0.016438356,20.23369565,0.083333333,0.00093633,28
112094_1,LTDU,M,M3,1,M,ASY,Great Lakes,Lake Ontario,-78.37751719,55.9860795,16.0,10/12/2012,10/28/2012,286,302,F,2012,19,27.0,F,F,MD,WM,89,1,7.3,0.043835616,20.23369565,0.083333333,0.00093633,22
112096_1,LTDU,W,W2,1,F,ASY,Great Lakes,Lake Ontario,-77.66785495,43.94850998,134.9583333,12/30/2011,5/13/2012,364,134,W,2011,10,10.0,W,W,WD,W,89,1,7.3,0.369748858,11.4202454,0.25,0.002808989,12
112096_1,LTDU,B,B1,1,F,ASY,Great Lakes,Lake Ontario,-75.3126433,56.87972742,39.0,6/5/2012,7/14/2012,157,196,B,2012,19,10.0,B,W,SM,SM,89,1,7.3,0.106849315,11.4202454,0.25,0.002808989,20
112096_1,LTDU,M,M1,1,F,ASY,Great Lakes,Lake Ontario,-78.66546416,58.77552381,23.0,7/20/2012,8/12/2012,202,225,F,2012,19,19.0,F,B,WM,WM,89,1,7.3,0.063013699,11.4202454,0.25,0.002808989,22
112571_1,LTDU,W,W2,1,F,ASY,Great Lakes,Lake Ontario,-76.91503563,43.93126572,78.95833333,2/18/2012,5/7/2012,49,128,W,2012,10,10.0,W,W,WD,W,89,1,7.3,0.216324201,11.4202454,0.125,0.001404494,12
112571_1,LTDU,SM,St,1,F,ASY,Great Lakes,Lake Ontario,-79.57721902,56.1728296,7.0,5/15/2012,5/22/2012,136,143,S,2012,23,10.0,S,W,SM,SM,89,1,7.3,0.019178082,11.4202454,0.125,0.001404494,22
112571_1,LTDU,S,S1,1,F,ASY,Great Lakes,Lake Ontario,-76.93237064,57.60190504,36.0,6/4/2012,7/10/2012,156,192,S,2012,19,23.0,S,S,SD,SM,89,1,7.3,0.098630137,11.4202454,0.125,0.001404494,20
112571_1,LTDU,M,M1,1,F,ASY,Great Lakes,Lake Ontario,-78.50913354,58.91144581,71.0,7/13/2012,9/22/2012,195,266,F,2012,19,19.0,F,S,SM,SM,89,1,7.3,0.194520548,11.4202454,0.125,0.001404494,22
112571_1,LTDU,M,M2,1,F,ASY,Great Lakes,Lake Ontario,-77.01342467,57.66173337,22.0,9/26/2012,10/18/2012,270,292,F,2012,19,19.0,F,F,MD,WM,89,1,7.3,0.060273973,11.4202454,0.125,0.001404494,20
112571_1,LTDU,W,W1,2,F,ASY,Great Lakes,Lake Ontario,-77.25634902,43.79983536,101.0416667,11/1/2012,2/10/2013,306,41,W,2012,10,19.0,W,F,WM,WM,89,1,7.3,0.276826484,11.4202454,0.125,0.001404494,12
112571_1,LTDU,W,W2,2,F,ASY,Great Lakes,Lake Ontario,-76.84927595,43.89885329,18.0,2/11/2013,3/1/2013,42,60,W,2013,10,10.0,W,W,WD,W,89,1,7.3,0.049315068,11.4202454,0.125,0.001404494,12
112572_1,LTDU,W,W2,1,F,ASY,Great Lakes,Lake Ontario,-77.96854067,43.94832863,18.0,3/29/2012,4/16/2012,89,107,W,2012,10,10.0,W,W,WD,W,89,1,7.3,0.049315068,11.4202454,0.142857143,0.001605136,12
112572_1,LTDU,S,S1,1,F,ASY,Great Lakes,Lake Ontario,-83.33158856,44.9760506,20.0,4/21/2012,5/11/2012,112,132,S,2012,9,10.0,S,W,SM,SM,89,1,7.3,0.054794521,11.4202454,0.142857143,0.001605136,12
112572_1,LTDU,BM,St,1,F,ASY,Great Lakes,Lake Ontario,-83.89124876,55.93676497,27.0,5/19/2012,6/15/2012,140,167,S,2012,30,9.0,S,S,SD,SM,89,1,7.3,0.073972603,11.4202454,0.142857143,0.001605136,23
112572_1,LTDU,B,B1,1,F,ASY,Great Lakes,Lake Ontario,-100.8548806,62.35435653,79.0,6/22/2012,9/9/2012,174,253,B,2012,21,30.0,B,S,SM,SM,89,1,7.3,0.216438356,11.4202454,0.142857143,0.001605136,5
112572_1,LTDU,M,M1,1,F,ASY,Great Lakes,Lake Ontario,-92.64993354,62.25812204,27.0,9/16/2012,10/13/2012,260,287,F,2012,18,21.0,F,B,WM,WM,89,1,7.3,0.073972603,11.4202454,0.142857143,0.001605136,26
112572_1,LTDU,W,W1,2,F,ASY,Great Lakes,Lake Ontario,-86.63282523,44.74347335,108.9583333,12/16/2012,4/4/2013,351,94,W,2012,11,18.0,W,F,WM,WM,89,1,7.3,0.298515982,11.4202454,0.142857143,0.001605136,10
112574_1,LTDU,W,W2,1,F,ASY,Great Lakes,Lake Ontario,-77.22026826,43.85771212,81.95833333,1/6/2012,3/28/2012,6,88,W,2012,10,10.0,W,W,WD,W,89,1,7.3,0.224543379,11.4202454,0.5,0.005617978,12
113749_1,LTDU,W,W2,1,F,AHY,Great Lakes,Lake Ontario,-77.29905107,43.91321421,119.9583333,1/15/2012,5/14/2012,15,135,W,2012,10,10.0,W,W,WD,W,89,1,7.3,0.328652968,11.4202454,0.111111111,0.001248439,12
113749_1,LTDU,S,S1,1,F,AHY,Great Lakes,Lake Ontario,-82.07915607,53.87803358,8.0,5/21/2012,5/29/2012,142,150,S,2012,30,10.0,S,W,SM,SM,89,1,7.3,0.021917808,11.4202454,0.111111111,0.001248439,19
113749_1,LTDU,M,M1,1,F,AHY,Great Lakes,Lake Ontario,-79.9437884,53.92138571,28.0,6/5/2012,7/3/2012,157,185,F,2012,23,30.0,F,S,SM,SM,89,1,7.3,0.076712329,11.4202454,0.111111111,0.001248439,19
113749_1,LTDU,M,M2,1,F,AHY,Great Lakes,Lake Ontario,-93.33367136,61.76843118,75.0,7/19/2012,10/2/2012,201,276,F,2012,18,23.0,F,F,MD,WM,89,1,7.3,0.205479452,11.4202454,0.111111111,0.001248439,26
113749_1,LTDU,M,M3,1,F,AHY,Great Lakes,Lake Ontario,-92.56429699,61.82043943,9.0,10/3/2012,10/12/2012,277,286,F,2012,18,18.0,F,F,MD,WM,89,1,7.3,0.024657534,11.4202454,0.111111111,0.001248439,26
113749_1,LTDU,WM,St,1,F,AHY,Great Lakes,Lake Ontario,-81.24501329,56.15493018,29.04166667,10/17/2012,11/15/2012,291,320,F,2012,23,18.0,F,F,MD,WM,89,1,7.3,0.07956621,11.4202454,0.111111111,0.001248439,22
113749_1,LTDU,W,W1,2,F,AHY,Great Lakes,Lake Ontario,-76.62630673,44.07838301,18.0,11/29/2012,12/17/2012,334,352,W,2012,10,23.0,W,F,WM,WM,89,1,7.3,0.049315068,11.4202454,0.111111111,0.001248439,12
113749_1,LTDU,W,W2,2,F,AHY,Great Lakes,Lake Ontario,-77.88877272,43.95818363,43.0,12/20/2012,2/1/2013,355,32,W,2012,10,10.0,W,W,WD,W,89,1,7.3,0.117808219,11.4202454,0.111111111,0.001248439,12
113787_1,LTDU,W,W2,1,F,AHY,Great Lakes,Lake Ontario,-77.36728738,43.81797669,23.95833333,3/8/2012,4/1/2012,68,92,W,2012,10,10.0,W,W,WD,W,89,1,7.3,0.065639269,11.4202454,0.25,0.002808989,12
113787_1,LTDU,S,S1,1,F,AHY,Great Lakes,Lake Ontario,-71.68612299,44.26932221,12.0,4/14/2012,4/26/2012,105,117,S,2012,6,10.0,S,W,SM,SM,89,1,7.3,0.032876712,11.4202454,0.25,0.002808989,9
113787_1,LTDU,B,B1,1,F,AHY,Great Lakes,Lake Ontario,-81.78436736,64.37845312,86.0,6/15/2012,9/9/2012,167,253,B,2012,27,6.0,B,S,SM,SM,89,1,7.3,0.235616438,11.4202454,0.25,0.002808989,25
113788_1,LTDU,S,S1,1,F,ASY,Great Lakes,Lake Ontario,-81.95702729,53.47978325,9.0,5/22/2012,5/31/2012,143,152,S,2012,30,9.0,S,W,SM,SM,89,1,7.3,0.024657534,11.4202454,0.25,0.002808989,19
113788_1,LTDU,BM,St,1,F,ASY,Great Lakes,Lake Ontario,-84.2484511,57.47766246,1.0,6/3/2012,6/4/2012,155,156,S,2012,27,30.0,S,S,SD,SM,89,1,7.3,0.002739726,11.4202454,0.25,0.002808989,22
113788_1,LTDU,B,B1,1,F,ASY,Great Lakes,Lake Ontario,-90.681275,63.0000275,12.0,6/7/2012,6/19/2012,159,171,B,2012,18,27.0,B,S,SM,SM,89,1,7.3,0.032876712,11.4202454,0.25,0.002808989,25
113791_1,LTDU,S,S1,1,F,ASY,Great Lakes,Lake Ontario,-79.55944726,54.6072572,16.0,5/22/2012,6/7/2012,143,159,S,2012,23,9.0,S,W,SM,SM,89,1,7.3,0.043835616,11.4202454,0.333333333,0.003745318,19
113791_1,LTDU,B,B1,1,F,ASY,Great Lakes,Lake Ontario,-85.49120453,62.78418276,3.0,6/13/2012,6/16/2012,165,168,B,2012,27,23.0,B,S,SM,SM,89,1,7.3,0.008219178,11.4202454,0.333333333,0.003745318,25
113792_1,LTDU,B,B1,1,F,ASY,Great Lakes,Lake Ontario,-94.83584337,59.42208016,45.0,6/2/2012,7/17/2012,154,199,B,2012,18,9.0,B,W,SM,SM,89,1,7.3,0.123287671,11.4202454,0.2,0.002247191,24
113792_1,LTDU,M,M1,1,F,ASY,Great Lakes,Lake Ontario,-79.71945867,57.76010501,24.0,10/9/2012,11/2/2012,283,307,F,2012,23,18.0,F,B,WM,WM,89,1,7.3,0.065753425,11.4202454,0.2,0.002247191,22
113792_1,LTDU,W,W1,2,F,ASY,Great Lakes,Lake Ontario,-79.35889678,43.60068351,10.0,2/24/2013,3/6/2013,55,65,W,2013,9,23.0,W,F,WM,WM,89,1,7.3,0.02739726,11.4202454,0.2,0.002247191,12
113792_1,LTDU,B,B1,2,F,ASY,Great Lakes,Lake Ontario,-94.90027744,59.49244421,80.0,6/9/2013,8/28/2013,160,240,B,2013,18,9.0,B,W,SM,SM,89,1,7.3,0.219178082,11.4202454,0.2,0.002247191,24
114408_1,LTDU,S,S1,1,F,AHY,Mid-Atlantic,Chesapeake Bay,-81.17440275,42.35932499,47.0,3/25/2012,5/11/2012,85,132,S,2012,9,7.0,S,W,SM,SM,89,1,7.3,0.128767123,11.4202454,0.142857143,0.001605136,12
114408_1,LTDU,BM,St,1,F,AHY,Mid-Atlantic,Chesapeake Bay,-81.97346209,53.82594559,3.0,5/19/2012,5/22/2012,140,143,S,2012,30,9.0,S,S,SD,SM,89,1,7.3,0.008219178,11.4202454,0.142857143,0.001605136,19
114408_1,LTDU,B,B1,1,F,AHY,Mid-Atlantic,Chesapeake Bay,-93.97750825,61.0699249,114.0,5/28/2012,9/19/2012,149,263,B,2012,18,30.0,B,S,SM,SM,89,1,7.3,0.312328767,11.4202454,0.142857143,0.001605136,26
114408_1,LTDU,MM,St,1,F,AHY,Mid-Atlantic,Chesapeake Bay,-93.8099755,60.08761745,3.0,9/22/2012,9/25/2012,266,269,F,2012,18,18.0,F,B,WM,WM,89,1,7.3,0.008219178,11.4202454,0.142857143,0.001605136,24
114408_1,LTDU,M,M1,1,F,AHY,Mid-Atlantic,Chesapeake Bay,-82.39347847,54.2129516,21.0,10/2/2012,10/23/2012,276,297,F,2012,30,18.0,F,F,MD,WM,89,1,7.3,0.057534247,11.4202454,0.142857143,0.001605136,19
114408_1,LTDU,W,W1,2,F,AHY,Mid-Atlantic,Chesapeake Bay,-86.44741183,43.17014293,53.04166667,11/1/2012,12/24/2012,306,359,W,2012,11,30.0,W,F,WM,WM,89,1,7.3,0.145319635,11.4202454,0.142857143,0.001605136,10
114414_1,LTDU,B,B1,1,F,TY,Great Lakes,Lake Ontario,-97.56929807,61.36082137,95.0,6/6/2012,9/9/2012,158,253,B,2012,18,9.0,B,W,SM,SM,89,1,7.3,0.260273973,11.4202454,0.125,0.001404494,5
114414_1,LTDU,M,M1,1,F,TY,Great Lakes,Lake Ontario,-85.89507979,63.24133532,13.0,9/19/2012,10/2/2012,263,276,F,2012,27,18.0,F,B,WM,WM,89,1,7.3,0.035616438,11.4202454,0.125,0.001404494,25
114414_1,LTDU,M,M2,1,F,TY,Great Lakes,Lake Ontario,-83.30774742,63.3943482,17.0,10/5/2012,10/22/2012,279,296,F,2012,27,27.0,F,F,MD,WM,89,1,7.3,0.046575342,11.4202454,0.125,0.001404494,25
114414_1,LTDU,W,W1,2,F,TY,Great Lakes,Lake Ontario,-79.31937206,43.60559465,191.0,11/4/2012,5/14/2013,309,134,W,2012,9,27.0,W,F,WM,WM,89,1,7.3,0.523287671,11.4202454,0.125,0.001404494,12
114414_1,LTDU,BM,St,2,F,TY,Great Lakes,Lake Ontario,-88.9088723,59.68345758,4.0,5/30/2013,6/3/2013,150,154,S,2013,27,9.0,S,W,SM,SM,89,1,7.3,0.010958904,11.4202454,0.125,0.001404494,26
114414_1,LTDU,B,B1,2,F,TY,Great Lakes,Lake Ontario,-97.59188302,61.3717015,69.0,6/8/2013,8/16/2013,159,228,B,2013,18,27.0,B,S,SM,SM,89,1,7.3,0.189041096,11.4202454,0.125,0.001404494,5
114414_1,LTDU,M,M1,2,F,TY,Great Lakes,Lake Ontario,-95.98020965,61.3596306,14.0,9/4/2013,9/18/2013,247,261,F,2013,18,18.0,F,B,WM,WM,89,1,7.3,0.038356164,11.4202454,0.125,0.001404494,26
114416_1,LTDU,W,W2,1,F,TY,Great Lakes,Lake Ontario,-79.22647126,43.26451659,29.0,4/13/2012,5/12/2012,104,133,W,2012,9,9.0,W,W,WD,W,89,1,7.3,0.079452055,11.4202454,0.166666667,0.001872659,12
114416_1,LTDU,BM,St,1,F,TY,Great Lakes,Lake Ontario,-94.5187178,56.52732446,6.0,5/21/2012,5/27/2012,142,148,S,2012,18,9.0,S,W,SM,SM,89,1,7.3,0.016438356,11.4202454,0.166666667,0.001872659,24
114416_1,LTDU,B,B1,1,F,TY,Great Lakes,Lake Ontario,-106.7206839,62.52685332,50.0,5/31/2012,7/20/2012,152,202,B,2012,24,18.0,B,S,SM,SM,89,1,7.3,0.136986301,11.4202454,0.166666667,0.001872659,2
114416_1,LTDU,M,M1,1,F,TY,Great Lakes,Lake Ontario,-103.1140778,67.75466585,38.0,7/27/2012,9/3/2012,209,247,F,2012,25,24.0,F,B,WM,WM,89,1,7.3,0.104109589,11.4202454,0.166666667,0.001872659,1
114416_1,LTDU,M,M2,1,F,TY,Great Lakes,Lake Ontario,-100.5692119,70.48708517,16.0,9/9/2012,9/25/2012,253,269,F,2012,25,25.0,F,F,MD,WM,89,1,7.3,0.043835616,11.4202454,0.166666667,0.001872659,1
114417_1,LTDU,W,W2,1,F,TY,Great Lakes,Lake Ontario,-80.90919414,44.70347806,18.0,4/21/2012,5/9/2012,112,130,W,2012,9,9.0,W,W,WD,W,89,1,7.3,0.049315068,11.4202454,0.125,0.001404494,12
114417_1,LTDU,S,S1,1,F,TY,Great Lakes,Lake Ontario,-82.02665901,53.6972047,11.0,5/20/2012,5/31/2012,141,152,S,2012,30,9.0,S,W,SM,SM,89,1,7.3,0.030136986,11.4202454,0.125,0.001404494,19
114417_1,LTDU,BM,St,1,F,TY,Great Lakes,Lake Ontario,-94.37015039,59.69472517,2.0,6/4/2012,6/6/2012,156,158,S,2012,18,30.0,S,S,SD,SM,89,1,7.3,0.005479452,11.4202454,0.125,0.001404494,24
114417_1,LTDU,B,B1,1,F,TY,Great Lakes,Lake Ontario,-103.6429333,62.52609231,85.0,6/10/2012,9/3/2012,162,247,B,2012,21,18.0,B,S,SM,SM,89,1,7.3,0.232876712,11.4202454,0.125,0.001404494,2
114417_1,LTDU,M,M1,1,F,TY,Great Lakes,Lake Ontario,-96.86603347,68.12703703,21.0,9/10/2012,10/1/2012,254,275,F,2012,25,21.0,F,B,WM,WM,89,1,7.3,0.057534247,11.4202454,0.125,0.001404494,1
114417_1,LTDU,M,M2,1,F,TY,Great Lakes,Lake Ontario,-86.59039114,65.28144736,21.0,10/5/2012,10/26/2012,279,300,F,2012,27,25.0,F,F,MD,WM,89,1,7.3,0.057534247,11.4202454,0.125,0.001404494,25
114417_1,LTDU,W,W1,2,F,TY,Great Lakes,Lake Ontario,-79.32914325,43.63342472,77.0,11/5/2012,1/21/2013,310,21,W,2012,9,27.0,W,F,WM,WM,89,1,7.3,0.210958904,11.4202454,0.125,0.001404494,12
114418_1,LTDU,S,S1,1,F,TY,Great Lakes,Lake Ontario,-81.90010925,44.04769882,15.0,4/21/2012,5/6/2012,112,127,S,2012,9,9.0,S,W,SM,SM,89,1,7.3,0.04109589,11.4202454,0.1,0.001123596,12
114418_1,LTDU,BM,St,1,F,TY,Great Lakes,Lake Ontario,-81.35180342,57.34218449,5.0,5/24/2012,5/29/2012,145,150,S,2012,23,9.0,S,S,SD,SM,89,1,7.3,0.01369863,11.4202454,0.1,0.001123596,22
114418_1,LTDU,B,B1,1,F,TY,Great Lakes,Lake Ontario,-107.3995517,68.60476143,97.0,6/19/2012,9/24/2012,171,268,B,2012,21,23.0,B,S,SM,SM,89,1,7.3,0.265753425,11.4202454,0.1,0.001123596,1
114418_1,LTDU,M,M1,1,F,TY,Great Lakes,Lake Ontario,-102.3062332,68.69293425,20.0,9/29/2012,10/19/2012,273,293,F,2012,25,21.0,F,B,WM,WM,89,1,7.3,0.054794521,11.4202454,0.1,0.001123596,1
114418_1,LTDU,W,W1,2,F,TY,Great Lakes,Lake Ontario,-79.72089342,43.30097242,151.9583333,11/5/2012,4/6/2013,310,96,W,2012,9,25.0,W,F,WM,WM,89,1,7.3,0.416324201,11.4202454,0.1,0.001123596,12
114418_1,LTDU,S,S1,2,F,TY,Great Lakes,Lake Ontario,-81.90447773,43.98726445,31.0,4/18/2013,5/19/2013,108,139,S,2013,9,9.0,S,W,SM,SM,89,1,7.3,0.084931507,11.4202454,0.1,0.001123596,12
114418_1,LTDU,B,B1,2,F,TY,Great Lakes,Lake Ontario,-107.3874959,68.58138512,86.0,6/17/2013,9/11/2013,168,254,B,2013,21,9.0,B,S,SM,SM,89,1,7.3,0.235616438,11.4202454,0.1,0.001123596,1
114418_1,LTDU,M,M1,2,F,TY,Great Lakes,Lake Ontario,-106.624962,69.44273805,12.0,9/15/2013,9/27/2013,258,270,F,2013,21,21.0,F,B,WM,WM,89,1,7.3,0.032876712,11.4202454,0.1,0.001123596,1
114418_1,LTDU,M,M2,2,F,TY,Great Lakes,Lake Ontario,-100.7629948,69.16328567,5.0,10/5/2013,10/10/2013,278,283,F,2013,25,21.0,F,F,MD,WM,89,1,7.3,0.01369863,11.4202454,0.1,0.001123596,1
114419_1,LTDU,BM,St,1,F,TY,Great Lakes,Lake Ontario,-83.86288723,55.18740139,2.0,5/22/2012,5/24/2012,143,145,S,2012,30,9.0,S,W,SM,SM,89,1,7.3,0.005479452,11.4202454,0.2,0.002247191,23
114419_1,LTDU,B,B1,1,F,TY,Great Lakes,Lake Ontario,-85.19784388,63.5524296,88.0,6/29/2012,9/25/2012,181,269,B,2012,27,30.0,B,S,SM,SM,89,1,7.3,0.24109589,11.4202454,0.2,0.002247191,25
114419_1,LTDU,WM,St,1,F,TY,Great Lakes,Lake Ontario,-80.95735463,64.21220916,11.0,10/9/2012,10/20/2012,283,294,F,2012,27,27.0,F,B,WM,WM,89,1,7.3,0.030136986,11.4202454,0.2,0.002247191,25
114419_1,LTDU,W,W1,2,F,TY,Great Lakes,Lake Ontario,-79.33887777,43.60944344,108.0416667,11/2/2012,2/18/2013,307,49,W,2012,9,27.0,W,F,WM,WM,89,1,7.3,0.296004566,11.4202454,0.2,0.002247191,12
114421_1,LTDU,S,S1,1,F,TY,Great Lakes,Lake Ontario,-82.29616309,45.99576279,13.0,5/7/2012,5/20/2012,128,141,S,2012,9,9.0,S,W,SM,SM,89,1,7.3,0.035616438,11.4202454,0.25,0.002808989,12
114421_1,LTDU,B,B1,1,F,TY,Great Lakes,Lake Ontario,-87.73220875,64.73051432,74.0,6/13/2012,8/26/2012,165,239,B,2012,27,9.0,B,S,SM,SM,89,1,7.3,0.202739726,11.4202454,0.25,0.002808989,25
114421_1,LTDU,M,M1,1,F,TY,Great Lakes,Lake Ontario,-87.42431803,64.70717273,28.0,7/29/2012,8/26/2012,211,239,F,2012,27,27.0,F,B,WM,WM,89,1,7.3,0.076712329,11.4202454,0.25,0.002808989,25
114423_1,LTDU,S,S1,1,F,TY,Great Lakes,Lake Ontario,-81.66484944,45.82472094,26.0,4/15/2012,5/11/2012,106,132,S,2012,9,9.0,S,W,SM,SM,89,1,7.3,0.071232877,11.4202454,0.055555556,0.00062422,12
114423_1,LTDU,BM,St,1,F,TY,Great Lakes,Lake Ontario,-82.49880591,58.27023922,22.0,5/23/2012,6/14/2012,144,166,S,2012,27,9.0,S,S,SD,SM,89,1,7.3,0.060273973,11.4202454,0.055555556,0.00062422,22
114423_1,LTDU,B,B1,1,F,TY,Great Lakes,Lake Ontario,-100.476503,60.93704275,4.0,6/19/2012,6/23/2012,171,175,B,2012,21,27.0,B,S,SM,SM,89,1,7.3,0.010958904,11.4202454,0.055555556,0.00062422,5
114423_1,LTDU,B,B2,1,F,TY,Great Lakes,Lake Ontario,-104.1492281,62.44324197,30.0,7/1/2012,7/31/2012,183,213,B,2012,21,21.0,B,B,BD,B,89,1,7.3,0.082191781,11.4202454,0.055555556,0.00062422,2
114423_1,LTDU,M,M1,1,F,TY,Great Lakes,Lake Ontario,-100.9755865,61.6931086,39.0,8/7/2012,9/15/2012,220,259,F,2012,21,21.0,F,B,WM,WM,89,1,7.3,0.106849315,11.4202454,0.055555556,0.00062422,5
114423_1,LTDU,M,M2,1,F,TY,Great Lakes,Lake Ontario,-83.17223032,63.09108323,19.0,10/6/2012,10/25/2012,280,299,F,2012,27,21.0,F,F,MD,WM,89,1,7.3,0.052054795,11.4202454,0.055555556,0.00062422,25
114423_1,LTDU,W,W1,2,F,TY,Great Lakes,Lake Ontario,-79.41975873,43.41568467,98.0,11/11/2012,2/17/2013,316,48,W,2012,9,27.0,W,F,WM,WM,89,1,7.3,0.268493151,11.4202454,0.055555556,0.00062422,12
114423_1,LTDU,W,W2,2,F,TY,Great Lakes,Lake Ontario,-78.10131197,43.84103471,55.0,1/8/2013,3/4/2013,8,63,W,2013,10,9.0,W,W,WD,W,89,1,7.3,0.150684932,11.4202454,0.055555556,0.00062422,12
114423_1,LTDU,W,W3,2,F,TY,Great Lakes,Lake Ontario,-76.25774691,43.92363466,46.95833333,3/8/2013,4/24/2013,67,114,W,2013,10,10.0,W,W,WD,W,89,1,7.3,0.128652968,11.4202454,0.055555556,0.00062422,12
114423_1,LTDU,S,S1,2,F,TY,Great Lakes,Lake Ontario,-81.6507058,45.83532085,15.0,5/2/2013,5/17/2013,122,137,S,2013,9,10.0,S,W,SM,SM,89,1,7.3,0.04109589,11.4202454,0.055555556,0.00062422,12
114423_1,LTDU,BM,St,2,F,TY,Great Lakes,Lake Ontario,-91.6605885,60.46343209,5.0,6/1/2013,6/6/2013,152,157,S,2013,18,9.0,S,S,SD,SM,89,1,7.3,0.01369863,11.4202454,0.055555556,0.00062422,26
114423_1,LTDU,B,B1,2,F,TY,Great Lakes,Lake Ontario,-104.578585,62.55017855,43.0,6/14/2013,7/27/2013,165,208,B,2013,21,18.0,B,S,SM,SM,89,1,7.3,0.117808219,11.4202454,0.055555556,0.00062422,2
114423_1,LTDU,M,M1,2,F,TY,Great Lakes,Lake Ontario,-100.9456725,61.68503457,40.0,7/31/2013,9/9/2013,212,252,F,2013,21,21.0,F,B,WM,WM,89,1,7.3,0.109589041,11.4202454,0.055555556,0.00062422,5
114423_1,LTDU,M,M2,2,F,TY,Great Lakes,Lake Ontario,-90.6301906,63.51987648,10.0,9/16/2013,9/26/2013,259,269,F,2013,18,21.0,F,F,MD,WM,89,1,7.3,0.02739726,11.4202454,0.055555556,0.00062422,25
114423_1,LTDU,M,M3,2,F,TY,Great Lakes,Lake Ontario,-86.76847039,64.24983275,21.0,9/30/2013,10/21/2013,273,294,F,2013,27,18.0,F,F,MD,WM,89,1,7.3,0.057534247,11.4202454,0.055555556,0.00062422,25
114423_1,LTDU,M,M4,2,F,TY,Great Lakes,Lake Ontario,-79.65716512,57.20166984,11.04166667,10/28/2013,11/8/2013,301,312,F,2013,23,27.0,F,F,MD,WM,89,1,7.3,0.030251142,11.4202454,0.055555556,0.00062422,22
114423_1,LTDU,W,W1,3,F,TY,Great Lakes,Lake Ontario,-79.61446472,43.34063587,13.0,11/16/2013,11/29/2013,320,333,W,2013,9,23.0,W,F,WM,WM,89,1,7.3,0.035616438,11.4202454,0.055555556,0.00062422,12
115219_1,LTDU,S,S1,1,F,AHY,Mid-Atlantic,Chesapeake Bay,-81.35528409,42.25108059,46.0,3/28/2012,5/13/2012,88,134,S,2012,9,7.0,S,W,SM,SM,89,1,7.3,0.126027397,11.4202454,0.111111111,0.001248439,12
115219_1,LTDU,BM,St,1,F,AHY,Mid-Atlantic,Chesapeake Bay,-76.61433751,56.99662984,2.0,5/23/2012,5/25/2012,144,146,S,2012,19,9.0,S,S,SD,SM,89,1,7.3,0.005479452,11.4202454,0.111111111,0.001248439,20
115219_1,LTDU,B,B1,1,F,AHY,Mid-Atlantic,Chesapeake Bay,-78.47311156,58.76950475,119.0,6/1/2012,9/28/2012,153,272,B,2012,19,19.0,B,S,SM,SM,89,1,7.3,0.326027397,11.4202454,0.111111111,0.001248439,22
115219_1,LTDU,M,M1,1,F,AHY,Mid-Atlantic,Chesapeake Bay,-79.60893376,56.53481977,17.0,10/2/2012,10/19/2012,276,293,F,2012,23,19.0,F,B,WM,WM,89,1,7.3,0.046575342,11.4202454,0.111111111,0.001248439,22
115219_1,LTDU,WM,St,1,F,AHY,Mid-Atlantic,Chesapeake Bay,-80.04952614,53.50312798,5.0,10/24/2012,10/29/2012,298,303,F,2012,23,23.0,F,F,MD,WM,89,1,7.3,0.01369863,11.4202454,0.111111111,0.001248439,19
115219_1,LTDU,W,W1,2,F,AHY,Mid-Atlantic,Chesapeake Bay,-80.32723099,42.36723287,25.0,11/10/2012,12/5/2012,315,340,W,2012,9,23.0,W,F,WM,WM,89,1,7.3,0.068493151,11.4202454,0.111111111,0.001248439,12
115219_1,LTDU,W,W2,2,F,AHY,Mid-Atlantic,Chesapeake Bay,-75.90099215,37.83669054,110.9583333,12/9/2012,3/30/2013,344,89,W,2012,7,9.0,W,W,WD,W,89,1,7.3,0.303995434,11.4202454,0.111111111,0.001248439,7
115219_1,LTDU,S,S1,2,F,AHY,Mid-Atlantic,Chesapeake Bay,-80.78592694,42.48500672,34.0,4/5/2013,5/9/2013,95,129,S,2013,9,7.0,S,W,SM,SM,89,1,7.3,0.093150685,11.4202454,0.111111111,0.001248439,12
115220_1,LTDU,S,S1,1,F,ASY,Mid-Atlantic,Chesapeake Bay,-81.46839008,42.2634342,48.0,3/25/2012,5/12/2012,85,133,S,2012,9,7.0,S,W,SM,SM,89,1,7.3,0.131506849,11.4202454,0.2,0.002247191,12
115220_1,LTDU,BM,St,1,F,ASY,Mid-Atlantic,Chesapeake Bay,-84.46278513,58.99849056,21.0,5/19/2012,6/9/2012,140,161,S,2012,27,9.0,S,S,SD,SM,89,1,7.3,0.057534247,11.4202454,0.2,0.002247191,22
115220_1,LTDU,B,B1,1,F,ASY,Mid-Atlantic,Chesapeake Bay,-100.1544829,67.3083904,101.0,6/16/2012,9/25/2012,168,269,B,2012,25,27.0,B,S,SM,SM,89,1,7.3,0.276712329,11.4202454,0.2,0.002247191,1
115220_1,LTDU,WM,St,1,F,ASY,Mid-Atlantic,Chesapeake Bay,-100.0510233,68.88517465,2.0,10/2/2012,10/4/2012,276,278,F,2012,25,25.0,F,B,WM,WM,89,1,7.3,0.005479452,11.4202454,0.2,0.002247191,1
115224_1,LTDU,S,S1,1,F,AHY,Mid-Atlantic,Chesapeake Bay,-73.20652835,42.3431167,16.0,5/9/2012,5/25/2012,130,146,S,2012,6,7.0,S,W,SM,SM,89,1,7.3,0.043835616,11.4202454,0.125,0.001404494,8
115224_1,LTDU,BM,St,1,F,AHY,Mid-Atlantic,Chesapeake Bay,-80.20889828,49.05910775,23.0,5/29/2012,6/21/2012,150,173,S,2012,14,6.0,S,S,SD,SM,89,1,7.3,0.063013699,11.4202454,0.125,0.001404494,11
115224_1,LTDU,B,B1,1,F,AHY,Mid-Atlantic,Chesapeake Bay,-93.69006126,58.64557288,32.0,7/1/2012,8/2/2012,183,215,B,2012,18,14.0,B,S,SM,SM,89,1,7.3,0.087671233,11.4202454,0.125,0.001404494,24
115224_1,LTDU,M,M1,1,F,AHY,Mid-Atlantic,Chesapeake Bay,-94.21067993,58.75968659,69.0,8/3/2012,10/11/2012,216,285,F,2012,18,18.0,F,B,WM,WM,89,1,7.3,0.189041096,11.4202454,0.125,0.001404494,24
115224_1,LTDU,M,M2,1,F,AHY,Mid-Atlantic,Chesapeake Bay,-92.41160875,58.93888616,6.0,10/14/2012,10/20/2012,288,294,F,2012,18,18.0,F,F,MD,WM,89,1,7.3,0.016438356,11.4202454,0.125,0.001404494,24
115224_1,LTDU,W,W1,2,F,AHY,Mid-Atlantic,Chesapeake Bay,-79.37903609,42.81507,21.04166667,11/2/2012,11/23/2012,307,328,W,2012,9,18.0,W,F,WM,WM,89,1,7.3,0.057648402,11.4202454,0.125,0.001404494,12
115224_1,LTDU,W,W2,2,F,AHY,Mid-Atlantic,Chesapeake Bay,-76.43080912,38.38377662,40.0,11/27/2012,1/6/2013,332,6,W,2012,7,9.0,W,W,WD,W,89,1,7.3,0.109589041,11.4202454,0.125,0.001404494,7
123199_1,LTDU,BM,St,1,F,ATY,Great Lakes,Lake Ontario,-82.62861049,63.03606642,11.0,5/29/2013,6/9/2013,149,160,S,2013,27,10.0,S,W,SM,SM,89,1,7.3,0.030136986,11.4202454,0.166666667,0.001872659,25
123199_1,LTDU,B,B1,1,F,ATY,Great Lakes,Lake Ontario,-104.7611253,67.23278229,63.0,6/26/2013,8/28/2013,177,240,B,2013,21,27.0,B,S,SM,SM,89,1,7.3,0.17260274,11.4202454,0.166666667,0.001872659,1
123199_1,LTDU,M,M1,1,F,ATY,Great Lakes,Lake Ontario,-100.6007295,69.98102731,5.0,9/8/2013,9/13/2013,251,256,F,2013,25,21.0,F,B,WM,WM,89,1,7.3,0.01369863,11.4202454,0.166666667,0.001872659,1
123199_1,LTDU,WM,St,1,F,ATY,Great Lakes,Lake Ontario,-79.99618932,55.8311348,15.0,10/7/2013,10/22/2013,280,295,F,2013,23,25.0,F,F,MD,WM,89,1,7.3,0.04109589,11.4202454,0.166666667,0.001872659,22
123199_1,LTDU,W,W1,2,F,ATY,Great Lakes,Lake Ontario,-76.77518306,43.87227789,108.0,11/17/2013,3/5/2014,321,64,W,2013,10,23.0,W,F,WM,WM,89,1,7.3,0.295890411,11.4202454,0.166666667,0.001872659,12
123201_1,LTDU,W,W2,1,M,ATY,Great Lakes,Lake Ontario,-76.23167496,44.01194496,24.0,3/27/2013,4/20/2013,86,110,W,2013,10,10.0,W,W,WD,W,89,1,7.3,0.065753425,20.23369565,0.2,0.002247191,12
123201_1,LTDU,S,S1,1,M,ATY,Great Lakes,Lake Ontario,-79.37874368,44.43143642,21.0,4/23/2013,5/14/2013,113,134,S,2013,9,10.0,S,W,SM,SM,89,1,7.3,0.057534247,20.23369565,0.2,0.002247191,12
123201_1,LTDU,BM,St,1,M,ATY,Great Lakes,Lake Ontario,-82.01946691,53.92892572,14.0,5/20/2013,6/3/2013,140,154,S,2013,30,9.0,S,S,SD,SM,89,1,7.3,0.038356164,20.23369565,0.2,0.002247191,19
123201_1,LTDU,B,B1,1,M,ATY,Great Lakes,Lake Ontario,-98.27129998,63.07037006,5.0,6/16/2013,6/21/2013,167,172,B,2013,25,30.0,B,S,SM,SM,89,1,7.3,0.01369863,20.23369565,0.2,0.002247191,2
123203_1,LTDU,W,W2,1,F,ATY,Great Lakes,Lake Ontario,-77.16405835,43.89701563,10.0,12/8/2012,12/18/2012,343,353,W,2012,10,10.0,W,W,WD,W,89,1,7.3,0.02739726,11.4202454,0.090909091,0.00102145,12
123203_1,LTDU,S,S1,1,F,ATY,Great Lakes,Lake Ontario,-82.39146249,42.99882169,18.0,4/28/2013,5/16/2013,118,136,S,2013,9,10.0,S,W,SM,SM,89,1,7.3,0.049315068,11.4202454,0.090909091,0.00102145,12
123203_1,LTDU,BM,St,1,F,ATY,Great Lakes,Lake Ontario,-88.8865095,63.76426716,12.0,5/29/2013,6/10/2013,149,161,S,2013,27,9.0,S,S,SD,SM,89,1,7.3,0.032876712,11.4202454,0.090909091,0.00102145,25
123203_1,LTDU,B,B1,1,F,ATY,Great Lakes,Lake Ontario,-98.03381037,67.46263581,88.0,6/18/2013,9/14/2013,169,257,B,2013,25,27.0,B,S,SM,SM,89,1,7.3,0.24109589,11.4202454,0.090909091,0.00102145,1
123203_1,LTDU,MM,St,1,F,ATY,Great Lakes,Lake Ontario,-97.3720831,69.85030053,6.0,9/19/2013,9/25/2013,262,268,F,2013,25,25.0,F,B,WM,WM,89,1,7.3,0.016438356,11.4202454,0.090909091,0.00102145,1
123203_1,LTDU,M,M1,1,F,ATY,Great Lakes,Lake Ontario,-78.94376625,57.35056081,25.04166667,10/10/2013,11/4/2013,283,308,F,2013,19,25.0,F,F,MD,WM,89,1,7.3,0.068607306,11.4202454,0.090909091,0.00102145,22
123203_1,LTDU,WM,St,1,F,ATY,Great Lakes,Lake Ontario,-80.35256325,42.21565682,2.0,11/29/2013,12/1/2013,333,335,F,2013,9,19.0,F,F,MD,WM,89,1,7.3,0.005479452,11.4202454,0.090909091,0.00102145,12
123203_1,LTDU,W,W1,2,F,ATY,Great Lakes,Lake Ontario,-79.18453445,42.77038671,24.0,12/13/2013,1/6/2014,347,6,W,2013,9,9.0,W,F,WM,WM,89,1,7.3,0.065753425,11.4202454,0.090909091,0.00102145,12
123203_1,LTDU,W,W2,2,F,ATY,Great Lakes,Lake Ontario,-81.56583611,43.12292995,15.0,1/12/2014,1/27/2014,12,27,W,2014,9,9.0,W,W,WD,W,89,1,7.3,0.04109589,11.4202454,0.090909091,0.00102145,12
123203_1,LTDU,W,W3,2,F,ATY,Great Lakes,Lake Ontario,-82.37407484,43.01664213,53.95833333,1/28/2014,3/23/2014,28,82,W,2014,9,9.0,W,W,WD,W,89,1,7.3,0.14783105,11.4202454,0.090909091,0.00102145,12
123204_1,LTDU,S,S1,1,F,ATY,Great Lakes,Lake Ontario,-82.28109183,45.88448937,4.0,5/10/2013,5/14/2013,130,134,S,2013,9,10.0,S,W,SM,SM,89,1,7.3,0.010958904,11.4202454,0.2,0.002247191,12
123204_1,LTDU,B,B1,1,F,ATY,Great Lakes,Lake Ontario,-75.56305908,68.20370904,29.0,6/27/2013,7/26/2013,178,207,B,2013,26,9.0,B,S,SM,SM,89,1,7.3,0.079452055,11.4202454,0.2,0.002247191,28
123204_1,LTDU,M,M1,1,F,ATY,Great Lakes,Lake Ontario,-76.09075512,68.32651903,42.0,8/7/2013,9/18/2013,219,261,F,2013,26,26.0,F,B,WM,WM,89,1,7.3,0.115068493,11.4202454,0.2,0.002247191,28
123204_1,LTDU,M,M2,1,F,ATY,Great Lakes,Lake Ontario,-76.44699383,66.42712377,9.0,10/10/2013,10/19/2013,283,292,F,2013,26,26.0,F,F,MD,WM,89,1,7.3,0.024657534,11.4202454,0.2,0.002247191,27
123205_1,LTDU,W,W2,1,F,ATY,Great Lakes,Lake Ontario,-77.16905558,43.81883484,50.0,1/8/2013,2/27/2013,8,58,W,2013,10,10.0,W,W,WD,W,89,1,7.3,0.136986301,11.4202454,0.083333333,0.00093633,12
123205_1,LTDU,W,W3,1,F,ATY,Great Lakes,Lake Ontario,-76.80341134,44.09633337,49.95833333,3/1/2013,4/20/2013,60,110,W,2013,10,10.0,W,W,WD,W,89,1,7.3,0.136872146,11.4202454,0.083333333,0.00093633,12
123205_1,LTDU,S,S1,1,F,ATY,Great Lakes,Lake Ontario,-79.35077046,44.45321655,28.0,4/24/2013,5/22/2013,114,142,S,2013,9,10.0,S,W,SM,SM,89,1,7.3,0.076712329,11.4202454,0.083333333,0.00093633,12
123205_1,LTDU,BM,St,1,F,ATY,Great Lakes,Lake Ontario,-88.05811452,63.20423104,7.0,6/1/2013,6/8/2013,152,159,S,2013,27,9.0,S,S,SD,SM,89,1,7.3,0.019178082,11.4202454,0.083333333,0.00093633,25
123205_1,LTDU,B,B1,1,F,ATY,Great Lakes,Lake Ontario,-105.1662422,66.12382581,70.0,6/17/2013,8/26/2013,168,238,B,2013,21,27.0,B,S,SM,SM,89,1,7.3,0.191780822,11.4202454,0.083333333,0.00093633,2
123205_1,LTDU,M,M1,1,F,ATY,Great Lakes,Lake Ontario,-100.9042984,70.04818881,6.0,8/31/2013,9/6/2013,243,249,F,2013,25,21.0,F,B,WM,WM,89,1,7.3,0.016438356,11.4202454,0.083333333,0.00093633,1
123205_1,LTDU,M,M2,1,F,ATY,Great Lakes,Lake Ontario,-96.76638827,70.05680213,4.0,9/10/2013,9/14/2013,253,257,F,2013,25,25.0,F,F,MD,WM,89,1,7.3,0.010958904,11.4202454,0.083333333,0.00093633,1
123205_1,LTDU,M,M3,1,F,ATY,Great Lakes,Lake Ontario,-90.4480133,68.99334184,8.0,9/19/2013,9/27/2013,262,270,F,2013,27,25.0,F,F,MD,WM,89,1,7.3,0.021917808,11.4202454,0.083333333,0.00093633,28
123205_1,LTDU,M,M4,1,F,ATY,Great Lakes,Lake Ontario,-78.46478699,56.47732944,17.0,10/4/2013,10/21/2013,277,294,F,2013,19,27.0,F,F,MD,WM,89,1,7.3,0.046575342,11.4202454,0.083333333,0.00093633,22
123205_1,LTDU,W,W1,2,F,ATY,Great Lakes,Lake Ontario,-79.70802239,43.32138874,23.0,11/4/2013,11/27/2013,308,331,W,2013,9,19.0,W,F,WM,WM,89,1,7.3,0.063013699,11.4202454,0.083333333,0.00093633,12
123205_1,LTDU,W,W2,2,F,ATY,Great Lakes,Lake Ontario,-77.18142998,43.7994534,82.0,12/1/2013,2/21/2014,335,52,W,2013,10,9.0,W,W,WD,W,89,1,7.3,0.224657534,11.4202454,0.083333333,0.00093633,12
123206_1,LTDU,S,S1,1,F,ATY,Great Lakes,Lake Ontario,-77.50898994,43.89859917,25.0,4/21/2013,5/16/2013,111,136,S,2013,10,10.0,S,W,SM,SM,89,1,7.3,0.068493151,11.4202454,0.142857143,0.001605136,12
123206_1,LTDU,BM,St,1,F,ATY,Great Lakes,Lake Ontario,-92.33052038,61.18750614,8.0,5/31/2013,6/8/2013,151,159,S,2013,18,10.0,S,S,SD,SM,89,1,7.3,0.021917808,11.4202454,0.142857143,0.001605136,26
123206_1,LTDU,B,B1,1,F,ATY,Great Lakes,Lake Ontario,-99.69054864,62.5283142,85.0,6/15/2013,9/8/2013,166,251,B,2013,25,18.0,B,S,SM,SM,89,1,7.3,0.232876712,11.4202454,0.142857143,0.001605136,2
123206_1,LTDU,M,M1,1,F,ATY,Great Lakes,Lake Ontario,-94.53055582,68.71191056,5.0,9/24/2013,9/29/2013,267,272,F,2013,25,25.0,F,B,WM,WM,89,1,7.3,0.01369863,11.4202454,0.142857143,0.001605136,28
123206_1,LTDU,M,M2,1,F,ATY,Great Lakes,Lake Ontario,-81.81806737,63.65213051,9.0,10/11/2013,10/20/2013,284,293,F,2013,27,25.0,F,F,MD,WM,89,1,7.3,0.024657534,11.4202454,0.142857143,0.001605136,25
123206_1,LTDU,W,W1,2,F,ATY,Great Lakes,Lake Ontario,-77.31725918,43.846142,75.04166667,11/3/2013,1/17/2014,307,17,W,2013,10,27.0,W,F,WM,WM,89,1,7.3,0.205593607,11.4202454,0.142857143,0.001605136,12
127919_1,LTDU,B,B1,1,F,ATY,Great Lakes,Lake Ontario,-88.86846528,64.08300242,100.0,6/17/2013,9/25/2013,168,268,B,2013,27,9.0,B,W,SM,SM,89,1,7.3,0.273972603,11.4202454,0.333333333,0.003745318,25
127919_1,LTDU,W,W1,2,F,ATY,Great Lakes,Lake Ontario,-79.63457517,43.29279715,186.0,10/21/2013,4/25/2014,294,115,W,2013,9,27.0,W,B,WM,WM,89,1,7.3,0.509589041,11.4202454,0.333333333,0.003745318,12
127921_1,LTDU,BM,St,1,F,ATY,Great Lakes,Lake Ontario,-88.0905053,60.3703806,21.0,5/29/2013,6/19/2013,149,170,S,2013,27,9.0,S,W,SM,SM,89,1,7.3,0.057534247,11.4202454,0.25,0.002808989,26
127921_1,LTDU,B,B1,1,F,ATY,Great Lakes,Lake Ontario,-100.150255,65.84003238,75.0,6/23/2013,9/6/2013,174,249,B,2013,25,27.0,B,S,SM,SM,89,1,7.3,0.205479452,11.4202454,0.25,0.002808989,2
127921_1,LTDU,M,M1,1,F,ATY,Great Lakes,Lake Ontario,-100.7930349,67.90642433,21.0,9/17/2013,10/8/2013,260,281,F,2013,25,25.0,F,B,WM,WM,89,1,7.3,0.057534247,11.4202454,0.25,0.002808989,1
127922_1,LTDU,BM,St,1,F,ATY,Great Lakes,Lake Ontario,-83.53135445,63.17941372,15.0,5/29/2013,6/13/2013,149,164,S,2013,27,9.0,S,W,SM,SM,89,1,7.3,0.04109589,11.4202454,0.2,0.002247191,25
127922_1,LTDU,B,B1,1,F,ATY,Great Lakes,Lake Ontario,-81.91438135,67.09359072,107.0,6/17/2013,10/2/2013,168,275,B,2013,27,27.0,B,S,SM,SM,89,1,7.3,0.293150685,11.4202454,0.2,0.002247191,28
127922_1,LTDU,WM,St,1,F,ATY,Great Lakes,Lake Ontario,-79.67498275,54.72519071,6.0,10/19/2013,10/25/2013,292,298,F,2013,23,27.0,F,B,WM,WM,89,1,7.3,0.016438356,11.4202454,0.2,0.002247191,19
127922_1,LTDU,W,W1,2,F,ATY,Great Lakes,Lake Ontario,-79.35090219,43.62019914,77.0,11/6/2013,1/22/2014,310,22,W,2013,9,23.0,W,F,WM,WM,89,1,7.3,0.210958904,11.4202454,0.2,0.002247191,12
127924_1,LTDU,BM,St,1,F,ATY,Great Lakes,Lake Ontario,-79.34116342,53.72601932,9.0,5/22/2013,5/31/2013,142,151,S,2013,23,9.0,S,W,SM,SM,89,1,7.3,0.024657534,11.4202454,0.142857143,0.001605136,19
127924_1,LTDU,B,B1,1,F,ATY,Great Lakes,Lake Ontario,-95.72364131,59.93287321,97.0,6/12/2013,9/17/2013,163,260,B,2013,18,23.0,B,S,SM,SM,89,1,7.3,0.265753425,11.4202454,0.142857143,0.001605136,24
127924_1,LTDU,M,M1,1,F,ATY,Great Lakes,Lake Ontario,-94.91749736,59.84745248,9.0,9/20/2013,9/29/2013,263,272,F,2013,18,18.0,F,B,WM,WM,89,1,7.3,0.024657534,11.4202454,0.142857143,0.001605136,24
127924_1,LTDU,M,M2,1,F,ATY,Great Lakes,Lake Ontario,-92.74482258,58.72715716,11.0,10/3/2013,10/14/2013,276,287,F,2013,18,18.0,F,F,MD,WM,89,1,7.3,0.030136986,11.4202454,0.142857143,0.001605136,24
127924_1,LTDU,WM,St,1,F,ATY,Great Lakes,Lake Ontario,-81.0220809,55.26300091,16.04166667,10/23/2013,11/8/2013,296,312,F,2013,23,18.0,F,F,MD,WM,89,1,7.3,0.043949772,11.4202454,0.142857143,0.001605136,22
127924_1,LTDU,W,W1,2,F,ATY,Great Lakes,Lake Ontario,-79.78685664,43.30856785,68.0,11/18/2013,1/25/2014,322,25,W,2013,9,23.0,W,F,WM,WM,89,1,7.3,0.18630137,11.4202454,0.142857143,0.001605136,12
127926_1,LTDU,B,B1,1,F,ATY,Great Lakes,Lake Ontario,-98.80918419,60.96171826,114.0,6/10/2013,10/2/2013,161,275,B,2013,18,9.0,B,W,SM,SM,89,1,7.3,0.312328767,11.4202454,0.25,0.002808989,5
127926_1,LTDU,WM,St,1,F,ATY,Great Lakes,Lake Ontario,-92.14372279,61.13784567,5.0,10/9/2013,10/14/2013,282,287,F,2013,18,18.0,F,B,WM,WM,89,1,7.3,0.01369863,11.4202454,0.25,0.002808989,26
127926_1,LTDU,W,W1,2,F,ATY,Great Lakes,Lake Ontario,-79.33501024,43.60681735,182.9583333,11/5/2013,5/7/2014,309,127,W,2013,9,18.0,W,F,WM,WM,89,1,7.3,0.501255708,11.4202454,0.25,0.002808989,12
127927_1,LTDU,B,B1,1,F,ATY,Great Lakes,Lake Ontario,-88.28943384,64.57332159,42.0,6/5/2013,7/17/2013,156,198,B,2013,27,9.0,B,W,SM,SM,89,1,7.3,0.115068493,11.4202454,0.1,0.001123596,25
127927_1,LTDU,M,M1,1,F,ATY,Great Lakes,Lake Ontario,-87.10902161,64.94279227,51.0,7/21/2013,9/10/2013,202,253,F,2013,27,27.0,F,B,WM,WM,89,1,7.3,0.139726027,11.4202454,0.1,0.001123596,25
127927_1,LTDU,M,M2,1,F,ATY,Great Lakes,Lake Ontario,-85.22873748,65.8833103,7.0,9/14/2013,9/21/2013,257,264,F,2013,27,27.0,F,F,MD,WM,89,1,7.3,0.019178082,11.4202454,0.1,0.001123596,28
127927_1,LTDU,WM,St,1,F,ATY,Great Lakes,Lake Ontario,-79.92206044,57.14566865,23.04166667,10/16/2013,11/8/2013,289,312,F,2013,23,27.0,F,F,MD,WM,89,1,7.3,0.063127854,11.4202454,0.1,0.001123596,22
127927_1,LTDU,W,W1,2,F,ATY,Great Lakes,Lake Ontario,-79.25640839,43.53922382,176.9583333,11/25/2013,5/21/2014,329,141,W,2013,9,23.0,W,F,WM,WM,89,1,7.3,0.484817352,11.4202454,0.1,0.001123596,12
127927_1,LTDU,BM,St,2,F,ATY,Great Lakes,Lake Ontario,-88.49836697,63.00778176,2.0,6/6/2014,6/8/2014,157,159,S,2014,27,9.0,S,W,SM,SM,89,1,7.3,0.005479452,11.4202454,0.1,0.001123596,25
127927_1,LTDU,B,B1,2,F,ATY,Great Lakes,Lake Ontario,-88.35492845,64.56515958,39.0,6/12/2014,7/21/2014,163,202,B,2014,27,27.0,B,S,SM,SM,89,1,7.3,0.106849315,11.4202454,0.1,0.001123596,25
127927_1,LTDU,M,M1,2,F,ATY,Great Lakes,Lake Ontario,-87.10842337,64.94646297,56.0,7/26/2014,9/20/2014,207,263,F,2014,27,27.0,F,B,WM,WM,89,1,7.3,0.153424658,11.4202454,0.1,0.001123596,25
127927_1,LTDU,M,M2,2,F,ATY,Great Lakes,Lake Ontario,-86.79177524,63.91104833,4.0,9/25/2014,9/29/2014,268,272,F,2014,27,27.0,F,F,MD,WM,89,1,7.3,0.010958904,11.4202454,0.1,0.001123596,25
146126_1,LTDU,BM,St,1,F,SY,Great Lakes,Lake Michigan,-87.93266533,60.85869519,20.0,5/18/2016,6/7/2016,139,159,S,2016,27,11.0,S,W,SM,SM,89,1,7.3,0.054794521,11.4202454,0.166666667,0.001872659,26
146126_1,LTDU,B,B1,1,F,SY,Great Lakes,Lake Michigan,-99.63793387,66.79423544,80.0,6/12/2016,8/31/2016,164,244,B,2016,25,27.0,B,S,SM,SM,89,1,7.3,0.219178082,11.4202454,0.166666667,0.001872659,1
146126_1,LTDU,M,M1,1,F,SY,Great Lakes,Lake Michigan,-98.11436733,69.04228221,24.0,9/4/2016,9/28/2016,248,272,F,2016,25,25.0,F,B,WM,WM,89,1,7.3,0.065753425,11.4202454,0.166666667,0.001872659,1
146126_1,LTDU,M,M2,1,F,SY,Great Lakes,Lake Michigan,-79.95101309,54.98750567,16.0,10/2/2016,10/18/2016,276,292,F,2016,23,25.0,F,F,MD,WM,89,1,7.3,0.043835616,11.4202454,0.166666667,0.001872659,19
146126_1,LTDU,W,W1,2,F,SY,Great Lakes,Lake Michigan,-87.09193425,44.23814568,6.0,10/27/2016,11/2/2016,301,307,W,2016,11,23.0,W,F,WM,WM,89,1,7.3,0.016438356,11.4202454,0.166666667,0.001872659,10
146128_1,LTDU,W,W2,1,M,ASY,Great Lakes,Lake Michigan,-86.45038677,43.87333498,13.0,11/20/2016,12/3/2016,325,338,W,2016,11,11.0,W,W,WD,W,89,1,7.3,0.035616438,20.23369565,0.25,0.002808989,10
146128_1,LTDU,W,W3,1,M,ASY,Great Lakes,Lake Michigan,-86.27798062,42.85897506,93.0,12/4/2016,3/7/2017,339,66,W,2016,11,11.0,W,W,WD,W,89,1,7.3,0.254794521,20.23369565,0.25,0.002808989,10
146128_1,LTDU,W,W4,1,M,ASY,Great Lakes,Lake Michigan,-86.76547857,42.42443577,58.95833333,3/8/2017,5/6/2017,67,126,W,2017,11,11.0,W,W,WD,W,89,1,7.3,0.16152968,20.23369565,0.25,0.002808989,10
146131_1,LTDU,W,W2,1,M,SY,Great Lakes,Lake Michigan,-86.50816108,43.42001202,95.0,12/4/2016,3/9/2017,339,68,W,2016,11,11.0,W,W,WD,W,89,1,7.3,0.260273973,20.23369565,0.2,0.002247191,10
146131_1,LTDU,W,W3,1,M,SY,Great Lakes,Lake Michigan,-87.69597991,44.60861875,56.0,3/15/2017,5/10/2017,74,130,W,2017,11,11.0,W,W,WD,W,89,1,7.3,0.153424658,20.23369565,0.2,0.002247191,10
146131_1,LTDU,BM,St,1,M,SY,Great Lakes,Lake Michigan,-79.75356604,57.66424866,5.0,5/17/2017,5/22/2017,137,142,S,2017,23,11.0,S,W,SM,SM,89,1,7.3,0.01369863,20.23369565,0.2,0.002247191,22
146131_1,LTDU,B,B1,1,M,SY,Great Lakes,Lake Michigan,-78.05368896,60.90821336,5.0,5/25/2017,5/30/2017,145,150,B,2017,19,23.0,B,S,SM,SM,89,1,7.3,0.01369863,20.23369565,0.2,0.002247191,21
146132_1,LTDU,W,W2,1,M,ASY,Great Lakes,Lake Michigan,-87.63644966,42.23810864,112.9583333,12/7/2016,3/30/2017,342,89,W,2016,11,11.0,W,W,WD,W,89,1,7.3,0.309474886,20.23369565,0.2,0.002247191,10
146132_1,LTDU,S,S1,1,M,ASY,Great Lakes,Lake Michigan,-87.41992729,45.12636651,9.0,4/2/2017,4/11/2017,92,101,S,2017,11,11.0,S,W,SM,SM,89,1,7.3,0.024657534,20.23369565,0.2,0.002247191,10
146132_1,LTDU,S,S2,1,M,ASY,Great Lakes,Lake Michigan,-84.81249626,45.80618999,22.0,4/15/2017,5/7/2017,105,127,S,2017,11,11.0,S,S,SD,SM,89,1,7.3,0.060273973,20.23369565,0.2,0.002247191,10
146132_1,LTDU,BM,St,1,M,ASY,Great Lakes,Lake Michigan,-94.31597007,60.11279875,11.0,5/12/2017,5/23/2017,132,143,S,2017,18,11.0,S,S,SD,SM,89,1,7.3,0.030136986,20.23369565,0.2,0.002247191,24
158804_1,LTDU,W,W2,1,F,ASY,Great Lakes,Lake Michigan,-86.39504959,42.93772384,104.9583333,12/3/2016,3/18/2017,338,77,W,2016,11,11.0,W,W,WD,W,89,1,7.3,0.287557078,11.4202454,0.166666667,0.001872659,10
158804_1,LTDU,W,W3,1,F,ASY,Great Lakes,Lake Michigan,-87.56547441,42.7487035,58.0,1/5/2017,3/4/2017,5,63,W,2017,11,11.0,W,W,WD,W,89,1,7.3,0.15890411,11.4202454,0.166666667,0.001872659,10
158804_1,LTDU,S,S1,1,F,ASY,Great Lakes,Lake Michigan,-85.69693623,45.89792817,53.0,3/22/2017,5/14/2017,81,134,S,2017,11,11.0,S,W,SM,SM,89,1,7.3,0.145205479,11.4202454,0.166666667,0.001872659,10
158804_1,LTDU,BM,St,1,F,ASY,Great Lakes,Lake Michigan,-91.33054143,62.1544529,5.0,5/24/2017,5/29/2017,144,149,S,2017,18,11.0,S,S,SD,SM,89,1,7.3,0.01369863,11.4202454,0.166666667,0.001872659,26
158804_1,LTDU,B,B1,1,F,ASY,Great Lakes,Lake Michigan,-93.85471484,65.67000713,34.0,6/2/2017,7/6/2017,153,187,B,2017,25,18.0,B,S,SM,SM,89,1,7.3,0.093150685,11.4202454,0.166666667,0.001872659,2
158806_2,LTDU,W,W2,1,F,ASY,Great Lakes,Lake Michigan,-85.84486394,44.97939326,152.9583333,12/11/2016,5/13/2017,346,133,W,2016,11,11.0,W,W,WD,W,89,1,7.3,0.419063927,11.4202454,0.333333333,0.003745318,10
158806_2,LTDU,B,B1,1,F,ASY,Great Lakes,Lake Michigan,-97.38093591,62.13710647,11.0,6/22/2017,7/3/2017,173,184,B,2017,18,11.0,B,W,SM,SM,89,1,7.3,0.030136986,11.4202454,0.333333333,0.003745318,26
159662_1,LTDU,S,S1,1,F,AHY,Southern New England,Nantucket Sound,-64.83815657,47.20619152,13.0,4/13/2017,4/26/2017,103,116,S,2017,12,1.0,S,W,SM,SM,89,1,7.3,0.035616438,11.4202454,0.5,0.005617978,14
163781_1,LTDU,S,S1,1,F,AHY,Southern New England,Nantucket Sound,-65.76638398,48.06261399,38.0,4/10/2017,5/18/2017,100,138,S,2017,31,1.0,S,W,SM,SM,89,1,7.3,0.104109589,11.4202454,0.333333333,0.003745318,15
163781_1,LTDU,B,B1,1,F,AHY,Southern New England,Nantucket Sound,-77.63012425,58.60423933,33.0,5/31/2017,7/3/2017,151,184,B,2017,19,31.0,B,S,SM,SM,89,1,7.3,0.090410959,11.4202454,0.333333333,0.003745318,22
163782_1,LTDU,S,S1,1,F,AHY,Southern New England,Nantucket Sound,-64.32095367,48.24085793,14.0,4/26/2017,5/10/2017,116,130,S,2017,12,1.0,S,W,SM,SM,89,1,7.3,0.038356164,11.4202454,0.2,0.002247191,15
163782_1,LTDU,S,S2,1,F,AHY,Southern New England,Nantucket Sound,-67.1937415,49.58113689,4.0,5/14/2017,5/18/2017,134,138,S,2017,16,12.0,S,S,SD,SM,89,1,7.3,0.010958904,11.4202454,0.2,0.002247191,15
163782_1,LTDU,BM,St,1,F,AHY,Southern New England,Nantucket Sound,-70.87123882,63.10990559,2.0,5/28/2017,5/30/2017,148,150,S,2017,22,16.0,S,S,SD,SM,89,1,7.3,0.005479452,11.4202454,0.2,0.002247191,27
163782_1,LTDU,B,B1,1,F,AHY,Southern New England,Nantucket Sound,-74.2293356,64.68088058,13.0,6/12/2017,6/25/2017,163,176,B,2017,26,22.0,B,S,SM,SM,89,1,7.3,0.035616438,11.4202454,0.2,0.002247191,27
163784_1,LTDU,S,S1,1,F,AHY,Southern New England,Nantucket Sound,-66.14833186,49.65438308,12.0,5/5/2017,5/17/2017,125,137,S,2017,15,1.0,S,W,SM,SM,89,1,7.3,0.032876712,11.4202454,0.25,0.002808989,15
163784_1,LTDU,BM,St,1,F,AHY,Southern New England,Nantucket Sound,-86.604417,64.7961845,11.0,5/27/2017,6/7/2017,147,158,S,2017,27,15.0,S,S,SD,SM,89,1,7.3,0.030136986,11.4202454,0.25,0.002808989,25
163784_1,LTDU,B,B1,1,F,AHY,Southern New England,Nantucket Sound,-86.51893294,67.99766523,17.0,6/16/2017,7/3/2017,167,184,B,2017,27,27.0,B,S,SM,SM,89,1,7.3,0.046575342,11.4202454,0.25,0.002808989,28
163786_1,LTDU,W,W2,1,F,AHY,Southern New England,Nantucket Sound,-70.11098961,41.03059749,70.95833333,1/13/2017,3/25/2017,13,84,W,2017,1,1.0,W,W,WD,W,89,1,7.3,0.194406393,11.4202454,0.5,0.005617978,8
163790_1,LTDU,S,S1,1,F,AHY,Southern New England,Nantucket Sound,-64.64256964,47.23308062,3.0,4/17/2017,4/20/2017,107,110,S,2017,12,1.0,S,W,SM,SM,89,1,7.3,0.008219178,11.4202454,0.333333333,0.003745318,14
163790_1,LTDU,B,B1,1,F,AHY,Southern New England,Nantucket Sound,-72.28168492,58.7542023,24.0,6/9/2017,7/3/2017,160,184,B,2017,20,12.0,B,S,SM,SM,89,1,7.3,0.065753425,11.4202454,0.333333333,0.003745318,21
40680_1,LTDU,S,S1,1,F,ASY,Southern New England,Nantucket Sound,-67.18614319,49.46132904,28.0,4/18/2010,5/16/2010,108,136,S,2010,16,1.0,S,W,SM,SM,89,1,7.3,0.076712329,11.4202454,0.142857143,0.001605136,15
40680_1,LTDU,BM,St,1,F,ASY,Southern New England,Nantucket Sound,-92.61704966,61.94339851,12.0,5/24/2010,6/5/2010,144,156,S,2010,18,16.0,S,S,SD,SM,89,1,7.3,0.032876712,11.4202454,0.142857143,0.001605136,26
40680_1,LTDU,B,B1,1,F,ASY,Southern New England,Nantucket Sound,-89.29773234,64.22493086,95.0,6/14/2010,9/17/2010,165,260,B,2010,27,18.0,B,S,SM,SM,89,1,7.3,0.260273973,11.4202454,0.142857143,0.001605136,25
40680_1,LTDU,M,M1,1,F,ASY,Southern New England,Nantucket Sound,-79.88681699,55.4537259,34.0,9/24/2010,10/28/2010,267,301,F,2010,23,27.0,F,B,WM,WM,89,1,7.3,0.093150685,11.4202454,0.142857143,0.001605136,22
40680_1,LTDU,WM,St,1,F,ASY,Southern New England,Nantucket Sound,-79.86078442,43.0447957,2.0,11/4/2010,11/6/2010,308,310,F,2010,9,23.0,F,F,MD,WM,89,1,7.3,0.005479452,11.4202454,0.142857143,0.001605136,12
40680_1,LTDU,W,W1,2,F,ASY,Southern New England,Nantucket Sound,-69.93424213,41.37066541,102.0,11/10/2010,2/20/2011,314,51,W,2010,1,9.0,W,F,WM,WM,89,1,7.3,0.279452055,11.4202454,0.142857143,0.001605136,8
40682_1,LTDU,S,S1,1,F,ASY,Southern New England,Nantucket Sound,-70.16274927,43.59932176,40.0,4/5/2010,5/15/2010,95,135,S,2010,5,1.0,S,W,SM,SM,89,1,7.3,0.109589041,11.4202454,0.111111111,0.001248439,9
40682_1,LTDU,B,B1,1,F,ASY,Southern New England,Nantucket Sound,-86.3053282,64.26593467,126.0,5/31/2010,10/4/2010,151,277,B,2010,27,5.0,B,S,SM,SM,89,1,7.3,0.345205479,11.4202454,0.111111111,0.001248439,25
40682_1,LTDU,M,M1,1,F,ASY,Southern New England,Nantucket Sound,-77.45571789,56.3767108,30.04166667,10/10/2010,11/9/2010,283,313,F,2010,19,27.0,F,B,WM,WM,89,1,7.3,0.082305936,11.4202454,0.111111111,0.001248439,22
40682_1,LTDU,WM,St,1,F,ASY,Southern New England,Nantucket Sound,-70.49934074,48.25624461,3.0,11/14/2010,11/17/2010,318,321,F,2010,16,19.0,F,F,MD,WM,89,1,7.3,0.008219178,11.4202454,0.111111111,0.001248439,13
40682_1,LTDU,W,W1,2,F,ASY,Southern New England,Nantucket Sound,-70.13686301,41.40027744,144.9583333,11/20/2010,4/14/2011,324,104,W,2010,1,16.0,W,F,WM,WM,89,1,7.3,0.397146119,11.4202454,0.111111111,0.001248439,8
40682_1,LTDU,S,S1,2,F,ASY,Southern New England,Nantucket Sound,-70.16286854,43.71128969,18.0,4/17/2011,5/5/2011,107,125,S,2011,5,1.0,S,W,SM,SM,89,1,7.3,0.049315068,11.4202454,0.111111111,0.001248439,9
40682_1,LTDU,S,S2,2,F,ASY,Southern New England,Nantucket Sound,-69.7141415,48.08653561,11.0,5/9/2011,5/20/2011,129,140,S,2011,16,5.0,S,S,SD,SM,89,1,7.3,0.030136986,11.4202454,0.111111111,0.001248439,13
40682_1,LTDU,BM,St,2,F,ASY,Southern New England,Nantucket Sound,-88.49986758,62.5173507,3.0,5/31/2011,6/3/2011,151,154,S,2011,27,16.0,S,S,SD,SM,89,1,7.3,0.008219178,11.4202454,0.111111111,0.001248439,25
40684_1,LTDU,S,S1,1,M,ASY,Southern New England,Nantucket Sound,-64.79720113,47.54986831,27.0,4/14/2010,5/11/2010,104,131,S,2010,12,1.0,S,W,SM,SM,89,1,7.3,0.073972603,20.23369565,0.111111111,0.001248439,14
40684_1,LTDU,BM,St,1,M,ASY,Southern New England,Nantucket Sound,-81.6165541,59.53251834,28.0,5/15/2010,6/12/2010,135,163,S,2010,27,12.0,S,S,SD,SM,89,1,7.3,0.076712329,20.23369565,0.111111111,0.001248439,22
40684_1,LTDU,B,B1,1,M,ASY,Southern New England,Nantucket Sound,-99.94736342,63.94352867,17.0,6/15/2010,7/2/2010,166,183,B,2010,25,27.0,B,S,SM,SM,89,1,7.3,0.046575342,20.23369565,0.111111111,0.001248439,2
40684_1,LTDU,M,M1,1,M,ASY,Southern New England,Nantucket Sound,-98.40653996,68.89365706,61.0,7/11/2010,9/10/2010,192,253,F,2010,25,25.0,F,B,WM,WM,89,1,7.3,0.167123288,20.23369565,0.111111111,0.001248439,1
40684_1,LTDU,M,M2,1,M,ASY,Southern New England,Nantucket Sound,-77.83730213,65.45494301,3.0,9/20/2010,9/23/2010,263,266,F,2010,26,25.0,F,F,MD,WM,89,1,7.3,0.008219178,20.23369565,0.111111111,0.001248439,27
40684_1,LTDU,M,M3,1,M,ASY,Southern New England,Nantucket Sound,-68.65247801,59.21165995,23.0,9/29/2010,10/22/2010,272,295,F,2010,22,26.0,F,F,MD,WM,89,1,7.3,0.063013699,20.23369565,0.111111111,0.001248439,17
40684_1,LTDU,WM,St,1,M,ASY,Southern New England,Nantucket Sound,-64.92459003,47.23440534,11.0,10/26/2010,11/6/2010,299,310,F,2010,12,22.0,F,F,MD,WM,89,1,7.3,0.030136986,20.23369565,0.111111111,0.001248439,14
40684_1,LTDU,W,W1,2,M,ASY,Southern New England,Nantucket Sound,-69.46991776,41.41652846,10.0,11/10/2010,11/20/2010,314,324,W,2010,1,12.0,W,F,WM,WM,89,1,7.3,0.02739726,20.23369565,0.111111111,0.001248439,8
40695_1,LTDU,S,S1,1,F,ASY,Southern New England,Nantucket Sound,-64.49698061,47.44299899,26.0,4/23/2010,5/19/2010,113,139,S,2010,12,1.0,S,W,SM,SM,89,1,7.3,0.071232877,11.4202454,0.1,0.001123596,14
40695_1,LTDU,BM,St,1,F,ASY,Southern New England,Nantucket Sound,-62.47472789,58.33553441,2.0,5/26/2010,5/28/2010,146,148,S,2010,22,12.0,S,S,SD,SM,89,1,7.3,0.005479452,11.4202454,0.1,0.001123596,17
40695_1,LTDU,B,B1,1,F,ASY,Southern New England,Nantucket Sound,-68.89946412,58.83159286,53.0,6/2/2010,7/25/2010,153,206,B,2010,22,22.0,B,S,SM,SM,89,1,7.3,0.145205479,11.4202454,0.1,0.001123596,17
40695_1,LTDU,M,M1,1,F,ASY,Southern New England,Nantucket Sound,-68.80248411,58.97691709,87.0,7/26/2010,10/21/2010,207,294,F,2010,22,22.0,F,B,WM,WM,89,1,7.3,0.238356164,11.4202454,0.1,0.001123596,17
40695_1,LTDU,WM,St,1,F,ASY,Southern New England,Nantucket Sound,-64.97908513,47.28578289,11.04166667,10/28/2010,11/8/2010,301,312,F,2010,12,22.0,F,F,MD,WM,89,1,7.3,0.030251142,11.4202454,0.1,0.001123596,14
40695_1,LTDU,W,W1,2,F,ASY,Southern New England,Nantucket Sound,-70.09677055,41.62561453,141.9583333,11/14/2010,4/5/2011,318,95,W,2010,1,12.0,W,F,WM,WM,89,1,7.3,0.388926941,11.4202454,0.1,0.001123596,8
40695_1,LTDU,SM,St,2,F,ASY,Southern New England,Nantucket Sound,-66.01819994,44.92192004,2.0,4/9/2011,4/11/2011,99,101,S,2011,5,1.0,S,W,SM,SM,89,1,7.3,0.005479452,11.4202454,0.1,0.001123596,14
40695_1,LTDU,S,S1,2,F,ASY,Southern New England,Nantucket Sound,-64.73716388,47.42868633,34.0,4/15/2011,5/19/2011,105,139,S,2011,12,5.0,S,S,SD,SM,89,1,7.3,0.093150685,11.4202454,0.1,0.001123596,14
40695_1,LTDU,S,S2,2,F,ASY,Southern New England,Nantucket Sound,-66.50728704,50.21485243,3.0,5/23/2011,5/26/2011,143,146,S,2011,15,12.0,S,S,SD,SM,89,1,7.3,0.008219178,11.4202454,0.1,0.001123596,15
40777_1,LTDU,S,S1,1,M,ASY,Southern New England,Nantucket Sound,-64.36151044,47.58365621,15.0,4/25/2010,5/10/2010,115,130,S,2010,12,1.0,S,W,SM,SM,89,1,7.3,0.04109589,20.23369565,0.066666667,0.000749064,14
40777_1,LTDU,BM,St,1,M,ASY,Southern New England,Nantucket Sound,-88.99376578,63.89718298,20.0,5/23/2010,6/12/2010,143,163,S,2010,27,12.0,S,S,SD,SM,89,1,7.3,0.054794521,20.23369565,0.066666667,0.000749064,25
40777_1,LTDU,B,B1,1,M,ASY,Southern New England,Nantucket Sound,-89.87569004,65.07318484,26.0,6/16/2010,7/12/2010,167,193,B,2010,27,27.0,B,S,SM,SM,89,1,7.3,0.071232877,20.23369565,0.066666667,0.000749064,25
40777_1,LTDU,M,M1,1,M,ASY,Southern New England,Nantucket Sound,-84.48813952,65.88018399,73.0,7/16/2010,9/27/2010,197,270,F,2010,27,27.0,F,B,WM,WM,89,1,7.3,0.2,20.23369565,0.066666667,0.000749064,28
40777_1,LTDU,M,M2,1,M,ASY,Southern New England,Nantucket Sound,-76.63399573,66.51525765,11.0,10/4/2010,10/15/2010,277,288,F,2010,26,27.0,F,F,MD,WM,89,1,7.3,0.030136986,20.23369565,0.066666667,0.000749064,27
40777_1,LTDU,M,M3,1,M,ASY,Southern New England,Nantucket Sound,-77.32579711,55.63096287,24.04166667,10/23/2010,11/16/2010,296,320,F,2010,19,26.0,F,F,MD,WM,89,1,7.3,0.06586758,20.23369565,0.066666667,0.000749064,20
40777_1,LTDU,W,W1,2,M,ASY,Southern New England,Nantucket Sound,-70.10336614,41.55393804,132.9583333,12/5/2010,4/17/2011,339,107,W,2010,1,19.0,W,F,WM,WM,89,1,7.3,0.364269406,20.23369565,0.066666667,0.000749064,8
40777_1,LTDU,S,S1,2,M,ASY,Southern New England,Nantucket Sound,-65.80429522,47.895435,16.0,4/25/2011,5/11/2011,115,131,S,2011,31,1.0,S,W,SM,SM,89,1,7.3,0.043835616,20.23369565,0.066666667,0.000749064,15
40777_1,LTDU,BM,St,2,M,ASY,Southern New England,Nantucket Sound,-85.62175869,60.67783919,14.0,6/5/2011,6/19/2011,156,170,S,2011,27,31.0,S,S,SD,SM,89,1,7.3,0.038356164,20.23369565,0.066666667,0.000749064,26
40777_1,LTDU,B,B1,2,M,ASY,Southern New England,Nantucket Sound,-89.84967105,65.00160788,21.0,6/23/2011,7/14/2011,174,195,B,2011,27,27.0,B,S,SM,SM,89,1,7.3,0.057534247,20.23369565,0.066666667,0.000749064,25
40777_1,LTDU,M,M1,2,M,ASY,Southern New England,Nantucket Sound,-88.54528,65.58227692,50.0,7/26/2011,9/14/2011,207,257,F,2011,27,27.0,F,B,WM,WM,89,1,7.3,0.136986301,20.23369565,0.066666667,0.000749064,25
40777_1,LTDU,M,M2,2,M,ASY,Southern New England,Nantucket Sound,-76.76522405,66.43919668,15.0,9/28/2011,10/13/2011,271,286,F,2011,26,27.0,F,F,MD,WM,89,1,7.3,0.04109589,20.23369565,0.066666667,0.000749064,27
40777_1,LTDU,M,M3,2,M,ASY,Southern New England,Nantucket Sound,-77.89701563,56.63551231,13.0,10/21/2011,11/3/2011,294,307,F,2011,19,26.0,F,F,MD,WM,89,1,7.3,0.035616438,20.23369565,0.066666667,0.000749064,22
40777_1,LTDU,W,W1,3,M,ASY,Southern New England,Nantucket Sound,-70.01297883,41.45067868,129.9583333,11/15/2011,3/24/2012,319,84,W,2011,1,19.0,W,F,WM,WM,89,1,7.3,0.356050228,20.23369565,0.066666667,0.000749064,8
40779_1,LTDU,S,S1,1,F,ASY,Southern New England,Nantucket Sound,-64.89746728,47.59148252,8.0,4/12/2010,4/20/2010,102,110,S,2010,12,1.0,S,W,SM,SM,89,1,7.3,0.021917808,11.4202454,0.142857143,0.001605136,14
40779_1,LTDU,S,S2,1,F,ASY,Southern New England,Nantucket Sound,-66.05304911,50.17258469,28.0,4/24/2010,5/22/2010,114,142,S,2010,15,12.0,S,S,SD,SM,89,1,7.3,0.076712329,11.4202454,0.142857143,0.001605136,15
40779_1,LTDU,BM,St,1,F,ASY,Southern New England,Nantucket Sound,-79.32125699,56.60468357,5.0,5/29/2010,6/3/2010,149,154,S,2010,23,15.0,S,S,SD,SM,89,1,7.3,0.01369863,11.4202454,0.142857143,0.001605136,22
40779_1,LTDU,B,B1,1,F,ASY,Southern New England,Nantucket Sound,-87.02483632,63.59071163,15.0,6/16/2010,7/1/2010,167,182,B,2010,27,23.0,B,S,SM,SM,89,1,7.3,0.04109589,11.4202454,0.142857143,0.001605136,25
40779_1,LTDU,B,B2,1,F,ASY,Southern New England,Nantucket Sound,-100.70746,65.95665321,60.0,7/7/2010,9/5/2010,188,248,B,2010,25,27.0,B,B,BD,B,89,1,7.3,0.164383562,11.4202454,0.142857143,0.001605136,2
40779_1,LTDU,M,M1,1,F,ASY,Southern New England,Nantucket Sound,-79.05350488,56.56302194,10.0,10/2/2010,10/12/2010,275,285,F,2010,19,25.0,F,B,WM,WM,89,1,7.3,0.02739726,11.4202454,0.142857143,0.001605136,22
40882_1,LTDU,S,S1,1,M,ASY,Southern New England,Nantucket Sound,-64.67706245,47.76437974,21.0,4/23/2010,5/14/2010,113,134,S,2010,12,1.0,S,W,SM,SM,89,1,7.3,0.057534247,20.23369565,0.333333333,0.003745318,15
40882_1,LTDU,B,B1,1,M,ASY,Southern New England,Nantucket Sound,-84.52001736,63.5683788,3.0,5/27/2010,5/30/2010,147,150,B,2010,27,12.0,B,S,SM,SM,89,1,7.3,0.008219178,20.23369565,0.333333333,0.003745318,25
40883_1,LTDU,S,S1,1,M,ASY,Southern New England,Nantucket Sound,-66.03281475,50.17355495,18.0,4/25/2010,5/13/2010,115,133,S,2010,15,1.0,S,W,SM,SM,89,1,7.3,0.049315068,20.23369565,0.111111111,0.001248439,15
40883_1,LTDU,BM,St,1,M,ASY,Southern New England,Nantucket Sound,-88.01851778,63.72046905,18.0,5/23/2010,6/10/2010,143,161,S,2010,27,15.0,S,S,SD,SM,89,1,7.3,0.049315068,20.23369565,0.111111111,0.001248439,25
40883_1,LTDU,B,B1,1,M,ASY,Southern New England,Nantucket Sound,-104.0681744,64.3764499,9.0,6/17/2010,6/26/2010,168,177,B,2010,21,27.0,B,S,SM,SM,89,1,7.3,0.024657534,20.23369565,0.111111111,0.001248439,2
40883_1,LTDU,M,M1,1,M,ASY,Southern New England,Nantucket Sound,-99.11365031,72.3968456,76.0,7/8/2010,9/22/2010,189,265,F,2010,25,21.0,F,B,WM,WM,89,1,7.3,0.208219178,20.23369565,0.111111111,0.001248439,1
40883_1,LTDU,M,M2,1,M,ASY,Southern New England,Nantucket Sound,-78.03986258,64.66819246,15.0,10/2/2010,10/17/2010,275,290,F,2010,26,25.0,F,F,MD,WM,89,1,7.3,0.04109589,20.23369565,0.111111111,0.001248439,27
40883_1,LTDU,WM,St,1,M,ASY,Southern New England,Nantucket Sound,-69.49448901,48.91535817,13.0,10/23/2010,11/5/2010,296,309,F,2010,16,26.0,F,F,MD,WM,89,1,7.3,0.035616438,20.23369565,0.111111111,0.001248439,13
40883_1,LTDU,W,W1,2,M,ASY,Southern New England,Nantucket Sound,-70.00482719,41.57785035,160.9583333,11/10/2010,4/20/2011,314,110,W,2010,1,16.0,W,F,WM,WM,89,1,7.3,0.440981735,20.23369565,0.111111111,0.001248439,8
40883_1,LTDU,S,S1,2,M,ASY,Southern New England,Nantucket Sound,-68.03007903,49.0924717,21.0,4/27/2011,5/18/2011,117,138,S,2011,16,1.0,S,W,SM,SM,89,1,7.3,0.057534247,20.23369565,0.111111111,0.001248439,15
40898_1,LTDU,S,S1,1,M,ASY,Southern New England,Nantucket Sound,-64.70937352,47.76436996,37.0,4/9/2010,5/16/2010,99,136,S,2010,12,1.0,S,W,SM,SM,89,1,7.3,0.101369863,20.23369565,0.066666667,0.000749064,15
40898_1,LTDU,BM,St,1,M,ASY,Southern New England,Nantucket Sound,-69.19094133,59.16272707,17.0,5/21/2010,6/7/2010,141,158,S,2010,22,12.0,S,S,SD,SM,89,1,7.3,0.046575342,20.23369565,0.066666667,0.000749064,17
40898_1,LTDU,B,B1,1,M,ASY,Southern New England,Nantucket Sound,-70.85269013,60.50078528,20.0,6/12/2010,7/2/2010,163,183,B,2010,22,22.0,B,S,SM,SM,89,1,7.3,0.054794521,20.23369565,0.066666667,0.000749064,21
40898_1,LTDU,M,M1,1,M,ASY,Southern New England,Nantucket Sound,-77.57505981,60.29425968,69.0,7/9/2010,9/16/2010,190,259,F,2010,19,22.0,F,B,WM,WM,89,1,7.3,0.189041096,20.23369565,0.066666667,0.000749064,21
40898_1,LTDU,M,M2,1,M,ASY,Southern New England,Nantucket Sound,-78.70867004,58.9616079,7.0,9/20/2010,9/27/2010,263,270,F,2010,19,19.0,F,F,MD,WM,89,1,7.3,0.019178082,20.23369565,0.066666667,0.000749064,22
40898_1,LTDU,M,M3,1,M,ASY,Southern New England,Nantucket Sound,-78.67583818,55.28328305,31.0,10/3/2010,11/3/2010,276,307,F,2010,23,19.0,F,F,MD,WM,89,1,7.3,0.084931507,20.23369565,0.066666667,0.000749064,19
40898_1,LTDU,W,W1,2,M,ASY,Southern New England,Nantucket Sound,-70.08167789,41.58153631,153.9583333,11/11/2010,4/14/2011,315,104,W,2010,1,23.0,W,F,WM,WM,89,1,7.3,0.421803653,20.23369565,0.066666667,0.000749064,8
40898_1,LTDU,S,S1,2,M,ASY,Southern New England,Nantucket Sound,-69.47658314,48.26814392,13.0,4/26/2011,5/9/2011,116,129,S,2011,16,1.0,S,W,SM,SM,89,1,7.3,0.035616438,20.23369565,0.066666667,0.000749064,13
40898_1,LTDU,S,S2,2,M,ASY,Southern New England,Nantucket Sound,-65.66914463,50.30209076,2.0,5/17/2011,5/19/2011,137,139,S,2011,15,16.0,S,S,SD,SM,89,1,7.3,0.005479452,20.23369565,0.066666667,0.000749064,15
40898_1,LTDU,BM,St,2,M,ASY,Southern New England,Nantucket Sound,-67.34155616,49.36660487,4.0,5/23/2011,5/27/2011,143,147,S,2011,16,15.0,S,S,SD,SM,89,1,7.3,0.010958904,20.23369565,0.066666667,0.000749064,15
40898_1,LTDU,B,B1,2,M,ASY,Southern New England,Nantucket Sound,-70.64199777,60.29605271,25.0,6/8/2011,7/3/2011,159,184,B,2011,22,16.0,B,S,SM,SM,89,1,7.3,0.068493151,20.23369565,0.066666667,0.000749064,21
40898_1,LTDU,M,M1,2,M,ASY,Southern New England,Nantucket Sound,-77.61126803,60.47504346,82.0,7/10/2011,9/30/2011,191,273,F,2011,19,22.0,F,B,WM,WM,89,1,7.3,0.224657534,20.23369565,0.066666667,0.000749064,21
40898_1,LTDU,M,M2,2,M,ASY,Southern New England,Nantucket Sound,-79.12262988,55.38877459,32.0,10/4/2011,11/5/2011,277,309,F,2011,23,19.0,F,F,MD,WM,89,1,7.3,0.087671233,20.23369565,0.066666667,0.000749064,19
40898_1,LTDU,W,W1,3,M,ASY,Southern New England,Nantucket Sound,-70.33579041,43.48463195,7.0,11/15/2011,11/22/2011,319,326,W,2011,5,23.0,W,F,WM,WM,89,1,7.3,0.019178082,20.23369565,0.066666667,0.000749064,9
40900_1,LTDU,S,S1,1,M,,Mid-Atlantic,Chesapeake Bay,-79.77029612,42.59398738,46.0,4/3/2010,5/19/2010,93,139,S,2010,9,7.0,S,W,SM,SM,89,1,7.3,0.126027397,20.23369565,0.142857143,0.001605136,12
40900_1,LTDU,BM,St,1,M,,Mid-Atlantic,Chesapeake Bay,-91.35567956,62.59124919,21.0,5/26/2010,6/16/2010,146,167,S,2010,18,9.0,S,S,SD,SM,89,1,7.3,0.057534247,20.23369565,0.142857143,0.001605136,26
40900_1,LTDU,B,B1,1,M,,Mid-Atlantic,Chesapeake Bay,-96.49690641,64.01012592,19.0,6/20/2010,7/9/2010,171,190,B,2010,25,18.0,B,S,SM,SM,89,1,7.3,0.052054795,20.23369565,0.142857143,0.001605136,2
40900_1,LTDU,M,M1,1,M,,Mid-Atlantic,Chesapeake Bay,-82.23459311,69.05409786,54.0,7/24/2010,9/16/2010,205,259,F,2010,27,25.0,F,B,WM,WM,89,1,7.3,0.147945205,20.23369565,0.142857143,0.001605136,28
40900_1,LTDU,M,M2,1,M,,Mid-Atlantic,Chesapeake Bay,-77.51007246,65.34113788,1.0,9/23/2010,9/24/2010,266,267,F,2010,26,27.0,F,F,MD,WM,89,1,7.3,0.002739726,20.23369565,0.142857143,0.001605136,27
40900_1,LTDU,M,M3,1,M,,Mid-Atlantic,Chesapeake Bay,-77.14909015,60.21233536,16.0,9/28/2010,10/14/2010,271,287,F,2010,19,26.0,F,F,MD,WM,89,1,7.3,0.043835616,20.23369565,0.142857143,0.001605136,21
40901_1,LTDU,S,S1,1,M,,Mid-Atlantic,Chesapeake Bay,-81.37582559,42.39620038,39.0,4/5/2010,5/14/2010,95,134,S,2010,9,7.0,S,W,SM,SM,89,1,7.3,0.106849315,20.23369565,0.111111111,0.001248439,12
40901_1,LTDU,B,B1,1,M,,Mid-Atlantic,Chesapeake Bay,-93.65160894,57.86197748,33.0,6/1/2010,7/4/2010,152,185,B,2010,18,9.0,B,S,SM,SM,89,1,7.3,0.090410959,20.23369565,0.111111111,0.001248439,24
40901_1,LTDU,M,M1,1,M,,Mid-Atlantic,Chesapeake Bay,-83.43337891,65.64723153,69.0,7/15/2010,9/22/2010,196,265,F,2010,27,18.0,F,B,WM,WM,89,1,7.3,0.189041096,20.23369565,0.111111111,0.001248439,28
40901_1,LTDU,M,M2,1,M,,Mid-Atlantic,Chesapeake Bay,-79.3182315,56.58004942,44.04166667,9/29/2010,11/12/2010,272,316,F,2010,23,27.0,F,F,MD,WM,89,1,7.3,0.1206621,20.23369565,0.111111111,0.001248439,22
40901_1,LTDU,WM,St,1,M,,Mid-Atlantic,Chesapeake Bay,-79.77019379,43.40794441,21.0,11/21/2010,12/12/2010,325,346,F,2010,9,23.0,F,F,MD,WM,89,1,7.3,0.057534247,20.23369565,0.111111111,0.001248439,12
40901_1,LTDU,W,W1,2,M,,Mid-Atlantic,Chesapeake Bay,-76.39777626,38.61136621,107.9583333,12/16/2010,4/3/2011,350,93,W,2010,7,9.0,W,F,WM,WM,89,1,7.3,0.295776256,20.23369565,0.111111111,0.001248439,7
40901_1,LTDU,S,S1,2,M,,Mid-Atlantic,Chesapeake Bay,-79.82243783,42.68161087,40.0,4/11/2011,5/21/2011,101,141,S,2011,9,7.0,S,W,SM,SM,89,1,7.3,0.109589041,20.23369565,0.111111111,0.001248439,12
40901_1,LTDU,B,B1,2,M,,Mid-Atlantic,Chesapeake Bay,-93.65578391,57.86937346,28.0,6/9/2011,7/7/2011,160,188,B,2011,18,9.0,B,S,SM,SM,89,1,7.3,0.076712329,20.23369565,0.111111111,0.001248439,24
40902_1,LTDU,S,S1,1,F,AHY,Mid-Atlantic,Chesapeake Bay,-81.09498867,42.27653902,52.0,3/17/2012,5/8/2012,77,129,S,2012,9,7.0,S,W,SM,SM,89,1,7.3,0.142465753,11.4202454,0.25,0.002808989,12
40902_1,LTDU,BM,St,1,F,AHY,Mid-Atlantic,Chesapeake Bay,-78.39745771,62.40272016,17.0,5/15/2012,6/1/2012,136,153,S,2012,19,9.0,S,S,SD,SM,89,1,7.3,0.046575342,11.4202454,0.25,0.002808989,21
40902_1,LTDU,B,B1,1,F,AHY,Mid-Atlantic,Chesapeake Bay,-77.9852734,62.14324806,30.0,6/3/2012,7/3/2012,155,185,B,2012,19,19.0,B,S,SM,SM,89,1,7.3,0.082191781,11.4202454,0.25,0.002808989,21
79633_1,LTDU,S,S1,1,M,ASY,Southern New England,Nantucket Sound,-65.80222995,47.97612753,9.0,4/9/2008,4/18/2008,100,109,S,2008,31,1.0,S,W,SM,SM,89,1,7.3,0.024657534,20.23369565,0.25,0.002808989,15
79633_1,LTDU,S,S2,1,M,ASY,Southern New England,Nantucket Sound,-67.98136371,49.15753731,3.0,4/20/2008,4/23/2008,111,114,S,2008,16,31.0,S,S,SD,SM,89,1,7.3,0.008219178,20.23369565,0.25,0.002808989,15
79633_1,LTDU,S,S3,1,M,ASY,Southern New England,Nantucket Sound,-64.24108223,47.27706473,12.0,4/25/2008,5/7/2008,116,128,S,2008,12,16.0,S,S,SD,SM,89,1,7.3,0.032876712,20.23369565,0.25,0.002808989,14
79636_3,LTDU,S,S1,1,M,ASY,Southern New England,Nantucket Sound,-67.5754023,49.33626492,2.0,5/10/2009,5/12/2009,130,132,S,2009,16,1.0,S,W,SM,SM,89,1,7.3,0.005479452,20.23369565,0.5,0.005617978,15
79637_1,LTDU,S,S1,1,F,ASY,Southern New England,Nantucket Sound,-65.28111142,47.82643515,19.0,4/27/2008,5/16/2008,118,137,S,2008,12,1.0,S,W,SM,SM,89,1,7.3,0.052054795,11.4202454,0.2,0.002247191,15
79637_1,LTDU,B,B1,1,F,ASY,Southern New England,Nantucket Sound,-81.57987414,63.58585906,105.0,6/8/2008,9/21/2008,160,265,B,2008,27,12.0,B,S,SM,SM,89,1,7.3,0.287671233,11.4202454,0.2,0.002247191,25
79637_1,LTDU,M,M1,1,F,ASY,Southern New England,Nantucket Sound,-74.09992228,52.41355118,15.0,10/6/2008,10/21/2008,280,295,F,2008,20,27.0,F,B,WM,WM,89,1,7.3,0.04109589,11.4202454,0.2,0.002247191,20
79637_1,LTDU,W,W1,2,F,ASY,Southern New England,Nantucket Sound,-70.1608523,41.01720131,172.9583333,11/5/2008,4/27/2009,310,117,W,2008,1,20.0,W,F,WM,WM,89,1,7.3,0.473858447,11.4202454,0.2,0.002247191,8
79638_1,LTDU,S,S1,1,F,ASY,Southern New England,Nantucket Sound,-77.53537437,56.25397006,0.0,5/22/2008,5/22/2008,143,143,S,2008,19,5.0,S,W,SM,SM,89,1,7.3,0.0,11.4202454,0.142857143,0.001605136,22
79638_1,LTDU,S,S2,1,F,ASY,Southern New England,Nantucket Sound,-77.53700922,56.24297513,0.0,5/23/2008,5/23/2008,144,144,S,2008,19,19.0,S,S,SD,SM,89,1,7.3,0.0,11.4202454,0.142857143,0.001605136,22
79638_1,LTDU,S,S3,1,F,ASY,Southern New England,Nantucket Sound,-77.48826081,56.32658544,0.0,5/24/2008,5/24/2008,145,145,S,2008,19,19.0,S,S,SD,SM,89,1,7.3,0.0,11.4202454,0.142857143,0.001605136,22
79638_1,LTDU,BM,St,1,F,ASY,Southern New England,Nantucket Sound,-79.69202528,69.6967545,6.0,6/11/2008,6/17/2008,163,169,S,2008,27,19.0,S,S,SD,SM,89,1,7.3,0.016438356,11.4202454,0.142857143,0.001605136,28
79638_1,LTDU,B,B1,1,F,ASY,Southern New England,Nantucket Sound,-81.22482489,70.11445187,34.0,6/22/2008,7/26/2008,174,208,B,2008,27,27.0,B,S,SM,SM,89,1,7.3,0.093150685,11.4202454,0.142857143,0.001605136,28
79638_1,LTDU,M,M1,1,F,ASY,Southern New England,Nantucket Sound,-80.91620116,70.05034734,55.0,7/27/2008,9/20/2008,209,264,F,2008,27,27.0,F,B,WM,WM,89,1,7.3,0.150684932,11.4202454,0.142857143,0.001605136,28
79639_3,LTDU,S,S1,1,M,ASY,Southern New England,Nantucket Sound,-64.29039809,47.36054241,5.0,4/17/2009,4/22/2009,107,112,S,2009,12,1.0,S,W,SM,SM,89,1,7.3,0.01369863,20.23369565,0.125,0.001404494,14
79639_3,LTDU,S,S2,1,M,ASY,Southern New England,Nantucket Sound,-69.47132263,48.16110552,14.0,4/28/2009,5/12/2009,118,132,S,2009,16,12.0,S,S,SD,SM,89,1,7.3,0.038356164,20.23369565,0.125,0.001404494,13
79639_3,LTDU,B,B1,1,M,ASY,Southern New England,Nantucket Sound,-98.4756536,69.17551491,37.0,7/25/2009,8/31/2009,206,243,B,2009,25,16.0,B,S,SM,SM,89,1,7.3,0.101369863,20.23369565,0.125,0.001404494,1
79639_3,LTDU,M,M1,1,M,ASY,Southern New England,Nantucket Sound,-98.68074314,69.33291624,7.0,9/8/2009,9/15/2009,251,258,F,2009,25,25.0,F,B,WM,WM,89,1,7.3,0.019178082,20.23369565,0.125,0.001404494,1
79639_3,LTDU,M,M2,1,M,ASY,Southern New England,Nantucket Sound,-81.51221281,63.53585647,0.0,9/30/2009,9/30/2009,273,273,F,2009,27,25.0,F,F,MD,WM,89,1,7.3,0.0,20.23369565,0.125,0.001404494,25
79639_3,LTDU,M,M3,1,M,ASY,Southern New England,Nantucket Sound,-76.8881928,55.97775113,23.04166667,10/15/2009,11/7/2009,288,311,F,2009,19,27.0,F,F,MD,WM,89,1,7.3,0.063127854,20.23369565,0.125,0.001404494,20
79639_3,LTDU,W,W1,2,M,ASY,Southern New England,Nantucket Sound,-70.13171209,41.7921069,15.0,11/29/2009,12/14/2009,333,348,W,2009,1,19.0,W,F,WM,WM,89,1,7.3,0.04109589,20.23369565,0.125,0.001404494,9
79641_2,LTDU,S,S1,1,M,ASY,Southern New England,Nantucket Sound,-64.71495222,47.47203061,15.0,4/10/2008,4/25/2008,101,116,S,2008,12,1.0,S,W,SM,SM,89,1,7.3,0.04109589,20.23369565,0.333333333,0.003745318,14
79641_2,LTDU,S,S2,1,M,ASY,Southern New England,Nantucket Sound,-69.26079515,49.90545003,22.0,4/28/2008,5/20/2008,119,141,S,2008,16,12.0,S,S,SD,SM,89,1,7.3,0.060273973,20.23369565,0.333333333,0.003745318,13
79644_1,LTDU,S,S1,1,M,ASY,Southern New England,Nantucket Sound,-63.82071811,47.94476063,15.0,4/5/2009,4/20/2009,95,110,S,2009,12,1.0,S,W,SM,SM,89,1,7.3,0.04109589,20.23369565,0.25,0.002808989,15
79644_1,LTDU,S,S2,1,M,ASY,Southern New England,Nantucket Sound,-65.55051981,47.78045295,1.0,4/23/2009,4/24/2009,113,114,S,2009,31,12.0,S,S,SD,SM,89,1,7.3,0.002739726,20.23369565,0.25,0.002808989,15
79644_1,LTDU,S,S3,1,M,ASY,Southern New England,Nantucket Sound,-65.40714316,50.23883201,10.0,4/27/2009,5/7/2009,117,127,S,2009,15,31.0,S,S,SD,SM,89,1,7.3,0.02739726,20.23369565,0.25,0.002808989,15
89595_3,LTDU,S,S1,1,F,AHY,Southern New England,Nantucket Sound,-66.02496588,47.89592649,23.0,4/10/2010,5/3/2010,100,123,S,2010,31,1.0,S,W,SM,SM,89,1,7.3,0.063013699,11.4202454,0.333333333,0.003745318,15
89595_3,LTDU,S,S2,1,F,AHY,Southern New England,Nantucket Sound,-87.14012143,64.43835723,50.0,5/31/2010,7/20/2010,151,201,S,2010,27,31.0,S,S,SD,SM,89,1,7.3,0.136986301,11.4202454,0.333333333,0.003745318,25
89596_2,LTDU,S,S1,1,F,AHY,Southern New England,Nantucket Sound,-67.01519339,49.27268653,0.0,5/1/2010,5/1/2010,121,121,S,2010,16,1.0,S,W,SM,SM,89,1,7.3,0.0,11.4202454,0.25,0.002808989,15
89596_2,LTDU,B,B1,1,F,AHY,Southern New England,Nantucket Sound,-85.4090444,70.99565115,63.0,7/3/2010,9/4/2010,184,247,B,2010,27,16.0,B,S,SM,SM,89,1,7.3,0.17260274,11.4202454,0.25,0.002808989,28
89596_2,LTDU,M,M1,1,F,AHY,Southern New England,Nantucket Sound,-86.01285931,71.0812715,22.0,9/11/2010,10/3/2010,254,276,F,2010,27,27.0,F,B,WM,WM,89,1,7.3,0.060273973,11.4202454,0.25,0.002808989,28
89597_1,LTDU,S,S1,1,M,ASY,Southern New England,Nantucket Sound,-65.06672116,48.07756595,8.0,4/24/2009,5/2/2009,114,122,S,2009,12,1.0,S,W,SM,SM,89,1,7.3,0.021917808,20.23369565,0.5,0.005617978,15
89598_1,LTDU,S,S1,1,F,ASY,Southern New England,Nantucket Sound,-64.11175875,47.2413812,18.0,4/16/2009,5/4/2009,106,124,S,2009,12,1.0,S,W,SM,SM,89,1,7.3,0.049315068,11.4202454,0.166666667,0.001872659,14
89598_1,LTDU,B,B1,1,F,ASY,Southern New England,Nantucket Sound,-77.80520114,61.65017823,50.0,7/26/2009,9/14/2009,207,257,B,2009,19,12.0,B,S,SM,SM,89,1,7.3,0.136986301,11.4202454,0.166666667,0.001872659,21
89598_1,LTDU,M,M1,1,F,ASY,Southern New England,Nantucket Sound,-77.73767695,61.61026659,1.0,9/20/2009,9/21/2009,263,264,F,2009,19,19.0,F,B,WM,WM,89,1,7.3,0.002739726,11.4202454,0.166666667,0.001872659,21
89598_1,LTDU,W,W1,2,F,ASY,Southern New England,Nantucket Sound,-70.02541283,41.18234243,162.9583333,11/9/2009,4/21/2010,313,111,W,2009,1,19.0,W,F,WM,WM,89,1,7.3,0.446461187,11.4202454,0.166666667,0.001872659,8
89598_1,LTDU,S,S1,2,F,ASY,Southern New England,Nantucket Sound,-63.86700718,47.00665351,11.0,5/1/2010,5/12/2010,121,132,S,2010,12,1.0,S,W,SM,SM,89,1,7.3,0.030136986,11.4202454,0.166666667,0.001872659,14
98732_1,LTDU,S,S1,1,F,AHY,Southern New England,Nantucket Sound,-63.22818786,50.13780461,19.0,4/25/2010,5/14/2010,115,134,S,2010,15,1.0,S,W,SM,SM,89,1,7.3,0.052054795,11.4202454,0.25,0.002808989,15
98732_1,LTDU,B,B1,1,F,AHY,Southern New England,Nantucket Sound,-77.62976094,62.14665388,35.0,5/31/2010,7/5/2010,151,186,B,2010,19,15.0,B,S,SM,SM,89,1,7.3,0.095890411,11.4202454,0.25,0.002808989,21
98732_1,LTDU,BM,St,1,F,AHY,Southern New England,Nantucket Sound,-78.11141959,62.31513848,1.0,5/31/2010,6/1/2010,151,152,S,2010,19,19.0,S,B,SM,SM,89,1,7.3,0.002739726,11.4202454,0.25,0.002808989,21
98734_1,LTDU,S,S1,1,F,AHY,Southern New England,Nantucket Sound,-64.49353805,47.27836797,15.0,4/17/2010,5/2/2010,107,122,S,2010,12,1.0,S,W,SM,SM,89,1,7.3,0.04109589,11.4202454,0.142857143,0.001605136,14
98734_1,LTDU,B,B1,1,F,AHY,Southern New England,Nantucket Sound,-97.80701845,65.23287071,28.0,6/21/2010,7/19/2010,172,200,B,2010,25,12.0,B,S,SM,SM,89,1,7.3,0.076712329,11.4202454,0.142857143,0.001605136,2
98734_1,LTDU,M,M1,1,F,AHY,Southern New England,Nantucket Sound,-98.03728102,67.03853402,36.0,7/26/2010,8/31/2010,207,243,F,2010,25,25.0,F,B,WM,WM,89,1,7.3,0.098630137,11.4202454,0.142857143,0.001605136,1
98734_1,LTDU,M,M2,1,F,AHY,Southern New England,Nantucket Sound,-97.5350693,67.85777792,14.0,9/7/2010,9/21/2010,250,264,F,2010,25,25.0,F,F,MD,WM,89,1,7.3,0.038356164,11.4202454,0.142857143,0.001605136,1
98734_1,LTDU,W,W1,2,F,AHY,Southern New England,Nantucket Sound,-69.94171318,41.26037991,151.9583333,11/11/2010,4/12/2011,315,102,W,2010,1,25.0,W,F,WM,WM,89,1,7.3,0.416324201,11.4202454,0.142857143,0.001605136,8
98734_1,LTDU,S,S1,2,F,AHY,Southern New England,Nantucket Sound,-64.98578623,48.0937762,16.0,4/22/2011,5/8/2011,112,128,S,2011,12,1.0,S,W,SM,SM,89,1,7.3,0.043835616,11.4202454,0.142857143,0.001605136,15
98736_1,LTDU,S,S1,1,M,AHY,Southern New England,Nantucket Sound,-64.3847077,47.50554885,20.0,4/8/2010,4/28/2010,98,118,S,2010,12,1.0,S,W,SM,SM,89,1,7.3,0.054794521,20.23369565,0.333333333,0.003745318,14
98736_1,LTDU,B,B1,1,M,AHY,Southern New England,Nantucket Sound,-95.19607149,60.41918925,0.0,6/24/2010,6/24/2010,175,175,B,2010,18,12.0,B,S,SM,SM,89,1,7.3,0.0,20.23369565,0.333333333,0.003745318,24
102346_1,SUSC,W,W2,1,M,ASY,Southern New England,Rhode Island,-70.26905845,41.31136834,27.0,3/26/2011,4/22/2011,85,112,W,2011,1,2.0,W,W,WD,W,139,1,3.463255814,0.073972603,5.781055899,0.0625,0.00044964,8
102346_1,SUSC,S,S1,1,M,ASY,Southern New England,Rhode Island,-68.59568905,44.04237578,7.0,4/25/2011,5/2/2011,115,122,S,2011,5,1.0,S,W,SM,SM,139,1,3.463255814,0.019178082,5.781055899,0.0625,0.00044964,9
102346_1,SUSC,S,S2,1,M,ASY,Southern New England,Rhode Island,-63.82226128,46.09670577,12.0,5/6/2011,5/18/2011,126,138,S,2011,12,5.0,S,S,SD,SM,139,1,3.463255814,0.032876712,5.781055899,0.0625,0.00044964,14
102346_1,SUSC,S,S3,1,M,ASY,Southern New England,Rhode Island,-65.38546303,48.86118179,4.0,5/22/2011,5/26/2011,142,146,S,2011,12,12.0,S,S,SD,SM,139,1,3.463255814,0.010958904,5.781055899,0.0625,0.00044964,15
102346_1,SUSC,M,M1,1,M,ASY,Southern New England,Rhode Island,-56.25022588,53.67939465,19.0,6/4/2011,6/23/2011,155,174,F,2011,17,12.0,F,S,SM,SM,139,1,3.463255814,0.052054795,5.781055899,0.0625,0.00044964,16
102346_1,SUSC,M,M2,1,M,ASY,Southern New England,Rhode Island,-67.35500415,49.39434098,118.0,6/25/2011,10/21/2011,176,294,F,2011,16,17.0,F,F,MD,WM,139,1,3.463255814,0.323287671,5.781055899,0.0625,0.00044964,15
102346_1,SUSC,W,W1,2,M,ASY,Southern New England,Rhode Island,-70.20615029,41.56831152,8.041666667,10/30/2011,11/7/2011,303,311,W,2011,1,16.0,W,F,WM,WM,139,1,3.463255814,0.022031963,5.781055899,0.0625,0.00044964,8
102346_1,SUSC,W,W2,2,M,ASY,Southern New England,Rhode Island,-71.22350297,41.50441873,130.9583333,11/8/2011,3/18/2012,312,78,W,2011,2,1.0,W,W,WD,W,139,1,3.463255814,0.358789954,5.781055899,0.0625,0.00044964,8
102346_1,SUSC,W,W3,2,M,ASY,Southern New England,Rhode Island,-71.8292564,41.25335983,14.0,3/19/2012,4/2/2012,79,93,W,2012,2,2.0,W,W,WD,W,139,1,3.463255814,0.038356164,5.781055899,0.0625,0.00044964,8
102346_1,SUSC,S,S1,2,M,ASY,Southern New England,Rhode Island,-64.39431713,46.22988302,19.0,4/8/2012,4/27/2012,99,118,S,2012,12,2.0,S,W,SM,SM,139,1,3.463255814,0.052054795,5.781055899,0.0625,0.00044964,14
102346_1,SUSC,S,S2,2,M,ASY,Southern New England,Rhode Island,-63.6905693,45.98728029,14.0,5/4/2012,5/18/2012,125,139,S,2012,12,12.0,S,S,SD,SM,139,1,3.463255814,0.038356164,5.781055899,0.0625,0.00044964,14
102346_1,SUSC,B,B1,2,M,ASY,Southern New England,Rhode Island,-71.16638365,52.79675008,1.0,5/29/2012,5/30/2012,150,151,B,2012,20,12.0,B,S,SM,SM,139,1,3.463255814,0.002739726,5.781055899,0.0625,0.00044964,20
102346_1,SUSC,M,M1,2,M,ASY,Southern New England,Rhode Island,-60.81085283,56.05383176,22.0,6/14/2012,7/6/2012,166,188,F,2012,17,20.0,F,B,WM,WM,139,1,3.463255814,0.060273973,5.781055899,0.0625,0.00044964,16
102346_1,SUSC,M,M2,2,M,ASY,Southern New England,Rhode Island,-68.68989999,48.90082469,89.0,7/17/2012,10/14/2012,199,288,F,2012,16,17.0,F,F,MD,WM,139,1,3.463255814,0.243835616,5.781055899,0.0625,0.00044964,13
102346_1,SUSC,W,W1,3,M,ASY,Southern New England,Rhode Island,-71.09659857,41.50941955,72.04166667,10/26/2012,1/6/2013,300,6,W,2012,2,16.0,W,F,WM,WM,139,1,3.463255814,0.197374429,5.781055899,0.0625,0.00044964,8
102348_1,SUSC,S,S1,1,F,ASY,Mid-Atlantic,Chesapeake Bay,-62.56667374,44.82712725,17.0,4/27/2011,5/14/2011,117,134,S,2011,13,7.0,S,W,SM,SM,139,1,3.463255814,0.046575342,8.638051044,0.142857143,0.001027749,14
102348_1,SUSC,B,B1,1,F,ASY,Mid-Atlantic,Chesapeake Bay,-66.00962058,51.00261586,52.0,5/23/2011,7/14/2011,143,195,B,2011,15,13.0,B,S,SM,SM,139,1,3.463255814,0.142465753,8.638051044,0.142857143,0.001027749,15
102348_1,SUSC,M,M1,1,F,ASY,Mid-Atlantic,Chesapeake Bay,-69.01476873,48.72176222,106.0,7/18/2011,11/1/2011,199,305,F,2011,16,15.0,F,B,WM,WM,139,1,3.463255814,0.290410959,8.638051044,0.142857143,0.001027749,13
102348_1,SUSC,W,W1,2,F,ASY,Mid-Atlantic,Chesapeake Bay,-76.15561399,38.26829316,156.9583333,11/9/2011,4/14/2012,313,105,W,2011,7,16.0,W,F,WM,WM,139,1,3.463255814,0.430022831,8.638051044,0.142857143,0.001027749,7
102348_1,SUSC,S,S1,2,F,ASY,Mid-Atlantic,Chesapeake Bay,-64.8397373,47.79360656,9.0,4/21/2012,4/30/2012,112,121,S,2012,12,7.0,S,W,SM,SM,139,1,3.463255814,0.024657534,8.638051044,0.142857143,0.001027749,15
102348_1,SUSC,B,B1,2,F,ASY,Mid-Atlantic,Chesapeake Bay,-65.82835468,50.7240498,26.0,5/5/2012,5/31/2012,126,152,B,2012,15,12.0,B,S,SM,SM,139,1,3.463255814,0.071232877,8.638051044,0.142857143,0.001027749,15
102349_1,SUSC,S,S1,1,M,ASY,Mid-Atlantic,Chesapeake Bay,-66.00467651,44.49239544,13.0,5/1/2011,5/14/2011,121,134,S,2011,5,7.0,S,W,SM,SM,139,1,3.463255814,0.035616438,5.781055899,0.125,0.000899281,14
102349_1,SUSC,B,B1,1,M,ASY,Mid-Atlantic,Chesapeake Bay,-75.22068872,54.93320506,10.0,5/22/2011,6/1/2011,142,152,B,2011,20,5.0,B,S,SM,SM,139,1,3.463255814,0.02739726,5.781055899,0.125,0.000899281,20
102349_1,SUSC,MM,St,1,M,ASY,Mid-Atlantic,Chesapeake Bay,-76.97542877,55.80571162,3.0,6/5/2011,6/8/2011,156,159,F,2011,19,20.0,F,B,WM,WM,139,1,3.463255814,0.008219178,5.781055899,0.125,0.000899281,20
102349_1,SUSC,M,M1,1,M,ASY,Mid-Atlantic,Chesapeake Bay,-78.49039347,55.9348136,99.0,6/12/2011,9/19/2011,163,262,F,2011,19,19.0,F,F,MD,WM,139,1,3.463255814,0.271232877,5.781055899,0.125,0.000899281,22
102349_1,SUSC,M,M2,1,M,ASY,Mid-Atlantic,Chesapeake Bay,-79.52026432,56.51122377,22.0,8/20/2011,9/11/2011,232,254,F,2011,23,19.0,F,F,MD,WM,139,1,3.463255814,0.060273973,5.781055899,0.125,0.000899281,22
102349_1,SUSC,M,M3,1,M,ASY,Mid-Atlantic,Chesapeake Bay,-65.91860625,44.50824856,43.0,9/20/2011,11/2/2011,263,306,F,2011,5,23.0,F,F,MD,WM,139,1,3.463255814,0.117808219,5.781055899,0.125,0.000899281,14
102349_1,SUSC,W,W1,2,M,ASY,Mid-Atlantic,Chesapeake Bay,-76.13163142,37.71296028,134.9583333,11/10/2011,3/24/2012,314,84,W,2011,7,5.0,W,F,WM,WM,139,1,3.463255814,0.369748858,5.781055899,0.125,0.000899281,7
102350_1,SUSC,S,S1,1,M,ASY,Mid-Atlantic,Chesapeake Bay,-64.83275849,46.81290714,41.0,4/29/2011,6/9/2011,119,160,S,2011,12,7.0,S,W,SM,SM,139,1,3.463255814,0.112328767,5.781055899,0.083333333,0.00059952,14
102350_1,SUSC,M,M1,1,M,ASY,Mid-Atlantic,Chesapeake Bay,-64.32333835,48.78819086,142.0,6/11/2011,10/31/2011,162,304,F,2011,12,12.0,F,S,SM,SM,139,1,3.463255814,0.389041096,5.781055899,0.083333333,0.00059952,15
102350_1,SUSC,W,W1,2,M,ASY,Mid-Atlantic,Chesapeake Bay,-76.04382375,38.493862,135.9583333,11/9/2011,3/24/2012,313,84,W,2011,7,12.0,W,F,WM,WM,139,1,3.463255814,0.372488584,5.781055899,0.083333333,0.00059952,7
102350_1,SUSC,S,S1,2,M,ASY,Mid-Atlantic,Chesapeake Bay,-68.93681905,48.32960561,35.0,4/5/2012,5/10/2012,96,131,S,2012,16,7.0,S,W,SM,SM,139,1,3.463255814,0.095890411,5.781055899,0.083333333,0.00059952,13
102350_1,SUSC,B,B1,2,M,ASY,Mid-Atlantic,Chesapeake Bay,-72.40704886,53.05745435,11.0,5/14/2012,5/25/2012,135,146,B,2012,20,16.0,B,S,SM,SM,139,1,3.463255814,0.030136986,5.781055899,0.083333333,0.00059952,20
102350_1,SUSC,M,M1,2,M,ASY,Mid-Atlantic,Chesapeake Bay,-79.73106617,51.88792539,80.0,6/1/2012,8/20/2012,153,233,F,2012,14,20.0,F,B,WM,WM,139,1,3.463255814,0.219178082,5.781055899,0.083333333,0.00059952,19
102350_1,SUSC,M,M2,2,M,ASY,Mid-Atlantic,Chesapeake Bay,-77.84138176,60.56838508,23.0,8/24/2012,9/16/2012,237,260,F,2012,19,14.0,F,F,MD,WM,139,1,3.463255814,0.063013699,5.781055899,0.083333333,0.00059952,21
102350_1,SUSC,M,M3,2,M,ASY,Mid-Atlantic,Chesapeake Bay,-68.59678061,48.96138386,20.0,9/30/2012,10/20/2012,274,294,F,2012,16,19.0,F,F,MD,WM,139,1,3.463255814,0.054794521,5.781055899,0.083333333,0.00059952,13
102350_1,SUSC,W,W1,3,M,ASY,Mid-Atlantic,Chesapeake Bay,-76.18473891,38.10716452,83.04166667,10/25/2012,1/16/2013,299,16,W,2012,7,16.0,W,F,WM,WM,139,1,3.463255814,0.227511416,5.781055899,0.083333333,0.00059952,7
102350_1,SUSC,W,W2,3,M,ASY,Mid-Atlantic,Chesapeake Bay,-75.27427302,38.96028858,62.95833333,1/17/2013,3/21/2013,17,80,W,2013,3,7.0,W,W,WD,W,139,1,3.463255814,0.172488584,5.781055899,0.083333333,0.00059952,7
102350_1,SUSC,S,S1,3,M,ASY,Mid-Atlantic,Chesapeake Bay,-64.55354945,48.25782378,16.0,3/30/2013,4/15/2013,89,105,S,2013,12,3.0,S,W,SM,SM,139,1,3.463255814,0.043835616,5.781055899,0.083333333,0.00059952,15
102351_1,SUSC,S,S1,1,F,ASY,Mid-Atlantic,Chesapeake Bay,-64.64057885,48.29760307,11.0,5/7/2011,5/18/2011,127,138,S,2011,12,7.0,S,W,SM,SM,139,1,3.463255814,0.030136986,8.638051044,0.090909091,0.000654022,15
102351_1,SUSC,S,S2,1,F,ASY,Mid-Atlantic,Chesapeake Bay,-65.64528554,49.13005053,6.0,5/20/2011,5/26/2011,140,146,S,2011,12,12.0,S,S,SD,SM,139,1,3.463255814,0.016438356,8.638051044,0.090909091,0.000654022,15
102351_1,SUSC,B,B1,1,F,ASY,Mid-Atlantic,Chesapeake Bay,-77.12763163,55.4856678,36.0,6/2/2011,7/8/2011,153,189,B,2011,19,12.0,B,S,SM,SM,139,1,3.463255814,0.098630137,8.638051044,0.090909091,0.000654022,20
102351_1,SUSC,M,M1,1,F,ASY,Mid-Atlantic,Chesapeake Bay,-77.5769355,56.54961401,84.0,7/9/2011,10/1/2011,190,274,F,2011,19,19.0,F,B,WM,WM,139,1,3.463255814,0.230136986,8.638051044,0.090909091,0.000654022,22
102351_1,SUSC,M,M2,1,F,ASY,Mid-Atlantic,Chesapeake Bay,-68.76041479,44.15516587,17.0,10/8/2011,10/25/2011,281,298,F,2011,5,19.0,F,F,MD,WM,139,1,3.463255814,0.046575342,8.638051044,0.090909091,0.000654022,9
102351_1,SUSC,W,W1,2,F,ASY,Mid-Atlantic,Chesapeake Bay,-76.15865896,38.00482325,48.04166667,11/2/2011,12/20/2011,306,354,W,2011,7,5.0,W,F,WM,WM,139,1,3.463255814,0.131621005,8.638051044,0.090909091,0.000654022,7
102351_1,SUSC,W,W2,2,F,ASY,Mid-Atlantic,Chesapeake Bay,-76.23291466,38.23991779,115.9583333,12/21/2011,4/15/2012,355,106,W,2011,7,7.0,W,W,WD,W,139,1,3.463255814,0.317694064,8.638051044,0.090909091,0.000654022,7
102351_1,SUSC,W,W3,2,F,ASY,Mid-Atlantic,Chesapeake Bay,-75.84853767,36.99339257,33.0,1/22/2012,2/24/2012,22,55,W,2012,7,7.0,W,W,WD,W,139,1,3.463255814,0.090410959,8.638051044,0.090909091,0.000654022,7
102351_1,SUSC,S,S1,2,F,ASY,Mid-Atlantic,Chesapeake Bay,-65.95127587,49.54574349,20.0,4/25/2012,5/15/2012,116,136,S,2012,15,7.0,S,W,SM,SM,139,1,3.463255814,0.054794521,8.638051044,0.090909091,0.000654022,15
102351_1,SUSC,B,B1,2,F,ASY,Mid-Atlantic,Chesapeake Bay,-77.14146656,55.46304895,32.0,5/22/2012,6/23/2012,143,175,B,2012,19,15.0,B,S,SM,SM,139,1,3.463255814,0.087671233,8.638051044,0.090909091,0.000654022,20
102352_1,SUSC,S,S1,1,M,ASY,Mid-Atlantic,Chesapeake Bay,-64.67232789,46.75141555,12.0,4/20/2011,5/2/2011,110,122,S,2011,12,7.0,S,W,SM,SM,139,1,3.463255814,0.032876712,5.781055899,0.052631579,0.000378644,14
102352_1,SUSC,S,S2,1,M,ASY,Mid-Atlantic,Chesapeake Bay,-63.9217737,50.2394717,12.0,5/6/2011,5/18/2011,126,138,S,2011,15,12.0,S,S,SD,SM,139,1,3.463255814,0.032876712,5.781055899,0.052631579,0.000378644,15
102352_1,SUSC,B,B1,1,M,ASY,Mid-Atlantic,Chesapeake Bay,-66.44855474,52.76614404,4.0,5/25/2011,5/29/2011,145,149,B,2011,15,15.0,B,S,SM,SM,139,1,3.463255814,0.010958904,5.781055899,0.052631579,0.000378644,18
102352_1,SUSC,M,M1,1,M,ASY,Mid-Atlantic,Chesapeake Bay,-58.21093451,54.08942133,99.0,6/7/2011,9/14/2011,158,257,F,2011,17,15.0,F,B,WM,WM,139,1,3.463255814,0.271232877,5.781055899,0.052631579,0.000378644,16
102352_1,SUSC,M,M2,1,M,ASY,Mid-Atlantic,Chesapeake Bay,-68.80935015,48.80378128,34.0,9/19/2011,10/23/2011,262,296,F,2011,16,17.0,F,F,MD,WM,139,1,3.463255814,0.093150685,5.781055899,0.052631579,0.000378644,13
102352_1,SUSC,W,W1,2,M,ASY,Mid-Atlantic,Chesapeake Bay,-76.11991147,38.08866734,60.04166667,10/28/2011,12/27/2011,301,361,W,2011,7,16.0,W,F,WM,WM,139,1,3.463255814,0.164497717,5.781055899,0.052631579,0.000378644,7
102352_1,SUSC,W,W2,2,M,ASY,Mid-Atlantic,Chesapeake Bay,-76.06216074,37.7829479,12.0,12/28/2011,1/9/2012,362,9,W,2011,7,7.0,W,W,WD,W,139,1,3.463255814,0.032876712,5.781055899,0.052631579,0.000378644,7
102352_1,SUSC,W,W3,2,M,ASY,Mid-Atlantic,Chesapeake Bay,-75.57925663,37.50044559,15.0,1/10/2012,1/25/2012,10,25,W,2012,7,7.0,W,W,WD,W,139,1,3.463255814,0.04109589,5.781055899,0.052631579,0.000378644,7
102352_1,SUSC,W,W4,2,M,ASY,Mid-Atlantic,Chesapeake Bay,-75.15716424,38.99198478,42.0,1/26/2012,3/8/2012,26,68,W,2012,3,7.0,W,W,WD,W,139,1,3.463255814,0.115068493,5.781055899,0.052631579,0.000378644,7
102352_1,SUSC,S,S1,2,M,ASY,Mid-Atlantic,Chesapeake Bay,-72.00627146,41.20899803,9.0,3/12/2012,3/21/2012,72,81,S,2012,2,3.0,S,W,SM,SM,139,1,3.463255814,0.024657534,5.781055899,0.052631579,0.000378644,8
102352_1,SUSC,S,S2,2,M,ASY,Mid-Atlantic,Chesapeake Bay,-63.61709405,46.14758757,6.0,3/25/2012,3/31/2012,85,91,S,2012,12,2.0,S,S,SD,SM,139,1,3.463255814,0.016438356,5.781055899,0.052631579,0.000378644,14
102352_1,SUSC,S,S3,2,M,ASY,Mid-Atlantic,Chesapeake Bay,-64.68156677,48.27619112,9.0,4/4/2012,4/13/2012,95,104,S,2012,12,12.0,S,S,SD,SM,139,1,3.463255814,0.024657534,5.781055899,0.052631579,0.000378644,15
102352_1,SUSC,S,S4,2,M,ASY,Mid-Atlantic,Chesapeake Bay,-66.53691255,50.11406273,10.0,4/17/2012,4/27/2012,108,118,S,2012,15,12.0,S,S,SD,SM,139,1,3.463255814,0.02739726,5.781055899,0.052631579,0.000378644,15
102352_1,SUSC,S,S5,2,M,ASY,Mid-Atlantic,Chesapeake Bay,-61.7982847,50.09759864,7.0,5/2/2012,5/9/2012,123,130,S,2012,15,15.0,S,S,SD,SM,139,1,3.463255814,0.019178082,5.781055899,0.052631579,0.000378644,15
102352_1,SUSC,BM,St,2,M,ASY,Mid-Atlantic,Chesapeake Bay,-65.6632567,50.01036859,5.0,5/14/2012,5/19/2012,135,140,S,2012,15,15.0,S,S,SD,SM,139,1,3.463255814,0.01369863,5.781055899,0.052631579,0.000378644,15
102352_1,SUSC,B,B1,2,M,ASY,Mid-Atlantic,Chesapeake Bay,-69.40773158,54.67478187,6.0,5/26/2012,6/1/2012,147,153,B,2012,22,15.0,B,S,SM,SM,139,1,3.463255814,0.016438356,5.781055899,0.052631579,0.000378644,18
102352_1,SUSC,MM,St,2,M,ASY,Mid-Atlantic,Chesapeake Bay,-75.33031341,56.906734,3.0,6/6/2012,6/9/2012,158,161,F,2012,19,22.0,F,B,WM,WM,139,1,3.463255814,0.008219178,5.781055899,0.052631579,0.000378644,20
102352_1,SUSC,M,M1,2,M,ASY,Mid-Atlantic,Chesapeake Bay,-78.66344368,58.72030123,8.0,6/14/2012,6/22/2012,166,174,F,2012,19,19.0,F,F,MD,WM,139,1,3.463255814,0.021917808,5.781055899,0.052631579,0.000378644,22
102357_1,SUSC,W,W1,1,F,ATY,Quebec,St. Lawrence River,-76.3220121,38.34877379,151.9583333,11/19/2012,4/20/2013,324,110,W,2012,7,16.0,W,F,WM,WM,139,1,3.463255814,0.416324201,8.638051044,0.166666667,0.001199041,7
102357_1,SUSC,SM,St,1,F,ATY,Quebec,St. Lawrence River,-63.95086908,46.36136803,1.0,4/26/2013,4/27/2013,116,117,S,2013,12,7.0,S,W,SM,SM,139,1,3.463255814,0.002739726,8.638051044,0.166666667,0.001199041,14
102357_1,SUSC,S,S1,1,F,ATY,Quebec,St. Lawrence River,-66.46483127,49.92882877,17.0,5/2/2013,5/19/2013,122,139,S,2013,15,12.0,S,S,SD,SM,139,1,3.463255814,0.046575342,8.638051044,0.166666667,0.001199041,15
102357_1,SUSC,BM,St,1,F,ATY,Quebec,St. Lawrence River,-87.42664194,55.02984731,22.0,5/24/2013,6/15/2013,144,166,S,2013,29,15.0,S,S,SD,SM,139,1,3.463255814,0.060273973,8.638051044,0.166666667,0.001199041,23
102357_1,SUSC,B,B1,1,F,ATY,Quebec,St. Lawrence River,-106.5718203,62.18115949,46.0,6/21/2013,8/6/2013,172,218,B,2013,24,29.0,B,S,SM,SM,139,1,3.463255814,0.126027397,8.638051044,0.166666667,0.001199041,2
102359_1,SUSC,W,W1,1,F,ATY,Quebec,St. Lawrence River,-75.20518443,38.84829279,148.9583333,11/10/2012,4/8/2013,315,98,W,2012,3,16.0,W,F,WM,WM,139,1,3.463255814,0.408105023,8.638051044,0.111111111,0.000799361,7
102359_1,SUSC,S,S1,1,F,ATY,Quebec,St. Lawrence River,-63.83277725,46.07685811,18.0,4/18/2013,5/6/2013,108,126,S,2013,12,3.0,S,W,SM,SM,139,1,3.463255814,0.049315068,8.638051044,0.111111111,0.000799361,14
102359_1,SUSC,S,S2,1,F,ATY,Quebec,St. Lawrence River,-63.36555444,50.24560779,7.0,5/13/2013,5/20/2013,133,140,S,2013,15,12.0,S,S,SD,SM,139,1,3.463255814,0.019178082,8.638051044,0.111111111,0.000799361,15
102359_1,SUSC,BM,St,1,F,ATY,Quebec,St. Lawrence River,-65.25922072,50.21644719,2.0,5/23/2013,5/25/2013,143,145,S,2013,15,15.0,S,S,SD,SM,139,1,3.463255814,0.005479452,8.638051044,0.111111111,0.000799361,15
102359_1,SUSC,B,B1,1,F,ATY,Quebec,St. Lawrence River,-67.28394192,56.79148747,54.0,5/29/2013,7/22/2013,149,203,B,2013,22,15.0,B,S,SM,SM,139,1,3.463255814,0.147945205,8.638051044,0.111111111,0.000799361,18
102359_1,SUSC,M,M1,2,F,ATY,Quebec,St. Lawrence River,-61.23182586,56.43927555,10.0,7/26/2013,8/5/2013,207,217,F,2013,17,22.0,F,B,WM,WM,139,1,3.463255814,0.02739726,8.638051044,0.111111111,0.000799361,16
102359_1,SUSC,M,M2,2,F,ATY,Quebec,St. Lawrence River,-69.03600899,48.6889213,71.0,8/13/2013,10/23/2013,225,296,F,2013,16,17.0,F,F,MD,WM,139,1,3.463255814,0.194520548,8.638051044,0.111111111,0.000799361,13
102359_1,SUSC,W,W1,2,F,ATY,Quebec,St. Lawrence River,-75.19193417,38.85120383,62.04166667,10/25/2013,12/26/2013,298,360,W,2013,3,16.0,W,F,WM,WM,139,1,3.463255814,0.169977169,8.638051044,0.111111111,0.000799361,7
102360_1,SUSC,S,S1,1,M,ASY,Mid-Atlantic,Chesapeake Bay,-64.63866994,46.00721205,5.0,4/30/2011,5/5/2011,120,125,S,2011,12,7.0,S,W,SM,SM,139,1,3.463255814,0.01369863,5.781055899,0.041666667,0.00029976,14
102360_1,SUSC,S,S2,1,M,ASY,Mid-Atlantic,Chesapeake Bay,-63.50196932,49.32674686,5.0,5/10/2011,5/15/2011,130,135,S,2011,15,12.0,S,S,SD,SM,139,1,3.463255814,0.01369863,5.781055899,0.041666667,0.00029976,15
102360_1,SUSC,B,B1,1,M,ASY,Mid-Atlantic,Chesapeake Bay,-71.6666593,51.96036914,10.0,5/22/2011,6/1/2011,142,152,B,2011,20,15.0,B,S,SM,SM,139,1,3.463255814,0.02739726,5.781055899,0.041666667,0.00029976,13
102360_1,SUSC,B,B2,1,M,ASY,Mid-Atlantic,Chesapeake Bay,-68.14619813,55.13509502,9.0,6/5/2011,6/14/2011,156,165,B,2011,22,20.0,B,B,BD,B,139,1,3.463255814,0.024657534,5.781055899,0.041666667,0.00029976,18
102360_1,SUSC,M,M1,1,M,ASY,Mid-Atlantic,Chesapeake Bay,-79.61003863,51.99051373,64.0,6/19/2011,8/22/2011,170,234,F,2011,14,22.0,F,B,WM,WM,139,1,3.463255814,0.175342466,5.781055899,0.041666667,0.00029976,19
102360_1,SUSC,M,M2,1,M,ASY,Mid-Atlantic,Chesapeake Bay,-79.34017232,53.72501664,22.0,8/23/2011,9/14/2011,235,257,F,2011,23,14.0,F,F,MD,WM,139,1,3.463255814,0.060273973,5.781055899,0.041666667,0.00029976,19
102360_1,SUSC,M,M3,1,M,ASY,Mid-Atlantic,Chesapeake Bay,-64.97894857,46.91346519,35.0,9/19/2011,10/24/2011,262,297,F,2011,12,23.0,F,F,MD,WM,139,1,3.463255814,0.095890411,5.781055899,0.041666667,0.00029976,14
102360_1,SUSC,WM,St,1,M,ASY,Mid-Atlantic,Chesapeake Bay,-70.06439316,41.92963739,2.0,10/29/2011,10/31/2011,302,304,F,2011,1,12.0,F,F,MD,WM,139,1,3.463255814,0.005479452,5.781055899,0.041666667,0.00029976,9
102360_1,SUSC,W,W1,2,M,ASY,Mid-Atlantic,Chesapeake Bay,-75.99559632,37.51845062,52.04166667,11/4/2011,12/26/2011,308,360,W,2011,7,1.0,W,F,WM,WM,139,1,3.463255814,0.142579909,5.781055899,0.041666667,0.00029976,7
102360_1,SUSC,W,W2,2,M,ASY,Mid-Atlantic,Chesapeake Bay,-76.30788832,38.20435976,27.0,12/27/2011,1/23/2012,361,23,W,2011,7,7.0,W,W,WD,W,139,1,3.463255814,0.073972603,5.781055899,0.041666667,0.00029976,7
102360_1,SUSC,W,W3,2,M,ASY,Mid-Atlantic,Chesapeake Bay,-75.19152692,38.64921649,46.0,1/24/2012,3/10/2012,24,70,W,2012,3,7.0,W,W,WD,W,139,1,3.463255814,0.126027397,5.781055899,0.041666667,0.00029976,7
102360_1,SUSC,W,W4,2,M,ASY,Mid-Atlantic,Chesapeake Bay,-74.45113818,39.41857157,13.95833333,3/11/2012,3/25/2012,71,85,W,2012,3,3.0,W,W,WD,W,139,1,3.463255814,0.038242009,5.781055899,0.041666667,0.00029976,7
102360_1,SUSC,S,S1,2,M,ASY,Mid-Atlantic,Chesapeake Bay,-62.94531408,49.57728112,21.0,3/31/2012,4/21/2012,91,112,S,2012,15,3.0,S,W,SM,SM,139,1,3.463255814,0.057534247,5.781055899,0.041666667,0.00029976,15
102360_1,SUSC,S,S2,2,M,ASY,Mid-Atlantic,Chesapeake Bay,-63.10630039,49.94061296,14.0,4/25/2012,5/9/2012,116,130,S,2012,15,15.0,S,S,SD,SM,139,1,3.463255814,0.038356164,5.781055899,0.041666667,0.00029976,15
102360_1,SUSC,B,B1,2,M,ASY,Mid-Atlantic,Chesapeake Bay,-71.0755287,52.34318188,6.0,5/17/2012,5/23/2012,138,144,B,2012,20,15.0,B,S,SM,SM,139,1,3.463255814,0.016438356,5.781055899,0.041666667,0.00029976,20
102360_1,SUSC,B,B2,2,M,ASY,Mid-Atlantic,Chesapeake Bay,-68.62382054,54.68431925,10.0,5/25/2012,6/4/2012,146,156,B,2012,22,20.0,B,B,BD,B,139,1,3.463255814,0.02739726,5.781055899,0.041666667,0.00029976,18
102360_1,SUSC,M,M1,2,M,ASY,Mid-Atlantic,Chesapeake Bay,-79.28173156,54.84931502,6.0,6/10/2012,6/16/2012,162,168,F,2012,23,22.0,F,B,WM,WM,139,1,3.463255814,0.016438356,5.781055899,0.041666667,0.00029976,19
102360_1,SUSC,M,M2,2,M,ASY,Mid-Atlantic,Chesapeake Bay,-79.14496993,52.09434561,78.0,6/20/2012,9/6/2012,172,250,F,2012,14,23.0,F,F,MD,WM,139,1,3.463255814,0.21369863,5.781055899,0.041666667,0.00029976,19
102360_1,SUSC,M,M3,2,M,ASY,Mid-Atlantic,Chesapeake Bay,-65.36289868,47.11467414,33.0,9/13/2012,10/16/2012,257,290,F,2012,12,14.0,F,F,MD,WM,139,1,3.463255814,0.090410959,5.781055899,0.041666667,0.00029976,14
102360_1,SUSC,W,W1,3,M,ASY,Mid-Atlantic,Chesapeake Bay,-75.97043579,37.52137823,116.0416667,10/23/2012,2/16/2013,297,47,W,2012,7,12.0,W,F,WM,WM,139,1,3.463255814,0.317922374,5.781055899,0.041666667,0.00029976,7
102360_1,SUSC,W,W2,3,M,ASY,Mid-Atlantic,Chesapeake Bay,-74.7919379,39.00043195,36.95833333,2/21/2013,3/30/2013,52,89,W,2013,3,7.0,W,W,WD,W,139,1,3.463255814,0.101255708,5.781055899,0.041666667,0.00029976,7
102360_1,SUSC,S,S1,3,M,ASY,Mid-Atlantic,Chesapeake Bay,-63.43799887,48.27700802,29.0,4/4/2013,5/3/2013,94,123,S,2013,12,3.0,S,W,SM,SM,139,1,3.463255814,0.079452055,5.781055899,0.041666667,0.00029976,15
102360_1,SUSC,S,S2,3,M,ASY,Mid-Atlantic,Chesapeake Bay,-70.70863086,53.74007086,43.0,5/7/2013,6/19/2013,127,170,S,2013,20,12.0,S,S,SD,SM,139,1,3.463255814,0.117808219,5.781055899,0.041666667,0.00029976,20
102361_1,SUSC,S,S1,1,M,ASY,Mid-Atlantic,Chesapeake Bay,-80.38205581,42.46964475,12.0,5/4/2011,5/16/2011,124,136,S,2011,9,7.0,S,W,SM,SM,139,1,3.463255814,0.032876712,5.781055899,0.066666667,0.000479616,12
102361_1,SUSC,B,B1,1,M,ASY,Mid-Atlantic,Chesapeake Bay,-98.21447916,58.77765898,4.0,5/30/2011,6/3/2011,150,154,B,2011,18,9.0,B,S,SM,SM,139,1,3.463255814,0.010958904,5.781055899,0.066666667,0.000479616,24
102361_1,SUSC,M,M1,1,M,ASY,Mid-Atlantic,Chesapeake Bay,-79.50746501,56.33077654,84.0,6/23/2011,9/15/2011,174,258,F,2011,23,18.0,F,B,WM,WM,139,1,3.463255814,0.230136986,5.781055899,0.066666667,0.000479616,22
102361_1,SUSC,M,M2,1,M,ASY,Mid-Atlantic,Chesapeake Bay,-68.34287397,48.96946281,12.0,9/23/2011,10/5/2011,266,278,F,2011,16,23.0,F,F,MD,WM,139,1,3.463255814,0.032876712,5.781055899,0.066666667,0.000479616,13
102361_1,SUSC,M,M3,1,M,ASY,Mid-Atlantic,Chesapeake Bay,-64.54921229,48.06369595,11.0,10/11/2011,10/22/2011,284,295,F,2011,12,16.0,F,F,MD,WM,139,1,3.463255814,0.030136986,5.781055899,0.066666667,0.000479616,15
102361_1,SUSC,W,W1,2,M,ASY,Mid-Atlantic,Chesapeake Bay,-75.81548589,38.51621842,145.0,11/3/2011,3/27/2012,307,87,W,2011,7,12.0,W,F,WM,WM,139,1,3.463255814,0.397260274,5.781055899,0.066666667,0.000479616,7
102361_1,SUSC,S,S1,2,M,ASY,Mid-Atlantic,Chesapeake Bay,-76.79436508,43.94818457,7.0,4/1/2012,4/8/2012,92,99,S,2012,10,7.0,S,W,SM,SM,139,1,3.463255814,0.019178082,5.781055899,0.066666667,0.000479616,12
102361_1,SUSC,S,S2,2,M,ASY,Mid-Atlantic,Chesapeake Bay,-81.91308021,43.21855281,11.0,4/23/2012,5/4/2012,114,125,S,2012,9,10.0,S,S,SD,SM,139,1,3.463255814,0.030136986,5.781055899,0.066666667,0.000479616,12
102361_1,SUSC,B,B1,2,M,ASY,Mid-Atlantic,Chesapeake Bay,-93.94041046,55.37545768,33.0,5/13/2012,6/15/2012,134,167,B,2012,18,9.0,B,S,SM,SM,139,1,3.463255814,0.090410959,5.781055899,0.066666667,0.000479616,24
102361_1,SUSC,M,M1,2,M,ASY,Mid-Atlantic,Chesapeake Bay,-79.25711237,56.50254385,77.0,7/11/2012,9/26/2012,193,270,F,2012,23,18.0,F,B,WM,WM,139,1,3.463255814,0.210958904,5.781055899,0.066666667,0.000479616,22
102361_1,SUSC,M,M2,2,M,ASY,Mid-Atlantic,Chesapeake Bay,-68.35723835,49.02522985,15.0,10/1/2012,10/16/2012,275,290,F,2012,16,23.0,F,F,MD,WM,139,1,3.463255814,0.04109589,5.781055899,0.066666667,0.000479616,13
102361_1,SUSC,W,W1,3,M,ASY,Mid-Atlantic,Chesapeake Bay,-76.03643378,37.85866746,28.0,11/28/2012,12/26/2012,333,361,W,2012,7,16.0,W,F,WM,WM,139,1,3.463255814,0.076712329,5.781055899,0.066666667,0.000479616,7
102361_1,SUSC,W,W2,3,M,ASY,Mid-Atlantic,Chesapeake Bay,-75.263923,39.11454771,83.95833333,1/5/2013,3/30/2013,5,89,W,2013,3,7.0,W,W,WD,W,139,1,3.463255814,0.230022831,5.781055899,0.066666667,0.000479616,7
102361_1,SUSC,M,M1,3,M,ASY,Mid-Atlantic,Chesapeake Bay,-76.61568813,57.24958873,0.0,7/8/2013,7/8/2013,189,189,F,2013,19,3.0,F,W,SM,SM,139,1,3.463255814,0.0,5.781055899,0.066666667,0.000479616,20
102363_1,SUSC,SM,St,1,M,ASY,Mid-Atlantic,Chesapeake Bay,-62.85827727,45.95566706,2.0,4/30/2011,5/2/2011,120,122,S,2011,12,7.0,S,W,SM,SM,139,1,3.463255814,0.005479452,5.781055899,0.05,0.000359712,14
102363_1,SUSC,S,S1,1,M,ASY,Mid-Atlantic,Chesapeake Bay,-64.29928034,48.74922987,12.0,5/7/2011,5/19/2011,127,139,S,2011,12,12.0,S,S,SD,SM,139,1,3.463255814,0.032876712,5.781055899,0.05,0.000359712,15
102363_1,SUSC,B,B1,1,M,ASY,Mid-Atlantic,Chesapeake Bay,-68.43659276,53.37015515,6.0,6/1/2011,6/7/2011,152,158,B,2011,20,12.0,B,S,SM,SM,139,1,3.463255814,0.016438356,5.781055899,0.05,0.000359712,18
102363_1,SUSC,M,M1,1,M,ASY,Mid-Atlantic,Chesapeake Bay,-67.4493609,49.30903195,3.0,6/12/2011,6/15/2011,163,166,F,2011,16,20.0,F,B,WM,WM,139,1,3.463255814,0.008219178,5.781055899,0.05,0.000359712,15
102363_1,SUSC,M,M2,1,M,ASY,Mid-Atlantic,Chesapeake Bay,-79.54228923,52.00619979,73.0,6/22/2011,9/3/2011,173,246,F,2011,14,16.0,F,F,MD,WM,139,1,3.463255814,0.2,5.781055899,0.05,0.000359712,19
102363_1,SUSC,M,M3,1,M,ASY,Mid-Atlantic,Chesapeake Bay,-68.62906982,48.88415621,44.0,9/8/2011,10/22/2011,251,295,F,2011,16,14.0,F,F,MD,WM,139,1,3.463255814,0.120547945,5.781055899,0.05,0.000359712,13
102363_1,SUSC,W,W1,2,M,ASY,Mid-Atlantic,Chesapeake Bay,-76.07445744,38.10714182,114.0416667,10/31/2011,2/22/2012,304,53,W,2011,7,16.0,W,F,WM,WM,139,1,3.463255814,0.312442922,5.781055899,0.05,0.000359712,7
102363_1,SUSC,W,W2,2,M,ASY,Mid-Atlantic,Chesapeake Bay,-75.21139434,38.92003127,37.95833333,2/23/2012,4/1/2012,54,92,W,2012,3,7.0,W,W,WD,W,139,1,3.463255814,0.103995434,5.781055899,0.05,0.000359712,7
102363_1,SUSC,S,S1,2,M,ASY,Mid-Atlantic,Chesapeake Bay,-63.85363826,46.5172944,25.0,4/9/2012,5/4/2012,100,125,S,2012,12,3.0,S,W,SM,SM,139,1,3.463255814,0.068493151,5.781055899,0.05,0.000359712,14
102363_1,SUSC,B,B1,2,M,ASY,Mid-Atlantic,Chesapeake Bay,-71.85186174,52.01229544,28.0,5/13/2012,6/10/2012,134,162,B,2012,20,12.0,B,S,SM,SM,139,1,3.463255814,0.076712329,5.781055899,0.05,0.000359712,13
102363_1,SUSC,M,M1,2,M,ASY,Mid-Atlantic,Chesapeake Bay,-79.21635124,52.23457162,74.0,6/16/2012,8/29/2012,168,242,F,2012,14,20.0,F,B,WM,WM,139,1,3.463255814,0.202739726,5.781055899,0.05,0.000359712,19
102363_1,SUSC,M,M2,2,M,ASY,Mid-Atlantic,Chesapeake Bay,-68.81818427,48.8028366,46.0,9/6/2012,10/22/2012,250,296,F,2012,16,14.0,F,F,MD,WM,139,1,3.463255814,0.126027397,5.781055899,0.05,0.000359712,13
102363_1,SUSC,W,W1,3,M,ASY,Mid-Atlantic,Chesapeake Bay,-75.98592779,37.92664987,44.04166667,10/27/2012,12/10/2012,301,345,W,2012,7,16.0,W,F,WM,WM,139,1,3.463255814,0.1206621,5.781055899,0.05,0.000359712,7
102363_1,SUSC,W,W2,3,M,ASY,Mid-Atlantic,Chesapeake Bay,-76.28225687,35.27645949,24.0,12/14/2012,1/7/2013,349,7,W,2012,8,7.0,W,W,WD,W,139,1,3.463255814,0.065753425,5.781055899,0.05,0.000359712,7
102363_1,SUSC,W,W3,3,M,ASY,Mid-Atlantic,Chesapeake Bay,-75.72905471,37.60254522,45.0,1/13/2013,2/27/2013,13,58,W,2013,7,8.0,W,W,WD,W,139,1,3.463255814,0.123287671,5.781055899,0.05,0.000359712,7
102363_1,SUSC,W,W4,3,M,ASY,Mid-Atlantic,Chesapeake Bay,-75.12812925,38.99276221,26.95833333,3/4/2013,3/31/2013,63,90,W,2013,3,7.0,W,W,WD,W,139,1,3.463255814,0.073858447,5.781055899,0.05,0.000359712,7
102363_1,SUSC,SM,St,3,M,ASY,Mid-Atlantic,Chesapeake Bay,-66.42499321,45.13664424,2.0,4/13/2013,4/15/2013,103,105,S,2013,5,3.0,S,W,SM,SM,139,1,3.463255814,0.005479452,5.781055899,0.05,0.000359712,14
102363_1,SUSC,S,S1,3,M,ASY,Mid-Atlantic,Chesapeake Bay,-63.90694535,46.47665137,16.0,4/17/2013,5/3/2013,107,123,S,2013,12,5.0,S,S,SD,SM,139,1,3.463255814,0.043835616,5.781055899,0.05,0.000359712,14
102363_1,SUSC,B,B1,3,M,ASY,Mid-Atlantic,Chesapeake Bay,-74.08423452,53.5612465,13.0,5/16/2013,5/29/2013,136,149,B,2013,20,12.0,B,S,SM,SM,139,1,3.463255814,0.035616438,5.781055899,0.05,0.000359712,20
104897_1,SUSC,S,S1,1,M,ASY,Mid-Atlantic,Chesapeake Bay,-72.47352041,41.13819639,12.0,4/2/2011,4/14/2011,92,104,S,2011,2,7.0,S,W,SM,SM,139,1,3.463255814,0.032876712,5.781055899,0.043478261,0.000312793,8
104897_1,SUSC,S,S2,1,M,ASY,Mid-Atlantic,Chesapeake Bay,-63.90568498,46.38673944,22.0,4/18/2011,5/10/2011,108,130,S,2011,12,2.0,S,S,SD,SM,139,1,3.463255814,0.060273973,5.781055899,0.043478261,0.000312793,14
104897_1,SUSC,S,S3,1,M,ASY,Mid-Atlantic,Chesapeake Bay,-65.33276583,49.17317671,8.0,5/15/2011,5/23/2011,135,143,S,2011,12,12.0,S,S,SD,SM,139,1,3.463255814,0.021917808,5.781055899,0.043478261,0.000312793,15
104897_1,SUSC,B,B1,1,M,ASY,Mid-Atlantic,Chesapeake Bay,-71.92194138,52.83606817,12.0,5/27/2011,6/8/2011,147,159,B,2011,20,12.0,B,S,SM,SM,139,1,3.463255814,0.032876712,5.781055899,0.043478261,0.000312793,20
104897_1,SUSC,M,M1,1,M,ASY,Mid-Atlantic,Chesapeake Bay,-58.90479052,54.10560564,79.0,6/14/2011,9/1/2011,165,244,F,2011,17,20.0,F,B,WM,WM,139,1,3.463255814,0.216438356,5.781055899,0.043478261,0.000312793,16
104897_1,SUSC,M,M2,1,M,ASY,Mid-Atlantic,Chesapeake Bay,-68.58323547,48.88402457,19.0,9/10/2011,9/29/2011,253,272,F,2011,16,17.0,F,F,MD,WM,139,1,3.463255814,0.052054795,5.781055899,0.043478261,0.000312793,13
104897_1,SUSC,M,M3,1,M,ASY,Mid-Atlantic,Chesapeake Bay,-67.66704116,49.12059954,23.0,10/1/2011,10/24/2011,274,297,F,2011,16,16.0,F,F,MD,WM,139,1,3.463255814,0.063013699,5.781055899,0.043478261,0.000312793,15
104897_1,SUSC,W,W1,2,M,ASY,Mid-Atlantic,Chesapeake Bay,-76.02544774,37.62634707,104.0416667,10/29/2011,2/10/2012,302,41,W,2011,7,16.0,W,F,WM,WM,139,1,3.463255814,0.285045662,5.781055899,0.043478261,0.000312793,7
104897_1,SUSC,W,W2,2,M,ASY,Mid-Atlantic,Chesapeake Bay,-75.95720454,36.9378194,48.95833333,2/11/2012,3/31/2012,42,91,W,2012,7,7.0,W,W,WD,W,139,1,3.463255814,0.13413242,5.781055899,0.043478261,0.000312793,7
104897_1,SUSC,S,S1,2,M,ASY,Mid-Atlantic,Chesapeake Bay,-72.39584976,41.25424033,12.0,4/4/2012,4/16/2012,95,107,S,2012,2,7.0,S,W,SM,SM,139,1,3.463255814,0.032876712,5.781055899,0.043478261,0.000312793,8
104897_1,SUSC,S,S2,2,M,ASY,Mid-Atlantic,Chesapeake Bay,-66.60455387,48.99767967,26.0,4/20/2012,5/16/2012,111,137,S,2012,31,2.0,S,S,SD,SM,139,1,3.463255814,0.071232877,5.781055899,0.043478261,0.000312793,15
104897_1,SUSC,B,B1,2,M,ASY,Mid-Atlantic,Chesapeake Bay,-71.64910619,53.25762171,6.0,5/20/2012,5/26/2012,141,147,B,2012,20,31.0,B,S,SM,SM,139,1,3.463255814,0.016438356,5.781055899,0.043478261,0.000312793,20
104897_1,SUSC,B,B2,2,M,ASY,Mid-Atlantic,Chesapeake Bay,-72.92109823,54.09101129,8.0,6/4/2012,6/12/2012,156,164,B,2012,20,20.0,B,B,BD,B,139,1,3.463255814,0.021917808,5.781055899,0.043478261,0.000312793,20
104897_1,SUSC,M,M1,2,M,ASY,Mid-Atlantic,Chesapeake Bay,-66.02758519,55.49759091,3.0,6/16/2012,6/19/2012,168,171,F,2012,15,20.0,F,B,WM,WM,139,1,3.463255814,0.008219178,5.781055899,0.043478261,0.000312793,18
104897_1,SUSC,M,M2,2,M,ASY,Mid-Atlantic,Chesapeake Bay,-59.24068976,54.05167233,76.0,6/27/2012,9/11/2012,179,255,F,2012,17,15.0,F,F,MD,WM,139,1,3.463255814,0.208219178,5.781055899,0.043478261,0.000312793,16
104897_1,SUSC,M,M3,2,M,ASY,Mid-Atlantic,Chesapeake Bay,-68.46683933,48.98982523,34.0,9/17/2012,10/21/2012,261,295,F,2012,16,17.0,F,F,MD,WM,139,1,3.463255814,0.093150685,5.781055899,0.043478261,0.000312793,13
104897_1,SUSC,W,W1,3,M,ASY,Mid-Atlantic,Chesapeake Bay,-75.14066003,39.0691932,13.04166667,11/2/2012,11/15/2012,307,320,W,2012,3,16.0,W,F,WM,WM,139,1,3.463255814,0.035730594,5.781055899,0.043478261,0.000312793,7
104897_1,SUSC,W,W2,3,M,ASY,Mid-Atlantic,Chesapeake Bay,-76.11776256,37.85909289,48.0,11/18/2012,1/5/2013,323,5,W,2012,7,3.0,W,W,WD,W,139,1,3.463255814,0.131506849,5.781055899,0.043478261,0.000312793,7
104897_1,SUSC,W,W3,3,M,ASY,Mid-Atlantic,Chesapeake Bay,-75.17136585,38.75237929,23.0,1/6/2013,1/29/2013,6,29,W,2013,3,7.0,W,W,WD,W,139,1,3.463255814,0.063013699,5.781055899,0.043478261,0.000312793,7
104897_1,SUSC,W,W4,3,M,ASY,Mid-Atlantic,Chesapeake Bay,-75.16088141,39.02376492,45.95833333,1/30/2013,3/17/2013,30,76,W,2013,3,3.0,W,W,WD,W,139,1,3.463255814,0.125913242,5.781055899,0.043478261,0.000312793,7
104897_1,SUSC,S,S1,3,M,ASY,Mid-Atlantic,Chesapeake Bay,-72.70628376,40.74510226,13.0,3/21/2013,4/3/2013,80,93,S,2013,2,3.0,S,W,SM,SM,139,1,3.463255814,0.035616438,5.781055899,0.043478261,0.000312793,8
104897_1,SUSC,S,S2,3,M,ASY,Mid-Atlantic,Chesapeake Bay,-64.70341682,47.25705929,32.0,4/10/2013,5/12/2013,100,132,S,2013,12,2.0,S,S,SD,SM,139,1,3.463255814,0.087671233,5.781055899,0.043478261,0.000312793,14
104902_1,SUSC,S,S1,1,M,ASY,Mid-Atlantic,Chesapeake Bay,-70.50458367,41.40748138,12.0,4/22/2011,5/4/2011,112,124,S,2011,1,7.0,S,W,SM,SM,139,1,3.463255814,0.032876712,5.781055899,0.043478261,0.000312793,8
104902_1,SUSC,S,S2,1,M,ASY,Mid-Atlantic,Chesapeake Bay,-63.96320309,46.0798799,6.0,5/8/2011,5/14/2011,128,134,S,2011,12,1.0,S,S,SD,SM,139,1,3.463255814,0.016438356,5.781055899,0.043478261,0.000312793,14
104902_1,SUSC,S,S3,1,M,ASY,Mid-Atlantic,Chesapeake Bay,-62.4188175,50.06676674,8.0,5/18/2011,5/26/2011,138,146,S,2011,15,12.0,S,S,SD,SM,139,1,3.463255814,0.021917808,5.781055899,0.043478261,0.000312793,15
104902_1,SUSC,M,M1,1,M,ASY,Mid-Atlantic,Chesapeake Bay,-56.88479113,53.88744889,12.0,6/1/2011,6/13/2011,152,164,F,2011,17,15.0,F,S,SM,SM,139,1,3.463255814,0.032876712,5.781055899,0.043478261,0.000312793,16
104902_1,SUSC,M,M2,1,M,ASY,Mid-Atlantic,Chesapeake Bay,-59.24071955,55.34551718,2.0,6/17/2011,6/19/2011,168,170,F,2011,17,17.0,F,F,MD,WM,139,1,3.463255814,0.005479452,5.781055899,0.043478261,0.000312793,16
104902_1,SUSC,M,M3,1,M,ASY,Mid-Atlantic,Chesapeake Bay,-78.66607192,58.78418157,72.0,6/29/2011,9/9/2011,180,252,F,2011,19,17.0,F,F,MD,WM,139,1,3.463255814,0.197260274,5.781055899,0.043478261,0.000312793,22
104902_1,SUSC,M,M4,1,M,ASY,Mid-Atlantic,Chesapeake Bay,-76.65161507,57.29671661,8.0,9/13/2011,9/21/2011,256,264,F,2011,19,19.0,F,F,MD,WM,139,1,3.463255814,0.021917808,5.781055899,0.043478261,0.000312793,20
104902_1,SUSC,M,M5,1,M,ASY,Mid-Atlantic,Chesapeake Bay,-64.32625248,46.46793252,9.0,9/30/2011,10/9/2011,273,282,F,2011,12,19.0,F,F,MD,WM,139,1,3.463255814,0.024657534,5.781055899,0.043478261,0.000312793,14
104902_1,SUSC,W,W1,2,M,ASY,Mid-Atlantic,Chesapeake Bay,-70.57092784,42.0829421,19.0,10/13/2011,11/1/2011,286,305,W,2011,1,12.0,W,F,WM,WM,139,1,3.463255814,0.052054795,5.781055899,0.043478261,0.000312793,9
104902_1,SUSC,W,W2,2,M,ASY,Mid-Atlantic,Chesapeake Bay,-76.0343051,38.05181698,52.04166667,11/6/2011,12/28/2011,310,362,W,2011,7,1.0,W,W,WD,W,139,1,3.463255814,0.142579909,5.781055899,0.043478261,0.000312793,7
104902_1,SUSC,W,W3,2,M,ASY,Mid-Atlantic,Chesapeake Bay,-75.91490003,36.969451,48.0,12/29/2011,2/15/2012,363,46,W,2011,7,7.0,W,W,WD,W,139,1,3.463255814,0.131506849,5.781055899,0.043478261,0.000312793,7
104902_1,SUSC,W,W4,2,M,ASY,Mid-Atlantic,Chesapeake Bay,-75.06276895,39.06820616,35.95833333,2/22/2012,3/29/2012,53,89,W,2012,3,7.0,W,W,WD,W,139,1,3.463255814,0.098515982,5.781055899,0.043478261,0.000312793,7
104902_1,SUSC,S,S1,2,M,ASY,Mid-Atlantic,Chesapeake Bay,-63.82783901,46.04049134,29.0,4/6/2012,5/5/2012,97,126,S,2012,12,3.0,S,W,SM,SM,139,1,3.463255814,0.079452055,5.781055899,0.043478261,0.000312793,14
104902_1,SUSC,S,S2,2,M,ASY,Mid-Atlantic,Chesapeake Bay,-65.34467813,50.19141878,9.0,5/10/2012,5/19/2012,131,140,S,2012,15,12.0,S,S,SD,SM,139,1,3.463255814,0.024657534,5.781055899,0.043478261,0.000312793,15
104902_1,SUSC,M,M1,2,M,ASY,Mid-Atlantic,Chesapeake Bay,-76.68932535,57.34196803,9.0,6/6/2012,6/15/2012,158,167,F,2012,19,15.0,F,S,SM,SM,139,1,3.463255814,0.024657534,5.781055899,0.043478261,0.000312793,20
104902_1,SUSC,M,M2,2,M,ASY,Mid-Atlantic,Chesapeake Bay,-78.74877201,58.76662827,58.0,6/20/2012,8/17/2012,172,230,F,2012,19,19.0,F,F,MD,WM,139,1,3.463255814,0.15890411,5.781055899,0.043478261,0.000312793,22
104902_1,SUSC,M,M3,2,M,ASY,Mid-Atlantic,Chesapeake Bay,-79.18336988,54.83827853,9.0,8/25/2012,9/3/2012,238,247,F,2012,23,19.0,F,F,MD,WM,139,1,3.463255814,0.024657534,5.781055899,0.043478261,0.000312793,19
104902_1,SUSC,M,M4,2,M,ASY,Mid-Atlantic,Chesapeake Bay,-64.58532612,47.64997398,29.0,9/17/2012,10/16/2012,261,290,F,2012,12,23.0,F,F,MD,WM,139,1,3.463255814,0.079452055,5.781055899,0.043478261,0.000312793,14
104902_1,SUSC,W,W1,3,M,ASY,Mid-Atlantic,Chesapeake Bay,-75.40747527,38.96896112,45.04166667,10/30/2012,12/14/2012,304,349,W,2012,3,12.0,W,F,WM,WM,139,1,3.463255814,0.123401826,5.781055899,0.043478261,0.000312793,7
104902_1,SUSC,W,W2,3,M,ASY,Mid-Atlantic,Chesapeake Bay,-75.34992304,37.89427063,23.0,12/18/2012,1/10/2013,353,10,W,2012,3,3.0,W,W,WD,W,139,1,3.463255814,0.063013699,5.781055899,0.043478261,0.000312793,7
104902_1,SUSC,W,W3,3,M,ASY,Mid-Atlantic,Chesapeake Bay,-75.38022466,38.63690228,74.95833333,1/24/2013,4/9/2013,24,99,W,2013,3,3.0,W,W,WD,W,139,1,3.463255814,0.205365297,5.781055899,0.043478261,0.000312793,7
104902_1,SUSC,S,S1,3,M,ASY,Mid-Atlantic,Chesapeake Bay,-67.73478667,46.05861992,12.0,4/15/2013,4/27/2013,105,117,S,2013,16,3.0,S,W,SM,SM,139,1,3.463255814,0.032876712,5.781055899,0.043478261,0.000312793,9
104905_1,SUSC,S,S1,1,M,ASY,Mid-Atlantic,Chesapeake Bay,-63.29756593,45.73379058,23.0,4/23/2011,5/16/2011,113,136,S,2011,12,7.0,S,W,SM,SM,139,1,3.463255814,0.063013699,5.781055899,0.0625,0.00044964,14
104905_1,SUSC,S,S2,1,M,ASY,Mid-Atlantic,Chesapeake Bay,-64.49446473,48.87478617,8.0,5/21/2011,5/29/2011,141,149,S,2011,12,12.0,S,S,SD,SM,139,1,3.463255814,0.021917808,5.781055899,0.0625,0.00044964,15
104905_1,SUSC,S,S3,1,M,ASY,Mid-Atlantic,Chesapeake Bay,-68.7471951,48.84478149,13.0,6/3/2011,6/16/2011,154,167,S,2011,16,12.0,S,S,SD,SM,139,1,3.463255814,0.035616438,5.781055899,0.0625,0.00044964,13
104905_1,SUSC,M,M1,1,M,ASY,Mid-Atlantic,Chesapeake Bay,-68.59845699,49.0051691,52.0,6/27/2011,8/18/2011,178,230,F,2011,16,16.0,F,S,SM,SM,139,1,3.463255814,0.142465753,5.781055899,0.0625,0.00044964,13
104905_1,SUSC,M,M2,1,M,ASY,Mid-Atlantic,Chesapeake Bay,-63.24139117,45.77631218,55.0,8/27/2011,10/21/2011,239,294,F,2011,12,16.0,F,F,MD,WM,139,1,3.463255814,0.150684932,5.781055899,0.0625,0.00044964,14
104905_1,SUSC,W,W1,2,M,ASY,Mid-Atlantic,Chesapeake Bay,-76.10000378,38.13011337,58.04166667,10/29/2011,12/26/2011,302,360,W,2011,7,12.0,W,F,WM,WM,139,1,3.463255814,0.159018265,5.781055899,0.0625,0.00044964,7
104905_1,SUSC,W,W2,2,M,ASY,Mid-Atlantic,Chesapeake Bay,-75.22322747,39.01434051,12.0,1/8/2012,1/20/2012,8,20,W,2012,3,7.0,W,W,WD,W,139,1,3.463255814,0.032876712,5.781055899,0.0625,0.00044964,7
104905_1,SUSC,W,W3,2,M,ASY,Mid-Atlantic,Chesapeake Bay,-75.93931103,36.96626446,28.0,1/25/2012,2/22/2012,25,53,W,2012,7,3.0,W,W,WD,W,139,1,3.463255814,0.076712329,5.781055899,0.0625,0.00044964,7
104905_1,SUSC,W,W4,2,M,ASY,Mid-Atlantic,Chesapeake Bay,-76.26210268,38.64505731,32.95833333,2/27/2012,3/31/2012,58,91,W,2012,7,7.0,W,W,WD,W,139,1,3.463255814,0.090296804,5.781055899,0.0625,0.00044964,7
104905_1,SUSC,S,S1,2,M,ASY,Mid-Atlantic,Chesapeake Bay,-63.32440075,45.75440273,20.0,4/7/2012,4/27/2012,98,118,S,2012,12,7.0,S,W,SM,SM,139,1,3.463255814,0.054794521,5.781055899,0.0625,0.00044964,14
104905_1,SUSC,S,S2,2,M,ASY,Mid-Atlantic,Chesapeake Bay,-64.19789708,48.11531682,3.0,5/2/2012,5/5/2012,123,126,S,2012,12,12.0,S,S,SD,SM,139,1,3.463255814,0.008219178,5.781055899,0.0625,0.00044964,15
104905_1,SUSC,M,M1,2,M,ASY,Mid-Atlantic,Chesapeake Bay,-65.22462131,50.22078453,13.0,5/10/2012,5/23/2012,131,144,F,2012,15,12.0,F,S,SM,SM,139,1,3.463255814,0.035616438,5.781055899,0.0625,0.00044964,15
104905_1,SUSC,M,M2,2,M,ASY,Mid-Atlantic,Chesapeake Bay,-69.10952141,48.18681908,73.0,6/2/2012,8/14/2012,154,227,F,2012,16,15.0,F,F,MD,WM,139,1,3.463255814,0.2,5.781055899,0.0625,0.00044964,13
104905_1,SUSC,M,M3,2,M,ASY,Mid-Atlantic,Chesapeake Bay,-63.30029604,45.77183409,72.04166667,8/25/2012,11/5/2012,238,310,F,2012,12,16.0,F,F,MD,WM,139,1,3.463255814,0.197374429,5.781055899,0.0625,0.00044964,14
104905_1,SUSC,W,W1,3,M,ASY,Mid-Atlantic,Chesapeake Bay,-76.15633105,38.3663575,17.0,12/30/2012,1/16/2013,365,16,W,2012,7,12.0,W,F,WM,WM,139,1,3.463255814,0.046575342,5.781055899,0.0625,0.00044964,7
104906_1,SUSC,S,S1,1,M,ASY,Mid-Atlantic,Chesapeake Bay,-70.17683967,41.74600943,6.0,4/21/2011,4/27/2011,111,117,S,2011,1,7.0,S,W,SM,SM,139,1,3.463255814,0.016438356,5.781055899,0.0625,0.00044964,9
104906_1,SUSC,S,S2,1,M,ASY,Mid-Atlantic,Chesapeake Bay,-64.83951814,45.59317925,9.0,5/5/2011,5/14/2011,125,134,S,2011,12,1.0,S,S,SD,SM,139,1,3.463255814,0.024657534,5.781055899,0.0625,0.00044964,14
104906_1,SUSC,S,S3,1,M,ASY,Mid-Atlantic,Chesapeake Bay,-64.64963764,48.36863966,3.0,5/18/2011,5/21/2011,138,141,S,2011,12,12.0,S,S,SD,SM,139,1,3.463255814,0.008219178,5.781055899,0.0625,0.00044964,15
104906_1,SUSC,S,S4,1,M,ASY,Mid-Atlantic,Chesapeake Bay,-63.00469228,50.2669674,4.0,5/25/2011,5/29/2011,145,149,S,2011,15,12.0,S,S,SD,SM,139,1,3.463255814,0.010958904,5.781055899,0.0625,0.00044964,15
104906_1,SUSC,M,M1,1,M,ASY,Mid-Atlantic,Chesapeake Bay,-58.31834635,54.09927654,29.0,6/9/2011,7/8/2011,160,189,F,2011,17,15.0,F,S,SM,SM,139,1,3.463255814,0.079452055,5.781055899,0.0625,0.00044964,16
104906_1,SUSC,M,M2,1,M,ASY,Mid-Atlantic,Chesapeake Bay,-58.94789442,54.12797924,75.0,7/9/2011,9/22/2011,190,265,F,2011,17,17.0,F,F,MD,WM,139,1,3.463255814,0.205479452,5.781055899,0.0625,0.00044964,16
104906_1,SUSC,M,M3,1,M,ASY,Mid-Atlantic,Chesapeake Bay,-68.63440907,48.93894947,35.0,9/27/2011,11/1/2011,270,305,F,2011,16,17.0,F,F,MD,WM,139,1,3.463255814,0.095890411,5.781055899,0.0625,0.00044964,13
104906_1,SUSC,W,W1,2,M,ASY,Mid-Atlantic,Chesapeake Bay,-76.10611664,38.1063261,114.0,11/9/2011,3/2/2012,313,62,W,2011,7,16.0,W,F,WM,WM,139,1,3.463255814,0.312328767,5.781055899,0.0625,0.00044964,7
104906_1,SUSC,W,W2,2,M,ASY,Mid-Atlantic,Chesapeake Bay,-76.32972965,38.49981537,21.95833333,3/3/2012,3/25/2012,63,85,W,2012,7,7.0,W,W,WD,W,139,1,3.463255814,0.060159817,5.781055899,0.0625,0.00044964,7
104906_1,SUSC,S,S1,2,M,ASY,Mid-Atlantic,Chesapeake Bay,-63.62343277,46.51059215,24.0,4/2/2012,4/26/2012,93,117,S,2012,12,7.0,S,W,SM,SM,139,1,3.463255814,0.065753425,5.781055899,0.0625,0.00044964,14
104906_1,SUSC,S,S2,2,M,ASY,Mid-Atlantic,Chesapeake Bay,-65.12947158,49.22031457,6.0,5/2/2012,5/8/2012,123,129,S,2012,12,12.0,S,S,SD,SM,139,1,3.463255814,0.016438356,5.781055899,0.0625,0.00044964,15
104906_1,SUSC,BM,St,2,M,ASY,Mid-Atlantic,Chesapeake Bay,-80.50733537,53.15791181,15.0,5/16/2012,5/31/2012,137,152,S,2012,14,12.0,S,S,SD,SM,139,1,3.463255814,0.04109589,5.781055899,0.0625,0.00044964,19
104906_1,SUSC,B,B1,2,M,ASY,Mid-Atlantic,Chesapeake Bay,-97.05253147,58.46035062,6.0,6/5/2012,6/11/2012,157,163,B,2012,18,14.0,B,S,SM,SM,139,1,3.463255814,0.016438356,5.781055899,0.0625,0.00044964,24
104906_1,SUSC,M,M1,2,M,ASY,Mid-Atlantic,Chesapeake Bay,-92.19646822,57.12540563,14.0,6/16/2012,6/30/2012,168,182,F,2012,29,18.0,F,B,WM,WM,139,1,3.463255814,0.038356164,5.781055899,0.0625,0.00044964,24
104906_1,SUSC,M,M2,2,M,ASY,Mid-Atlantic,Chesapeake Bay,-79.14528849,52.02209539,39.0,7/10/2012,8/18/2012,192,231,F,2012,14,29.0,F,F,MD,WM,139,1,3.463255814,0.106849315,5.781055899,0.0625,0.00044964,19
113243_1,SUSC,S,S1,1,M,AHY,South-Atlantic Bight,Pamlico Sound,-64.94892921,48.30945239,20.0,4/11/2012,5/1/2012,102,122,S,2012,12,8.0,S,W,SM,SM,139,1,3.463255814,0.054794521,5.781055899,0.166666667,0.001199041,15
113243_1,SUSC,S,S2,1,M,AHY,South-Atlantic Bight,Pamlico Sound,-68.81968572,48.63583128,15.0,5/4/2012,5/19/2012,125,140,S,2012,16,12.0,S,S,SD,SM,139,1,3.463255814,0.04109589,5.781055899,0.166666667,0.001199041,13
113243_1,SUSC,M,M1,1,M,AHY,South-Atlantic Bight,Pamlico Sound,-79.71011225,54.75679195,1.0,5/31/2012,6/1/2012,152,153,F,2012,23,16.0,F,S,SM,SM,139,1,3.463255814,0.002739726,5.781055899,0.166666667,0.001199041,19
113243_1,SUSC,M,M2,1,M,AHY,South-Atlantic Bight,Pamlico Sound,-79.71385803,51.93910089,76.0,6/5/2012,8/20/2012,157,233,F,2012,14,23.0,F,F,MD,WM,139,1,3.463255814,0.208219178,5.781055899,0.166666667,0.001199041,19
113243_1,SUSC,M,M3,1,M,AHY,South-Atlantic Bight,Pamlico Sound,-67.34423981,44.67792046,31.0,9/3/2012,10/4/2012,247,278,F,2012,5,14.0,F,F,MD,WM,139,1,3.463255814,0.084931507,5.781055899,0.166666667,0.001199041,9
113247_1,SUSC,S,S1,1,M,ASY,Mid-Atlantic,Chesapeake Bay,-64.6720334,47.54076782,26.0,4/11/2012,5/7/2012,102,128,S,2012,12,7.0,S,W,SM,SM,139,1,3.463255814,0.071232877,5.781055899,0.111111111,0.000799361,14
113247_1,SUSC,BM,St,1,M,ASY,Mid-Atlantic,Chesapeake Bay,-72.15467148,50.95516507,3.0,5/13/2012,5/16/2012,134,137,S,2012,20,12.0,S,S,SD,SM,139,1,3.463255814,0.008219178,5.781055899,0.111111111,0.000799361,13
113247_1,SUSC,B,B1,1,M,ASY,Mid-Atlantic,Chesapeake Bay,-95.87365624,58.08292464,34.0,5/26/2012,6/29/2012,147,181,B,2012,18,20.0,B,S,SM,SM,139,1,3.463255814,0.093150685,5.781055899,0.111111111,0.000799361,24
113247_1,SUSC,M,M1,1,M,ASY,Mid-Atlantic,Chesapeake Bay,-79.2350371,52.21425051,4.0,7/4/2012,7/8/2012,186,190,F,2012,14,18.0,F,B,WM,WM,139,1,3.463255814,0.010958904,5.781055899,0.111111111,0.000799361,19
113247_1,SUSC,M,M2,1,M,ASY,Mid-Atlantic,Chesapeake Bay,-65.14530288,46.11291774,60.0,7/20/2012,9/18/2012,202,262,F,2012,12,14.0,F,F,MD,WM,139,1,3.463255814,0.164383562,5.781055899,0.111111111,0.000799361,14
113247_1,SUSC,M,M3,1,M,ASY,Mid-Atlantic,Chesapeake Bay,-68.73364448,48.80591607,32.0,9/19/2012,10/21/2012,263,295,F,2012,16,12.0,F,F,MD,WM,139,1,3.463255814,0.087671233,5.781055899,0.111111111,0.000799361,13
113247_1,SUSC,W,W1,2,M,ASY,Mid-Atlantic,Chesapeake Bay,-76.22736503,38.2073639,3.0,10/26/2012,10/29/2012,300,303,W,2012,7,16.0,W,F,WM,WM,139,1,3.463255814,0.008219178,5.781055899,0.111111111,0.000799361,7
113247_1,SUSC,W,W2,2,M,ASY,Mid-Atlantic,Chesapeake Bay,-76.1385092,38.05450119,57.04166667,10/30/2012,12/26/2012,304,361,W,2012,7,7.0,W,W,WD,W,139,1,3.463255814,0.156278539,5.781055899,0.111111111,0.000799361,7
113248_2,SUSC,S,S1,1,F,AHY,Mid-Atlantic,Chesapeake Bay,-67.04189606,44.87428278,20.0,4/13/2012,5/3/2012,104,124,S,2012,5,8.0,S,W,SM,SM,139,1,3.463255814,0.054794521,8.638051044,0.125,0.000899281,14
113248_2,SUSC,S,S2,1,F,AHY,Mid-Atlantic,Chesapeake Bay,-68.81950788,48.33564322,7.0,5/10/2012,5/17/2012,131,138,S,2012,16,5.0,S,S,SD,SM,139,1,3.463255814,0.019178082,8.638051044,0.125,0.000899281,13
113248_2,SUSC,B,B1,1,F,AHY,Mid-Atlantic,Chesapeake Bay,-69.24543381,52.54165961,67.0,5/22/2012,7/28/2012,143,210,B,2012,20,16.0,B,S,SM,SM,139,1,3.463255814,0.183561644,8.638051044,0.125,0.000899281,18
113248_2,SUSC,M,M1,1,F,AHY,Mid-Atlantic,Chesapeake Bay,-68.81912095,48.84196877,51.0,8/4/2012,9/24/2012,217,268,F,2012,16,20.0,F,B,WM,WM,139,1,3.463255814,0.139726027,8.638051044,0.125,0.000899281,13
113248_2,SUSC,M,M2,1,F,AHY,Mid-Atlantic,Chesapeake Bay,-67.56058,49.32153421,20.0,9/29/2012,10/19/2012,273,293,F,2012,16,16.0,F,F,MD,WM,139,1,3.463255814,0.054794521,8.638051044,0.125,0.000899281,15
113248_2,SUSC,W,W1,2,F,AHY,Mid-Atlantic,Chesapeake Bay,-70.40818642,41.32929045,17.04166667,10/24/2012,11/10/2012,298,315,W,2012,1,16.0,W,F,WM,WM,139,1,3.463255814,0.046689498,8.638051044,0.125,0.000899281,8
113248_2,SUSC,W,W2,2,F,AHY,Mid-Atlantic,Chesapeake Bay,-76.5013158,35.27365371,28.0,11/17/2012,12/15/2012,322,350,W,2012,8,1.0,W,W,WD,W,139,1,3.463255814,0.076712329,8.638051044,0.125,0.000899281,7
113249_1,SUSC,W,W2,1,F,AHY,South-Atlantic Bight,Pamlico Sound,-75.70691985,35.69902742,55.95833333,1/27/2012,3/23/2012,27,83,W,2012,8,8.0,W,W,WD,W,139,1,3.463255814,0.153310502,8.638051044,0.142857143,0.001027749,7
113249_1,SUSC,S,S1,1,F,AHY,South-Atlantic Bight,Pamlico Sound,-72.60464489,40.76711267,7.0,3/31/2012,4/7/2012,91,98,S,2012,2,8.0,S,W,SM,SM,139,1,3.463255814,0.019178082,8.638051044,0.142857143,0.001027749,8
113249_1,SUSC,S,S2,1,F,AHY,South-Atlantic Bight,Pamlico Sound,-69.10572833,48.38330117,26.0,4/18/2012,5/14/2012,109,135,S,2012,16,2.0,S,S,SD,SM,139,1,3.463255814,0.071232877,8.638051044,0.142857143,0.001027749,13
113249_1,SUSC,B,B1,1,F,AHY,South-Atlantic Bight,Pamlico Sound,-75.71818605,54.65529786,46.0,5/23/2012,7/8/2012,144,190,B,2012,20,16.0,B,S,SM,SM,139,1,3.463255814,0.126027397,8.638051044,0.142857143,0.001027749,20
113249_1,SUSC,M,M1,1,F,AHY,South-Atlantic Bight,Pamlico Sound,-69.02230744,48.26658449,61.0,7/21/2012,9/20/2012,203,264,F,2012,16,20.0,F,B,WM,WM,139,1,3.463255814,0.167123288,8.638051044,0.142857143,0.001027749,13
113249_1,SUSC,M,M2,1,F,AHY,South-Atlantic Bight,Pamlico Sound,-68.66398423,48.87974051,36.0,9/23/2012,10/29/2012,267,303,F,2012,16,16.0,F,F,MD,WM,139,1,3.463255814,0.098630137,8.638051044,0.142857143,0.001027749,13
113250_1,SUSC,S,S1,1,F,,Mid-Atlantic,Chesapeake Bay,-70.26712852,41.36874535,10.0,4/25/2012,5/5/2012,116,126,S,2012,1,7.0,S,W,SM,SM,139,1,3.463255814,0.02739726,8.638051044,0.2,0.001438849,8
113250_1,SUSC,S,S2,1,F,,Mid-Atlantic,Chesapeake Bay,-66.82045305,44.96560208,3.0,5/10/2012,5/13/2012,131,134,S,2012,5,1.0,S,S,SD,SM,139,1,3.463255814,0.008219178,8.638051044,0.2,0.001438849,14
113250_1,SUSC,B,B1,1,F,,Mid-Atlantic,Chesapeake Bay,-70.59673767,53.42548097,56.0,5/21/2012,7/16/2012,142,198,B,2012,20,5.0,B,S,SM,SM,139,1,3.463255814,0.153424658,8.638051044,0.2,0.001438849,20
113250_1,SUSC,M,M1,1,F,,Mid-Atlantic,Chesapeake Bay,-79.53630681,54.76011428,55.0,7/23/2012,9/16/2012,205,260,F,2012,23,20.0,F,B,WM,WM,139,1,3.463255814,0.150684932,8.638051044,0.2,0.001438849,19
113251_1,SUSC,S,S1,1,F,,Mid-Atlantic,Chesapeake Bay,-64.31721,48.53891636,21.0,4/27/2012,5/18/2012,118,139,S,2012,12,7.0,S,W,SM,SM,139,1,3.463255814,0.057534247,8.638051044,0.125,0.000899281,15
113251_1,SUSC,BM,St,1,F,,Mid-Atlantic,Chesapeake Bay,-58.7194743,54.15643867,5.0,5/22/2012,5/27/2012,143,148,S,2012,17,12.0,S,S,SD,SM,139,1,3.463255814,0.01369863,8.638051044,0.125,0.000899281,16
113251_1,SUSC,B,B1,1,F,,Mid-Atlantic,Chesapeake Bay,-65.44334878,56.57868093,49.0,6/3/2012,7/22/2012,155,204,B,2012,22,17.0,B,S,SM,SM,139,1,3.463255814,0.134246575,8.638051044,0.125,0.000899281,18
113251_1,SUSC,M,M1,1,F,,Mid-Atlantic,Chesapeake Bay,-61.5247463,56.23839998,69.0,7/27/2012,10/4/2012,209,278,F,2012,17,22.0,F,B,WM,WM,139,1,3.463255814,0.189041096,8.638051044,0.125,0.000899281,16
113251_1,SUSC,M,M2,1,F,,Mid-Atlantic,Chesapeake Bay,-63.71505116,46.47576407,20.0,10/11/2012,10/31/2012,285,305,F,2012,12,17.0,F,F,MD,WM,139,1,3.463255814,0.054794521,8.638051044,0.125,0.000899281,14
113251_1,SUSC,W,W1,2,F,,Mid-Atlantic,Chesapeake Bay,-76.33169628,37.19009062,18.0,11/8/2012,11/26/2012,313,331,W,2012,7,12.0,W,F,WM,WM,139,1,3.463255814,0.049315068,8.638051044,0.125,0.000899281,7
113251_1,SUSC,W,W2,2,F,,Mid-Atlantic,Chesapeake Bay,-75.90131216,38.02727743,36.0,11/27/2012,1/2/2013,332,2,W,2012,7,7.0,W,W,WD,W,139,1,3.463255814,0.098630137,8.638051044,0.125,0.000899281,7
113255_1,SUSC,W,W1,1,F,ATY,Quebec,St. Lawrence River,-76.2072679,38.34411455,52.0,11/16/2012,1/7/2013,321,7,W,2012,7,16.0,W,F,WM,WM,139,1,3.463255814,0.142465753,8.638051044,0.166666667,0.001199041,7
113255_1,SUSC,W,W2,1,F,ATY,Quebec,St. Lawrence River,-76.283679,37.3058533,101.9583333,1/8/2013,4/20/2013,8,110,W,2013,7,7.0,W,W,WD,W,139,1,3.463255814,0.2793379,8.638051044,0.166666667,0.001199041,7
113255_1,SUSC,SM,St,1,F,ATY,Quebec,St. Lawrence River,-64.20626508,48.92882186,2.0,4/29/2013,5/1/2013,119,121,S,2013,12,7.0,S,W,SM,SM,139,1,3.463255814,0.005479452,8.638051044,0.166666667,0.001199041,15
113255_1,SUSC,S,S1,1,F,ATY,Quebec,St. Lawrence River,-66.91887917,49.88576163,15.0,5/5/2013,5/20/2013,125,140,S,2013,15,12.0,S,S,SD,SM,139,1,3.463255814,0.04109589,8.638051044,0.166666667,0.001199041,15
113255_1,SUSC,B,B1,1,F,ATY,Quebec,St. Lawrence River,-68.21822585,55.85284965,15.0,5/30/2013,6/14/2013,150,165,B,2013,22,15.0,B,S,SM,SM,139,1,3.463255814,0.04109589,8.638051044,0.166666667,0.001199041,18
113256_1,SUSC,W,W1,1,F,ATY,Quebec,St. Lawrence River,-75.24025418,39.12202564,146.9583333,11/20/2012,4/16/2013,325,106,W,2012,3,16.0,W,F,WM,WM,139,1,3.463255814,0.402625571,8.638051044,0.142857143,0.001027749,7
113256_1,SUSC,SM,St,1,F,ATY,Quebec,St. Lawrence River,-72.55806256,40.27371021,2.0,4/22/2013,4/24/2013,112,114,S,2013,2,3.0,S,W,SM,SM,139,1,3.463255814,0.005479452,8.638051044,0.142857143,0.001027749,8
113256_1,SUSC,S,S1,1,F,ATY,Quebec,St. Lawrence River,-68.6644497,48.50314675,18.0,4/29/2013,5/17/2013,119,137,S,2013,16,2.0,S,S,SD,SM,139,1,3.463255814,0.049315068,8.638051044,0.142857143,0.001027749,13
113256_1,SUSC,B,B1,1,F,ATY,Quebec,St. Lawrence River,-71.31502448,53.40234046,51.0,5/24/2013,7/14/2013,144,195,B,2013,20,16.0,B,S,SM,SM,139,1,3.463255814,0.139726027,8.638051044,0.142857143,0.001027749,20
113256_1,SUSC,M,M1,2,F,ATY,Quebec,St. Lawrence River,-69.35798295,48.06921237,18.0,7/18/2013,8/5/2013,199,217,F,2013,16,20.0,F,B,WM,WM,139,1,3.463255814,0.049315068,8.638051044,0.142857143,0.001027749,13
113256_1,SUSC,M,M2,2,F,ATY,Quebec,St. Lawrence River,-69.83047171,47.62603331,16.0,8/6/2013,8/22/2013,218,234,F,2013,16,16.0,F,F,MD,WM,139,1,3.463255814,0.043835616,8.638051044,0.142857143,0.001027749,13
113257_1,SUSC,W,W1,1,F,ATY,Quebec,St. Lawrence River,-75.1275294,39.06165468,149.9583333,11/11/2012,4/10/2013,316,100,W,2012,3,16.0,W,F,WM,WM,139,1,3.463255814,0.410844749,8.638051044,0.111111111,0.000799361,7
113257_1,SUSC,W,W2,1,F,ATY,Quebec,St. Lawrence River,-75.95035888,36.99413627,49.95833333,1/21/2013,3/12/2013,21,71,W,2013,7,3.0,W,W,WD,W,139,1,3.463255814,0.136872146,8.638051044,0.111111111,0.000799361,7
113257_1,SUSC,S,S1,1,F,ATY,Quebec,St. Lawrence River,-63.86049034,46.29212184,5.0,4/17/2013,4/22/2013,107,112,S,2013,12,7.0,S,W,SM,SM,139,1,3.463255814,0.01369863,8.638051044,0.111111111,0.000799361,14
113257_1,SUSC,S,S2,1,F,ATY,Quebec,St. Lawrence River,-64.80619838,47.88788446,4.0,4/26/2013,4/30/2013,116,120,S,2013,12,12.0,S,S,SD,SM,139,1,3.463255814,0.010958904,8.638051044,0.111111111,0.000799361,15
113257_1,SUSC,S,S3,1,F,ATY,Quebec,St. Lawrence River,-69.5736662,48.07293984,8.0,5/6/2013,5/14/2013,126,134,S,2013,16,12.0,S,S,SD,SM,139,1,3.463255814,0.021917808,8.638051044,0.111111111,0.000799361,13
113257_1,SUSC,B,B1,1,F,ATY,Quebec,St. Lawrence River,-96.94966557,58.55952616,60.0,5/25/2013,7/24/2013,145,205,B,2013,18,16.0,B,S,SM,SM,139,1,3.463255814,0.164383562,8.638051044,0.111111111,0.000799361,24
113257_1,SUSC,M,M1,2,F,ATY,Quebec,St. Lawrence River,-78.82907083,52.4181309,52.0,8/6/2013,9/27/2013,218,270,F,2013,14,18.0,F,B,WM,WM,139,1,3.463255814,0.142465753,8.638051044,0.111111111,0.000799361,19
113257_1,SUSC,M,M3,2,F,ATY,Quebec,St. Lawrence River,-64.63046681,47.91034397,21.04166667,10/17/2013,11/7/2013,290,311,F,2013,12,14.0,F,F,MD,WM,139,1,3.463255814,0.057648402,8.638051044,0.111111111,0.000799361,15
114406_1,SUSC,M,M2,1,F,ATY,Quebec,St. Lawrence River,-63.74235371,46.4823722,8.0,11/15/2012,11/23/2012,320,328,F,2012,12,16.0,F,F,MD,WM,139,1,3.463255814,0.021917808,8.638051044,0.1,0.000719424,14
114406_1,SUSC,W,W1,1,F,ATY,Quebec,St. Lawrence River,-76.25681469,37.57412369,84.0,12/2/2012,2/24/2013,337,55,W,2012,7,12.0,W,F,WM,WM,139,1,3.463255814,0.230136986,8.638051044,0.1,0.000719424,7
114406_1,SUSC,W,W2,1,F,ATY,Quebec,St. Lawrence River,-76.55687866,37.65790481,37.95833333,2/25/2013,4/4/2013,56,94,W,2013,7,7.0,W,W,WD,W,139,1,3.463255814,0.103995434,8.638051044,0.1,0.000719424,7
114406_1,SUSC,S,S1,1,F,ATY,Quebec,St. Lawrence River,-70.13697683,41.5519711,11.0,4/9/2013,4/20/2013,99,110,S,2013,1,7.0,S,W,SM,SM,139,1,3.463255814,0.030136986,8.638051044,0.1,0.000719424,8
114406_1,SUSC,S,S2,1,F,ATY,Quebec,St. Lawrence River,-66.00795215,49.28920327,1.0,4/28/2013,4/29/2013,118,119,S,2013,15,1.0,S,S,SD,SM,139,1,3.463255814,0.002739726,8.638051044,0.1,0.000719424,15
114406_1,SUSC,S,S3,1,F,ATY,Quebec,St. Lawrence River,-64.33930379,48.97505396,9.0,5/3/2013,5/12/2013,123,132,S,2013,12,15.0,S,S,SD,SM,139,1,3.463255814,0.024657534,8.638051044,0.1,0.000719424,15
114406_1,SUSC,B,B1,1,F,ATY,Quebec,St. Lawrence River,-63.2727447,54.71590588,58.0,5/24/2013,7/21/2013,144,202,B,2013,15,12.0,B,S,SM,SM,139,1,3.463255814,0.15890411,8.638051044,0.1,0.000719424,18
114406_1,SUSC,M,M1,2,F,ATY,Quebec,St. Lawrence River,-69.01563681,48.26468485,88.0,7/29/2013,10/25/2013,210,298,F,2013,16,15.0,F,B,WM,WM,139,1,3.463255814,0.24109589,8.638051044,0.1,0.000719424,13
114406_1,SUSC,W,W1,2,F,ATY,Quebec,St. Lawrence River,-76.10540645,38.09585976,0.0,11/1/2013,11/1/2013,305,305,W,2013,7,16.0,W,F,WM,WM,139,1,3.463255814,0.0,8.638051044,0.1,0.000719424,7
114430_1,SUSC,M,M2,1,F,ATY,Quebec,St. Lawrence River,-70.15766417,47.3775661,9.041666667,10/29/2012,11/7/2012,303,312,F,2012,16,16.0,F,F,MD,WM,139,1,3.463255814,0.024771689,8.638051044,0.125,0.000899281,13
114430_1,SUSC,W,W1,1,F,ATY,Quebec,St. Lawrence River,-67.79038239,44.50229858,164.9583333,11/11/2012,4/25/2013,316,115,W,2012,5,16.0,W,F,WM,WM,139,1,3.463255814,0.451940639,8.638051044,0.125,0.000899281,9
114430_1,SUSC,S,S1,1,F,ATY,Quebec,St. Lawrence River,-63.79468056,45.94813226,16.0,5/1/2013,5/17/2013,121,137,S,2013,12,5.0,S,W,SM,SM,139,1,3.463255814,0.043835616,8.638051044,0.125,0.000899281,14
114430_1,SUSC,B,B1,1,F,ATY,Quebec,St. Lawrence River,-69.09015544,54.06739439,51.0,5/24/2013,7/14/2013,144,195,B,2013,22,12.0,B,S,SM,SM,139,1,3.463255814,0.139726027,8.638051044,0.125,0.000899281,18
114430_1,SUSC,MM,St,1,F,ATY,Quebec,St. Lawrence River,-68.61264006,48.56943261,1.0,7/19/2013,7/20/2013,200,201,F,2013,16,22.0,F,B,WM,WM,139,1,3.463255814,0.002739726,8.638051044,0.125,0.000899281,13
114430_1,SUSC,M,M1,2,F,ATY,Quebec,St. Lawrence River,-68.14887322,48.65768116,67.0,7/25/2013,9/30/2013,206,273,F,2013,16,16.0,F,F,MD,WM,139,1,3.463255814,0.183561644,8.638051044,0.125,0.000899281,13
114430_1,SUSC,M,M2,2,F,ATY,Quebec,St. Lawrence River,-67.72008175,44.53155993,24.0,10/4/2013,10/28/2013,277,301,F,2013,5,16.0,F,F,MD,WM,139,1,3.463255814,0.065753425,8.638051044,0.125,0.000899281,9
114431_1,SUSC,W,W1,1,F,ATY,Quebec,St. Lawrence River,-76.25587378,38.24180439,110.0,11/10/2012,2/28/2013,315,59,W,2012,7,16.0,W,F,WM,WM,139,1,3.463255814,0.301369863,8.638051044,0.111111111,0.000799361,7
114431_1,SUSC,W,W2,1,F,ATY,Quebec,St. Lawrence River,-75.02504551,38.3904151,9.958333333,3/3/2013,3/13/2013,62,72,W,2013,3,7.0,W,W,WD,W,139,1,3.463255814,0.027283105,8.638051044,0.111111111,0.000799361,7
114431_1,SUSC,W,W3,1,F,ATY,Quebec,St. Lawrence River,-74.3679735,39.35417453,25.0,3/16/2013,4/10/2013,75,100,W,2013,3,3.0,W,W,WD,W,139,1,3.463255814,0.068493151,8.638051044,0.111111111,0.000799361,7
114431_1,SUSC,S,S1,1,F,ATY,Quebec,St. Lawrence River,-65.08888876,47.31479727,7.0,4/19/2013,4/26/2013,109,116,S,2013,12,3.0,S,W,SM,SM,139,1,3.463255814,0.019178082,8.638051044,0.111111111,0.000799361,14
114431_1,SUSC,S,S2,1,F,ATY,Quebec,St. Lawrence River,-68.2191348,49.09379487,15.0,4/30/2013,5/15/2013,120,135,S,2013,16,12.0,S,S,SD,SM,139,1,3.463255814,0.04109589,8.638051044,0.111111111,0.000799361,15
114431_1,SUSC,B,B1,1,F,ATY,Quebec,St. Lawrence River,-101.3505778,60.85815365,47.0,6/1/2013,7/18/2013,152,199,B,2013,21,16.0,B,S,SM,SM,139,1,3.463255814,0.128767123,8.638051044,0.111111111,0.000799361,5
114431_1,SUSC,MM,St,1,F,ATY,Quebec,St. Lawrence River,-77.17662575,57.39244283,24.0,7/22/2013,8/15/2013,203,227,F,2013,19,21.0,F,B,WM,WM,139,1,3.463255814,0.065753425,8.638051044,0.111111111,0.000799361,20
114431_1,SUSC,M,M1,2,F,ATY,Quebec,St. Lawrence River,-68.11983393,48.65594917,39.0,8/25/2013,10/3/2013,237,276,F,2013,16,19.0,F,F,MD,WM,139,1,3.463255814,0.106849315,8.638051044,0.111111111,0.000799361,13
115208_1,SUSC,W,W2,1,M,ASY,Mid-Atlantic,Chesapeake Bay,-76.23276686,37.82576261,9.0,4/23/2012,5/2/2012,114,123,W,2012,7,7.0,W,W,WD,W,139,1,3.463255814,0.024657534,5.781055899,0.111111111,0.000799361,7
115208_1,SUSC,S,S1,1,M,ASY,Mid-Atlantic,Chesapeake Bay,-70.34684468,41.27951042,29.0,5/5/2012,6/3/2012,126,155,S,2012,1,7.0,S,W,SM,SM,139,1,3.463255814,0.079452055,5.781055899,0.111111111,0.000799361,8
115208_1,SUSC,M,M1,1,M,ASY,Mid-Atlantic,Chesapeake Bay,-64.13152412,49.95324441,6.0,6/9/2012,6/15/2012,161,167,F,2012,15,1.0,F,S,SM,SM,139,1,3.463255814,0.016438356,5.781055899,0.111111111,0.000799361,15
115208_1,SUSC,M,M2,1,M,ASY,Mid-Atlantic,Chesapeake Bay,-69.67035564,47.77042315,6.0,7/4/2012,7/10/2012,186,192,F,2012,16,15.0,F,F,MD,WM,139,1,3.463255814,0.016438356,5.781055899,0.111111111,0.000799361,13
115208_1,SUSC,M,M3,1,M,ASY,Mid-Atlantic,Chesapeake Bay,-69.20101643,48.15251828,59.0,7/20/2012,9/17/2012,202,261,F,2012,16,16.0,F,F,MD,WM,139,1,3.463255814,0.161643836,5.781055899,0.111111111,0.000799361,13
115208_1,SUSC,M,M4,1,M,ASY,Mid-Atlantic,Chesapeake Bay,-69.06178272,48.63077081,33.0,9/18/2012,10/21/2012,262,295,F,2012,16,16.0,F,F,MD,WM,139,1,3.463255814,0.090410959,5.781055899,0.111111111,0.000799361,13
115208_1,SUSC,WM,St,1,M,ASY,Mid-Atlantic,Chesapeake Bay,-70.38967815,41.3133596,3.0,10/24/2012,10/27/2012,298,301,F,2012,1,16.0,F,F,MD,WM,139,1,3.463255814,0.008219178,5.781055899,0.111111111,0.000799361,8
115208_1,SUSC,W,W1,2,M,ASY,Mid-Atlantic,Chesapeake Bay,-76.28021016,37.70267898,127.0416667,10/29/2012,3/5/2013,303,64,W,2012,7,1.0,W,F,WM,WM,139,1,3.463255814,0.348059361,5.781055899,0.111111111,0.000799361,7
115209_1,SUSC,S,S1,1,M,ASY,Mid-Atlantic,Chesapeake Bay,-64.77052089,48.10996902,18.0,4/25/2012,5/13/2012,116,134,S,2012,12,7.0,S,W,SM,SM,139,1,3.463255814,0.049315068,5.781055899,0.111111111,0.000799361,15
115209_1,SUSC,S,S2,1,M,ASY,Mid-Atlantic,Chesapeake Bay,-65.65830097,50.17393111,7.0,5/16/2012,5/23/2012,137,144,S,2012,15,12.0,S,S,SD,SM,139,1,3.463255814,0.019178082,5.781055899,0.111111111,0.000799361,15
115209_1,SUSC,B,B1,1,M,ASY,Mid-Atlantic,Chesapeake Bay,-68.563266,55.87300164,35.0,5/29/2012,7/3/2012,150,185,B,2012,22,15.0,B,S,SM,SM,139,1,3.463255814,0.095890411,5.781055899,0.111111111,0.000799361,18
115209_1,SUSC,M,M1,1,M,ASY,Mid-Atlantic,Chesapeake Bay,-61.27770845,56.68621467,48.0,7/11/2012,8/28/2012,193,241,F,2012,17,22.0,F,B,WM,WM,139,1,3.463255814,0.131506849,5.781055899,0.111111111,0.000799361,16
115209_1,SUSC,M,M2,1,M,ASY,Mid-Atlantic,Chesapeake Bay,-61.83214536,56.71711496,24.0,8/29/2012,9/22/2012,242,266,F,2012,17,17.0,F,F,MD,WM,139,1,3.463255814,0.065753425,5.781055899,0.111111111,0.000799361,16
115209_1,SUSC,M,M3,1,M,ASY,Mid-Atlantic,Chesapeake Bay,-60.55803741,55.75048237,17.0,9/25/2012,10/12/2012,269,286,F,2012,17,17.0,F,F,MD,WM,139,1,3.463255814,0.046575342,5.781055899,0.111111111,0.000799361,16
115209_1,SUSC,M,M4,1,M,ASY,Mid-Atlantic,Chesapeake Bay,-67.29010038,44.8563673,6.0,10/15/2012,10/21/2012,289,295,F,2012,5,17.0,F,F,MD,WM,139,1,3.463255814,0.016438356,5.781055899,0.111111111,0.000799361,9
115209_1,SUSC,W,W1,2,M,ASY,Mid-Atlantic,Chesapeake Bay,-76.24031958,37.23392121,138.0,10/25/2012,3/12/2013,299,71,W,2012,7,5.0,W,F,WM,WM,139,1,3.463255814,0.378082192,5.781055899,0.111111111,0.000799361,7
115211_1,SUSC,S,S1,1,M,ASY,Mid-Atlantic,Chesapeake Bay,-64.52742532,46.26285924,16.0,4/21/2012,5/7/2012,112,128,S,2012,12,7.0,S,W,SM,SM,139,1,3.463255814,0.043835616,5.781055899,0.083333333,0.00059952,14
115211_1,SUSC,S,S2,1,M,ASY,Mid-Atlantic,Chesapeake Bay,-64.63221154,47.9514161,9.0,5/10/2012,5/19/2012,131,140,S,2012,12,12.0,S,S,SD,SM,139,1,3.463255814,0.024657534,5.781055899,0.083333333,0.00059952,15
115211_1,SUSC,BM,St,1,M,ASY,Mid-Atlantic,Chesapeake Bay,-65.85778317,50.11105721,4.0,5/29/2012,6/2/2012,150,154,S,2012,15,12.0,S,S,SD,SM,139,1,3.463255814,0.010958904,5.781055899,0.083333333,0.00059952,15
115211_1,SUSC,B,B1,1,M,ASY,Mid-Atlantic,Chesapeake Bay,-61.19367312,54.66746957,7.0,6/7/2012,6/14/2012,159,166,B,2012,17,15.0,B,S,SM,SM,139,1,3.463255814,0.019178082,5.781055899,0.083333333,0.00059952,16
115211_1,SUSC,M,M1,1,M,ASY,Mid-Atlantic,Chesapeake Bay,-63.66981796,59.51792178,4.0,6/29/2012,7/3/2012,181,185,F,2012,22,17.0,F,B,WM,WM,139,1,3.463255814,0.010958904,5.781055899,0.083333333,0.00059952,17
115211_1,SUSC,M,M2,1,M,ASY,Mid-Atlantic,Chesapeake Bay,-67.23746817,58.41184785,79.0,7/9/2012,9/26/2012,191,270,F,2012,22,22.0,F,F,MD,WM,139,1,3.463255814,0.216438356,5.781055899,0.083333333,0.00059952,17
115211_1,SUSC,M,M3,1,M,ASY,Mid-Atlantic,Chesapeake Bay,-68.14225412,48.75605981,10.0,9/30/2012,10/10/2012,274,284,F,2012,16,22.0,F,F,MD,WM,139,1,3.463255814,0.02739726,5.781055899,0.083333333,0.00059952,13
115211_1,SUSC,W,W1,2,M,ASY,Mid-Atlantic,Chesapeake Bay,-75.79442276,37.85319092,22.04166667,10/15/2012,11/6/2012,289,311,W,2012,7,16.0,W,F,WM,WM,139,1,3.463255814,0.060388128,5.781055899,0.083333333,0.00059952,7
115211_1,SUSC,W,W2,2,M,ASY,Mid-Atlantic,Chesapeake Bay,-76.22965941,38.40189054,157.9583333,11/7/2012,4/14/2013,312,104,W,2012,7,7.0,W,W,WD,W,139,1,3.463255814,0.432762557,5.781055899,0.083333333,0.00059952,7
115211_1,SUSC,S,S1,2,M,ASY,Mid-Atlantic,Chesapeake Bay,-64.55940881,48.35650041,13.0,4/19/2013,5/2/2013,109,122,S,2013,12,7.0,S,W,SM,SM,139,1,3.463255814,0.035616438,5.781055899,0.083333333,0.00059952,15
115211_1,SUSC,S,S2,2,M,ASY,Mid-Atlantic,Chesapeake Bay,-61.77433985,50.07546191,12.0,5/8/2013,5/20/2013,128,140,S,2013,15,12.0,S,S,SD,SM,139,1,3.463255814,0.032876712,5.781055899,0.083333333,0.00059952,15
115212_1,SUSC,S,S1,1,M,ASY,Mid-Atlantic,Chesapeake Bay,-65.03666049,47.06998953,30.0,4/17/2012,5/17/2012,108,138,S,2012,12,7.0,S,W,SM,SM,139,1,3.463255814,0.082191781,5.781055899,0.090909091,0.000654022,14
115212_1,SUSC,S,S2,1,M,ASY,Mid-Atlantic,Chesapeake Bay,-61.18977713,52.78424721,16.0,5/19/2012,6/4/2012,140,156,S,2012,17,12.0,S,S,SD,SM,139,1,3.463255814,0.043835616,5.781055899,0.090909091,0.000654022,16
115212_1,SUSC,M,M1,1,M,ASY,Mid-Atlantic,Chesapeake Bay,-61.40001108,56.32053029,90.0,6/9/2012,9/7/2012,161,251,F,2012,17,17.0,F,S,SM,SM,139,1,3.463255814,0.246575342,5.781055899,0.090909091,0.000654022,16
115212_1,SUSC,M,M2,1,M,ASY,Mid-Atlantic,Chesapeake Bay,-68.96845076,48.70986614,38.0,9/13/2012,10/21/2012,257,295,F,2012,16,17.0,F,F,MD,WM,139,1,3.463255814,0.104109589,5.781055899,0.090909091,0.000654022,13
115212_1,SUSC,W,W1,2,M,ASY,Mid-Atlantic,Chesapeake Bay,-75.98814105,37.90935027,163.0,10/25/2012,4/6/2013,299,96,W,2012,7,16.0,W,F,WM,WM,139,1,3.463255814,0.446575342,5.781055899,0.090909091,0.000654022,7
115212_1,SUSC,S,S1,2,M,ASY,Mid-Atlantic,Chesapeake Bay,-63.78393089,46.0628708,26.0,4/12/2013,5/8/2013,102,128,S,2013,12,7.0,S,W,SM,SM,139,1,3.463255814,0.071232877,5.781055899,0.090909091,0.000654022,14
115212_1,SUSC,S,S2,2,M,ASY,Mid-Atlantic,Chesapeake Bay,-64.16852949,50.2595724,10.0,5/10/2013,5/20/2013,130,140,S,2013,15,12.0,S,S,SD,SM,139,1,3.463255814,0.02739726,5.781055899,0.090909091,0.000654022,15
115212_1,SUSC,B,B1,2,M,ASY,Mid-Atlantic,Chesapeake Bay,-65.05877115,52.63344031,16.0,5/28/2013,6/13/2013,148,164,B,2013,15,15.0,B,S,SM,SM,139,1,3.463255814,0.043835616,5.781055899,0.090909091,0.000654022,18
115212_1,SUSC,M,M1,2,M,ASY,Mid-Atlantic,Chesapeake Bay,-61.64967958,56.19609195,9.0,6/18/2013,6/27/2013,169,178,F,2013,17,15.0,F,B,WM,WM,139,1,3.463255814,0.024657534,5.781055899,0.090909091,0.000654022,16
115212_1,SUSC,M,M2,2,M,ASY,Mid-Atlantic,Chesapeake Bay,-60.86388421,56.13659833,16.0,6/28/2013,7/14/2013,179,195,F,2013,17,17.0,F,F,MD,WM,139,1,3.463255814,0.043835616,5.781055899,0.090909091,0.000654022,16
115214_1,SUSC,W,W2,1,M,ASY,Mid-Atlantic,Chesapeake Bay,-76.00052493,37.98446164,17.0,4/21/2012,5/8/2012,112,129,W,2012,7,7.0,W,W,WD,W,139,1,3.463255814,0.046575342,5.781055899,0.5,0.003597122,7
115215_1,SUSC,S,S1,1,M,ASY,Mid-Atlantic,Chesapeake Bay,-65.81849794,48.09629141,12.0,4/21/2012,5/3/2012,112,124,S,2012,31,7.0,S,W,SM,SM,139,1,3.463255814,0.032876712,5.781055899,0.090909091,0.000654022,15
115215_1,SUSC,S,S2,1,M,ASY,Mid-Atlantic,Chesapeake Bay,-64.77513262,49.44351028,5.0,5/4/2012,5/9/2012,125,130,S,2012,12,31.0,S,S,SD,SM,139,1,3.463255814,0.01369863,5.781055899,0.090909091,0.000654022,15
115215_1,SUSC,S,S3,1,M,ASY,Mid-Atlantic,Chesapeake Bay,-65.39885071,50.2757714,8.0,5/10/2012,5/18/2012,131,139,S,2012,15,12.0,S,S,SD,SM,139,1,3.463255814,0.021917808,5.781055899,0.090909091,0.000654022,15
115215_1,SUSC,B,B1,1,M,ASY,Mid-Atlantic,Chesapeake Bay,-76.1813992,54.74590292,21.0,5/29/2012,6/19/2012,150,171,B,2012,20,15.0,B,S,SM,SM,139,1,3.463255814,0.057534247,5.781055899,0.090909091,0.000654022,20
115215_1,SUSC,M,M1,1,M,ASY,Mid-Atlantic,Chesapeake Bay,-65.51700334,59.43383823,67.0,7/2/2012,9/7/2012,184,251,F,2012,22,20.0,F,B,WM,WM,139,1,3.463255814,0.183561644,5.781055899,0.090909091,0.000654022,17
115215_1,SUSC,M,M2,1,M,ASY,Mid-Atlantic,Chesapeake Bay,-68.99373486,48.62514791,37.0,9/14/2012,10/21/2012,258,295,F,2012,16,22.0,F,F,MD,WM,139,1,3.463255814,0.101369863,5.781055899,0.090909091,0.000654022,13
115215_1,SUSC,W,W1,2,M,ASY,Mid-Atlantic,Chesapeake Bay,-76.07209687,37.85580387,35.04166667,10/26/2012,11/30/2012,300,335,W,2012,7,16.0,W,F,WM,WM,139,1,3.463255814,0.096004566,5.781055899,0.090909091,0.000654022,7
115215_1,SUSC,W,W2,2,M,ASY,Mid-Atlantic,Chesapeake Bay,-76.13769174,38.03094211,37.0,12/3/2012,1/9/2013,338,9,W,2012,7,7.0,W,W,WD,W,139,1,3.463255814,0.101369863,5.781055899,0.090909091,0.000654022,7
115215_1,SUSC,W,W3,2,M,ASY,Mid-Atlantic,Chesapeake Bay,-76.00032815,37.63255959,19.0,1/10/2013,1/29/2013,10,29,W,2013,7,7.0,W,W,WD,W,139,1,3.463255814,0.052054795,5.781055899,0.090909091,0.000654022,7
115215_1,SUSC,W,W4,2,M,ASY,Mid-Atlantic,Chesapeake Bay,-75.98039889,37.59023194,45.95833333,1/30/2013,3/17/2013,30,76,W,2013,7,7.0,W,W,WD,W,139,1,3.463255814,0.125913242,5.781055899,0.090909091,0.000654022,7
115216_1,SUSC,S,S1,1,M,ASY,Mid-Atlantic,Chesapeake Bay,-70.63428933,42.68820533,11.0,5/1/2012,5/12/2012,122,133,S,2012,6,7.0,S,W,SM,SM,139,1,3.463255814,0.030136986,5.781055899,0.2,0.001438849,9
115216_1,SUSC,S,S2,1,M,ASY,Mid-Atlantic,Chesapeake Bay,-70.03910742,43.78407159,10.0,5/13/2012,5/23/2012,134,144,S,2012,5,6.0,S,S,SD,SM,139,1,3.463255814,0.02739726,5.781055899,0.2,0.001438849,9
115216_1,SUSC,B,B1,1,M,ASY,Mid-Atlantic,Chesapeake Bay,-72.87123548,54.33777286,5.0,6/13/2012,6/18/2012,165,170,B,2012,20,5.0,B,S,SM,SM,139,1,3.463255814,0.01369863,5.781055899,0.2,0.001438849,20
115216_1,SUSC,M,M1,1,M,ASY,Mid-Atlantic,Chesapeake Bay,-77.87156083,56.35316662,56.0,6/29/2012,8/24/2012,181,237,F,2012,19,20.0,F,B,WM,WM,139,1,3.463255814,0.153424658,5.781055899,0.2,0.001438849,22
115227_1,SUSC,W,W1,1,F,ATY,Quebec,St. Lawrence River,-76.30105443,38.38244227,147.9583333,11/21/2012,4/18/2013,326,108,W,2012,7,16.0,W,F,WM,WM,139,1,3.463255814,0.405365297,8.638051044,0.111111111,0.000799361,7
115227_1,SUSC,S,S1,1,F,ATY,Quebec,St. Lawrence River,-64.86050527,47.85425526,8.0,4/30/2013,5/8/2013,120,128,S,2013,12,7.0,S,W,SM,SM,139,1,3.463255814,0.021917808,8.638051044,0.111111111,0.000799361,15
115227_1,SUSC,S,S2,1,F,ATY,Quebec,St. Lawrence River,-64.39111288,50.21186569,6.0,5/12/2013,5/18/2013,132,138,S,2013,15,12.0,S,S,SD,SM,139,1,3.463255814,0.016438356,8.638051044,0.111111111,0.000799361,15
115227_1,SUSC,B,B1,1,F,ATY,Quebec,St. Lawrence River,-73.35355009,53.81733116,57.0,5/25/2013,7/21/2013,145,202,B,2013,20,15.0,B,S,SM,SM,139,1,3.463255814,0.156164384,8.638051044,0.111111111,0.000799361,20
115227_1,SUSC,M,M1,2,F,ATY,Quebec,St. Lawrence River,-69.05381014,48.73151604,58.0,7/26/2013,9/22/2013,207,265,F,2013,16,20.0,F,B,WM,WM,139,1,3.463255814,0.15890411,8.638051044,0.111111111,0.000799361,13
115227_1,SUSC,M,M2,2,F,ATY,Quebec,St. Lawrence River,-68.08852569,49.08305717,30.0,9/25/2013,10/25/2013,268,298,F,2013,16,16.0,F,F,MD,WM,139,1,3.463255814,0.082191781,8.638051044,0.111111111,0.000799361,15
115227_1,SUSC,W,W1,2,F,ATY,Quebec,St. Lawrence River,-70.1210142,41.39783544,15.04166667,11/1/2013,11/16/2013,305,320,W,2013,1,16.0,W,F,WM,WM,139,1,3.463255814,0.041210046,8.638051044,0.111111111,0.000799361,8
115227_1,SUSC,W,W2,2,F,ATY,Quebec,St. Lawrence River,-76.09083072,38.09259459,124.9583333,11/24/2013,3/29/2014,328,88,W,2013,7,1.0,W,W,WD,W,139,1,3.463255814,0.342351598,8.638051044,0.111111111,0.000799361,7
115230_1,SUSC,W,W1,1,F,ATY,Quebec,St. Lawrence River,-70.45272655,41.33993061,20.0,11/11/2012,12/1/2012,316,336,W,2012,1,16.0,W,F,WM,WM,139,1,3.463255814,0.054794521,8.638051044,0.25,0.001798561,8
115230_1,SUSC,W,W2,1,F,ATY,Quebec,St. Lawrence River,-75.77875446,37.91107977,125.9583333,12/6/2012,4/11/2013,341,101,W,2012,7,1.0,W,W,WD,W,139,1,3.463255814,0.345091324,8.638051044,0.25,0.001798561,7
115230_1,SUSC,S,S1,1,F,ATY,Quebec,St. Lawrence River,-64.77837403,47.88301098,3.0,4/26/2013,4/29/2013,116,119,S,2013,12,7.0,S,W,SM,SM,139,1,3.463255814,0.008219178,8.638051044,0.25,0.001798561,15
115232_1,SUSC,W,W1,1,F,ATY,Quebec,St. Lawrence River,-75.13364027,38.83360215,139.9583333,11/13/2012,4/2/2013,318,92,W,2012,3,16.0,W,F,WM,WM,139,1,3.463255814,0.383447489,8.638051044,0.125,0.000899281,7
115232_1,SUSC,S,S1,1,F,ATY,Quebec,St. Lawrence River,-64.72002447,47.4548988,6.0,4/26/2013,5/2/2013,116,122,S,2013,12,3.0,S,W,SM,SM,139,1,3.463255814,0.016438356,8.638051044,0.125,0.000899281,14
115232_1,SUSC,S,S2,1,F,ATY,Quebec,St. Lawrence River,-68.9986935,48.70652032,10.0,5/9/2013,5/19/2013,129,139,S,2013,16,12.0,S,S,SD,SM,139,1,3.463255814,0.02739726,8.638051044,0.125,0.000899281,13
115232_1,SUSC,B,B1,1,F,ATY,Quebec,St. Lawrence River,-74.13907519,55.42891698,25.0,5/31/2013,6/25/2013,151,176,B,2013,20,16.0,B,S,SM,SM,139,1,3.463255814,0.068493151,8.638051044,0.125,0.000899281,20
115232_1,SUSC,M,M1,2,F,ATY,Quebec,St. Lawrence River,-69.07870697,48.6905143,58.0,8/7/2013,10/4/2013,219,277,F,2013,16,20.0,F,B,WM,WM,139,1,3.463255814,0.15890411,8.638051044,0.125,0.000899281,13
115232_1,SUSC,M,M2,2,F,ATY,Quebec,St. Lawrence River,-64.46815389,46.30248512,22.04166667,10/19/2013,11/10/2013,292,314,F,2013,12,16.0,F,F,MD,WM,139,1,3.463255814,0.060388128,8.638051044,0.125,0.000899281,14
115232_1,SUSC,W,W1,2,F,ATY,Quebec,St. Lawrence River,-75.2578733,38.12985381,34.0,11/23/2013,12/27/2013,327,361,W,2013,3,12.0,W,F,WM,WM,139,1,3.463255814,0.093150685,8.638051044,0.125,0.000899281,7
115233_1,SUSC,W,W1,1,F,ATY,Quebec,St. Lawrence River,-75.11664499,39.05442424,128.9583333,11/24/2012,4/2/2013,329,92,W,2012,3,16.0,W,F,WM,WM,139,1,3.463255814,0.353310502,8.638051044,0.5,0.003597122,7
123487_1,SUSC,W,W2,1,F,ASY,Mid-Atlantic,Chesapeake Bay,-75.86873843,37.68574863,24.0,3/13/2013,4/6/2013,72,96,W,2013,7,7.0,W,W,WD,W,139,1,3.463255814,0.065753425,8.638051044,0.083333333,0.00059952,7
123487_1,SUSC,S,S1,1,F,ASY,Mid-Atlantic,Chesapeake Bay,-72.46547464,40.82206654,6.0,4/20/2013,4/26/2013,110,116,S,2013,2,7.0,S,W,SM,SM,139,1,3.463255814,0.016438356,8.638051044,0.083333333,0.00059952,8
123487_1,SUSC,S,S2,1,F,ASY,Mid-Atlantic,Chesapeake Bay,-64.47029456,48.00949713,7.0,4/29/2013,5/6/2013,119,126,S,2013,12,2.0,S,S,SD,SM,139,1,3.463255814,0.019178082,8.638051044,0.083333333,0.00059952,15
123487_1,SUSC,S,S3,1,F,ASY,Mid-Atlantic,Chesapeake Bay,-66.23742811,50.0174028,11.0,5/8/2013,5/19/2013,128,139,S,2013,15,12.0,S,S,SD,SM,139,1,3.463255814,0.030136986,8.638051044,0.083333333,0.00059952,15
123487_1,SUSC,B,B1,1,F,ASY,Mid-Atlantic,Chesapeake Bay,-68.66240263,56.82251614,48.0,5/27/2013,7/14/2013,147,195,B,2013,22,15.0,B,S,SM,SM,139,1,3.463255814,0.131506849,8.638051044,0.083333333,0.00059952,17
123487_1,SUSC,M,M1,1,F,ASY,Mid-Atlantic,Chesapeake Bay,-67.32151205,58.45520005,14.0,7/20/2013,8/3/2013,201,215,F,2013,22,22.0,F,B,WM,WM,139,1,3.463255814,0.038356164,8.638051044,0.083333333,0.00059952,17
123487_1,SUSC,M,M2,1,F,ASY,Mid-Atlantic,Chesapeake Bay,-66.41718349,48.13016195,57.0,8/10/2013,10/6/2013,222,279,F,2013,31,22.0,F,F,MD,WM,139,1,3.463255814,0.156164384,8.638051044,0.083333333,0.00059952,15
123487_1,SUSC,M,M3,1,F,ASY,Mid-Atlantic,Chesapeake Bay,-67.94680125,49.22399826,19.0,10/9/2013,10/28/2013,282,301,F,2013,16,31.0,F,F,MD,WM,139,1,3.463255814,0.052054795,8.638051044,0.083333333,0.00059952,15
123487_1,SUSC,W,W1,2,F,ASY,Mid-Atlantic,Chesapeake Bay,-70.15551176,41.42330349,21.04166667,11/3/2013,11/24/2013,307,328,W,2013,1,16.0,W,F,WM,WM,139,1,3.463255814,0.057648402,8.638051044,0.083333333,0.00059952,8
123487_1,SUSC,W,W2,2,F,ASY,Mid-Atlantic,Chesapeake Bay,-75.6910642,38.0281383,10.0,11/25/2013,12/5/2013,329,339,W,2013,3,1.0,W,W,WD,W,139,1,3.463255814,0.02739726,8.638051044,0.083333333,0.00059952,7
123487_1,SUSC,W,W3,2,F,ASY,Mid-Atlantic,Chesapeake Bay,-75.89741113,37.65319846,11.0,12/6/2013,12/17/2013,340,351,W,2013,7,3.0,W,W,WD,W,139,1,3.463255814,0.030136986,8.638051044,0.083333333,0.00059952,7
123488_1,SUSC,W,W2,1,M,ATY,Mid-Atlantic,Delaware Bay,-76.29527298,37.33193464,16.0,4/3/2013,4/19/2013,93,109,W,2013,7,3.0,W,W,WD,W,139,1,3.463255814,0.043835616,5.781055899,0.25,0.001798561,7
123488_1,SUSC,S,S1,1,M,ATY,Mid-Atlantic,Delaware Bay,-64.74363846,47.58188667,4.0,5/1/2013,5/5/2013,121,125,S,2013,12,7.0,S,W,SM,SM,139,1,3.463255814,0.010958904,5.781055899,0.25,0.001798561,14
123488_1,SUSC,S,S2,1,M,ATY,Mid-Atlantic,Delaware Bay,-68.51231571,49.05799037,10.0,5/9/2013,5/19/2013,129,139,S,2013,16,12.0,S,S,SD,SM,139,1,3.463255814,0.02739726,5.781055899,0.25,0.001798561,13
123489_1,SUSC,S,S1,1,M,ATY,Mid-Atlantic,Delaware Bay,-63.96058909,46.44890213,11.0,4/8/2013,4/19/2013,98,109,S,2013,12,3.0,S,W,SM,SM,139,1,3.463255814,0.030136986,5.781055899,0.166666667,0.001199041,14
123489_1,SUSC,S,S2,1,M,ATY,Mid-Atlantic,Delaware Bay,-66.01265509,49.89981493,24.0,4/20/2013,5/14/2013,110,134,S,2013,15,12.0,S,S,SD,SM,139,1,3.463255814,0.065753425,5.781055899,0.166666667,0.001199041,15
123489_1,SUSC,B,B1,1,M,ATY,Mid-Atlantic,Delaware Bay,-69.10038152,52.60061257,24.0,5/24/2013,6/17/2013,144,168,B,2013,20,15.0,B,S,SM,SM,139,1,3.463255814,0.065753425,5.781055899,0.166666667,0.001199041,18
123489_1,SUSC,M,M1,1,M,ATY,Mid-Atlantic,Delaware Bay,-77.80194058,56.45816519,6.0,6/24/2013,6/30/2013,175,181,F,2013,19,20.0,F,B,WM,WM,139,1,3.463255814,0.016438356,5.781055899,0.166666667,0.001199041,22
123489_1,SUSC,M,M2,1,M,ATY,Mid-Atlantic,Delaware Bay,-78.45997618,58.8900996,79.0,7/6/2013,9/23/2013,187,266,F,2013,19,19.0,F,F,MD,WM,139,1,3.463255814,0.216438356,5.781055899,0.166666667,0.001199041,22
123490_1,SUSC,S,S1,1,F,ASY,Mid-Atlantic,Chesapeake Bay,-70.77908254,41.49161037,8.0,4/29/2013,5/7/2013,119,127,S,2013,2,7.0,S,W,SM,SM,139,1,3.463255814,0.021917808,8.638051044,0.111111111,0.000799361,8
123490_1,SUSC,S,S2,1,F,ASY,Mid-Atlantic,Chesapeake Bay,-66.4999259,45.09225201,34.0,5/10/2013,6/13/2013,130,164,S,2013,5,2.0,S,S,SD,SM,139,1,3.463255814,0.093150685,8.638051044,0.111111111,0.000799361,14
123490_1,SUSC,S,S3,1,F,ASY,Mid-Atlantic,Chesapeake Bay,-68.1848941,48.55230852,6.0,6/19/2013,6/25/2013,170,176,S,2013,16,5.0,S,S,SD,SM,139,1,3.463255814,0.016438356,8.638051044,0.111111111,0.000799361,13
123490_1,SUSC,M,M1,1,F,ASY,Mid-Atlantic,Chesapeake Bay,-79.1514942,53.95023161,77.0,7/8/2013,9/23/2013,189,266,F,2013,23,16.0,F,S,SM,SM,139,1,3.463255814,0.210958904,8.638051044,0.111111111,0.000799361,19
123490_1,SUSC,M,M2,1,F,ASY,Mid-Atlantic,Chesapeake Bay,-78.84283361,52.15269067,11.0,9/27/2013,10/8/2013,270,281,F,2013,14,23.0,F,F,MD,WM,139,1,3.463255814,0.030136986,8.638051044,0.111111111,0.000799361,19
123490_1,SUSC,WM,St,1,F,ASY,Mid-Atlantic,Chesapeake Bay,-70.24472222,41.44587697,10.0,10/21/2013,10/31/2013,294,304,F,2013,1,14.0,F,F,MD,WM,139,1,3.463255814,0.02739726,8.638051044,0.111111111,0.000799361,8
123490_1,SUSC,W,W1,2,F,ASY,Mid-Atlantic,Chesapeake Bay,-76.33754908,38.79151419,160.9583333,11/4/2013,4/14/2014,308,104,W,2013,7,1.0,W,F,WM,WM,139,1,3.463255814,0.440981735,8.638051044,0.111111111,0.000799361,7
123490_1,SUSC,S,S1,2,F,ASY,Mid-Atlantic,Chesapeake Bay,-69.04425597,48.25347249,5.0,4/27/2014,5/2/2014,117,122,S,2014,16,7.0,S,W,SM,SM,139,1,3.463255814,0.01369863,8.638051044,0.111111111,0.000799361,13
123640_1,SUSC,S,S1,1,M,ASY,Mid-Atlantic,Chesapeake Bay,-64.12704639,45.9830999,14.0,5/11/2013,5/25/2013,131,145,S,2013,12,7.0,S,W,SM,SM,139,1,3.463255814,0.038356164,5.781055899,0.166666667,0.001199041,14
123640_1,SUSC,M,M1,1,M,ASY,Mid-Atlantic,Chesapeake Bay,-78.93832135,56.39137974,8.0,9/16/2013,9/24/2013,259,267,F,2013,19,12.0,F,S,SM,SM,139,1,3.463255814,0.021917808,5.781055899,0.166666667,0.001199041,22
123640_1,SUSC,M,M2,1,M,ASY,Mid-Atlantic,Chesapeake Bay,-78.57173774,58.87872581,12.0,9/25/2013,10/7/2013,268,280,F,2013,19,19.0,F,F,MD,WM,139,1,3.463255814,0.032876712,5.781055899,0.166666667,0.001199041,22
123640_1,SUSC,M,M3,1,M,ASY,Mid-Atlantic,Chesapeake Bay,-69.22323427,48.58909926,15.0,10/15/2013,10/30/2013,288,303,F,2013,16,19.0,F,F,MD,WM,139,1,3.463255814,0.04109589,5.781055899,0.166666667,0.001199041,13
123640_1,SUSC,W,W1,2,M,ASY,Mid-Atlantic,Chesapeake Bay,-76.12872408,37.66700529,7.0,11/5/2013,11/12/2013,309,316,W,2013,7,16.0,W,F,WM,WM,139,1,3.463255814,0.019178082,5.781055899,0.166666667,0.001199041,7
123641_1,SUSC,S,S1,1,M,ASY,Mid-Atlantic,Chesapeake Bay,-64.5933388,46.3713324,7.0,5/11/2013,5/18/2013,131,138,S,2013,12,7.0,S,W,SM,SM,139,1,3.463255814,0.019178082,5.781055899,0.166666667,0.001199041,14
123641_1,SUSC,M,M1,1,M,ASY,Mid-Atlantic,Chesapeake Bay,-79.06128365,52.12608628,71.0,6/8/2013,8/18/2013,159,230,F,2013,14,12.0,F,S,SM,SM,139,1,3.463255814,0.194520548,5.781055899,0.166666667,0.001199041,19
123641_1,SUSC,M,M2,1,M,ASY,Mid-Atlantic,Chesapeake Bay,-79.54750625,56.37697878,8.0,8/26/2013,9/3/2013,238,246,F,2013,23,14.0,F,F,MD,WM,139,1,3.463255814,0.021917808,5.781055899,0.166666667,0.001199041,22
123641_1,SUSC,M,M3,1,M,ASY,Mid-Atlantic,Chesapeake Bay,-69.02594373,48.66899478,33.0,9/16/2013,10/19/2013,259,292,F,2013,16,23.0,F,F,MD,WM,139,1,3.463255814,0.090410959,5.781055899,0.166666667,0.001199041,13
123641_1,SUSC,W,W1,2,M,ASY,Mid-Atlantic,Chesapeake Bay,-76.15880159,38.37021846,135.0,10/26/2013,3/10/2014,299,69,W,2013,7,16.0,W,F,WM,WM,139,1,3.463255814,0.369863014,5.781055899,0.166666667,0.001199041,7
123642_1,SUSC,S,S1,1,M,ATY,Mid-Atlantic,Delaware Bay,-68.71086561,44.20281358,5.0,5/11/2013,5/16/2013,131,136,S,2013,5,3.0,S,W,SM,SM,139,1,3.463255814,0.01369863,5.781055899,0.166666667,0.001199041,9
123642_1,SUSC,M,M1,1,M,ATY,Mid-Atlantic,Delaware Bay,-68.74756454,48.87933781,130.0,6/19/2013,10/27/2013,170,300,F,2013,16,5.0,F,S,SM,SM,139,1,3.463255814,0.356164384,5.781055899,0.166666667,0.001199041,13
123642_1,SUSC,M,M2,1,M,ATY,Mid-Atlantic,Delaware Bay,-68.16288993,48.663633,8.0,9/23/2013,10/1/2013,266,274,F,2013,16,16.0,F,F,MD,WM,139,1,3.463255814,0.021917808,5.781055899,0.166666667,0.001199041,13
123642_1,SUSC,W,W1,2,M,ATY,Mid-Atlantic,Delaware Bay,-75.27199499,39.01575206,169.0,11/2/2013,4/20/2014,306,110,W,2013,3,16.0,W,F,WM,WM,139,1,3.463255814,0.463013699,5.781055899,0.166666667,0.001199041,7
123642_1,SUSC,S,S1,2,M,ATY,Mid-Atlantic,Delaware Bay,-68.72592224,43.26254809,1.0,4/25/2014,4/26/2014,115,116,S,2014,5,3.0,S,W,SM,SM,139,1,3.463255814,0.002739726,5.781055899,0.166666667,0.001199041,9
123643_1,SUSC,W,W2,1,M,ASY,Mid-Atlantic,Chesapeake Bay,-75.74517165,37.86581687,16.0,4/17/2013,5/3/2013,107,123,W,2013,7,7.0,W,W,WD,W,139,1,3.463255814,0.043835616,5.781055899,0.111111111,0.000799361,7
123643_1,SUSC,SM,St,1,M,ASY,Mid-Atlantic,Chesapeake Bay,-67.08251045,45.05328696,0.0,5/11/2013,5/11/2013,131,131,S,2013,5,7.0,S,W,SM,SM,139,1,3.463255814,0.0,5.781055899,0.111111111,0.000799361,14
123643_1,SUSC,S,S1,1,M,ASY,Mid-Atlantic,Chesapeake Bay,-64.77992412,47.28307285,3.0,5/14/2013,5/17/2013,134,137,S,2013,12,5.0,S,S,SD,SM,139,1,3.463255814,0.008219178,5.781055899,0.111111111,0.000799361,14
123643_1,SUSC,M,M1,1,M,ASY,Mid-Atlantic,Chesapeake Bay,-82.13495434,53.78349017,61.0,6/8/2013,8/8/2013,159,220,F,2013,30,12.0,F,S,SM,SM,139,1,3.463255814,0.167123288,5.781055899,0.111111111,0.000799361,19
123643_1,SUSC,M,M2,1,M,ASY,Mid-Atlantic,Chesapeake Bay,-79.71040714,54.01461808,9.0,8/18/2013,8/27/2013,230,239,F,2013,23,30.0,F,F,MD,WM,139,1,3.463255814,0.024657534,5.781055899,0.111111111,0.000799361,19
123643_1,SUSC,M,M3,1,M,ASY,Mid-Atlantic,Chesapeake Bay,-68.27920502,49.05079443,39.0,9/13/2013,10/22/2013,256,295,F,2013,16,23.0,F,F,MD,WM,139,1,3.463255814,0.106849315,5.781055899,0.111111111,0.000799361,13
123643_1,SUSC,W,W1,2,M,ASY,Mid-Atlantic,Chesapeake Bay,-76.26446467,37.73171735,83.04166667,10/29/2013,1/20/2014,302,20,W,2013,7,16.0,W,F,WM,WM,139,1,3.463255814,0.227511416,5.781055899,0.111111111,0.000799361,7
123643_1,SUSC,W,W2,2,M,ASY,Mid-Atlantic,Chesapeake Bay,-75.75596791,37.85488798,74.95833333,1/21/2014,4/6/2014,21,96,W,2014,7,7.0,W,W,WD,W,139,1,3.463255814,0.205365297,5.781055899,0.111111111,0.000799361,7
123645_1,SUSC,S,S1,1,M,ASY,Mid-Atlantic,Chesapeake Bay,-70.3662676,41.47336168,4.0,4/20/2013,4/24/2013,110,114,S,2013,1,7.0,S,W,SM,SM,139,1,3.463255814,0.010958904,5.781055899,0.090909091,0.000654022,8
123645_1,SUSC,S,S2,1,M,ASY,Mid-Atlantic,Chesapeake Bay,-63.854438,46.37497371,13.0,4/25/2013,5/8/2013,115,128,S,2013,12,1.0,S,S,SD,SM,139,1,3.463255814,0.035616438,5.781055899,0.090909091,0.000654022,14
123645_1,SUSC,S,S3,1,M,ASY,Mid-Atlantic,Chesapeake Bay,-66.66700646,50.03541898,13.0,5/10/2013,5/23/2013,130,143,S,2013,15,12.0,S,S,SD,SM,139,1,3.463255814,0.035616438,5.781055899,0.090909091,0.000654022,15
123645_1,SUSC,BM,St,1,M,ASY,Mid-Atlantic,Chesapeake Bay,-55.94171264,52.30643823,3.0,5/29/2013,6/1/2013,149,152,S,2013,17,15.0,S,S,SD,SM,139,1,3.463255814,0.008219178,5.781055899,0.090909091,0.000654022,16
123645_1,SUSC,M,M1,1,M,ASY,Mid-Atlantic,Chesapeake Bay,-57.66975714,54.13936134,10.0,6/4/2013,6/14/2013,155,165,F,2013,17,17.0,F,S,SM,SM,139,1,3.463255814,0.02739726,5.781055899,0.090909091,0.000654022,16
123645_1,SUSC,M,M2,1,M,ASY,Mid-Atlantic,Chesapeake Bay,-61.22498612,56.35861362,87.0,6/19/2013,9/14/2013,170,257,F,2013,17,17.0,F,F,MD,WM,139,1,3.463255814,0.238356164,5.781055899,0.090909091,0.000654022,16
123645_1,SUSC,M,M3,1,M,ASY,Mid-Atlantic,Chesapeake Bay,-68.50263583,48.78872076,22.0,9/17/2013,10/9/2013,260,282,F,2013,16,17.0,F,F,MD,WM,139,1,3.463255814,0.060273973,5.781055899,0.090909091,0.000654022,13
123645_1,SUSC,W,W1,2,M,ASY,Mid-Atlantic,Chesapeake Bay,-73.83934615,39.57777025,21.04166667,10/14/2013,11/4/2013,287,308,W,2013,3,16.0,W,F,WM,WM,139,1,3.463255814,0.057648402,5.781055899,0.090909091,0.000654022,8
123645_1,SUSC,W,W2,2,M,ASY,Mid-Atlantic,Chesapeake Bay,-75.85592811,37.8607142,14.0,11/5/2013,11/19/2013,309,323,W,2013,7,3.0,W,W,WD,W,139,1,3.463255814,0.038356164,5.781055899,0.090909091,0.000654022,7
123645_1,SUSC,W,W3,2,M,ASY,Mid-Atlantic,Chesapeake Bay,-76.11527987,37.1544402,91.0,11/20/2013,2/19/2014,324,50,W,2013,7,7.0,W,W,WD,W,139,1,3.463255814,0.249315068,5.781055899,0.090909091,0.000654022,7
123646_1,SUSC,S,S1,1,M,ASY,Mid-Atlantic,Chesapeake Bay,-71.48046884,41.3149929,22.0,5/7/2013,5/29/2013,127,149,S,2013,2,7.0,S,W,SM,SM,139,1,3.463255814,0.060273973,5.781055899,0.5,0.003597122,8
123649_1,SUSC,S,S1,1,F,ASY,Mid-Atlantic,Chesapeake Bay,-68.3506334,47.70844648,9.0,5/11/2013,5/20/2013,131,140,S,2013,16,7.0,S,W,SM,SM,139,1,3.463255814,0.024657534,8.638051044,0.166666667,0.001199041,13
123649_1,SUSC,B,B1,1,F,ASY,Mid-Atlantic,Chesapeake Bay,-69.38992157,57.2377734,41.0,5/27/2013,7/7/2013,147,188,B,2013,22,16.0,B,S,SM,SM,139,1,3.463255814,0.112328767,8.638051044,0.166666667,0.001199041,17
123649_1,SUSC,M,M1,1,F,ASY,Mid-Atlantic,Chesapeake Bay,-60.83931677,56.02649052,72.0,7/14/2013,9/24/2013,195,267,F,2013,17,22.0,F,B,WM,WM,139,1,3.463255814,0.197260274,8.638051044,0.166666667,0.001199041,16
123649_1,SUSC,M,M2,1,F,ASY,Mid-Atlantic,Chesapeake Bay,-68.90711276,48.74371125,28.0,9/28/2013,10/26/2013,271,299,F,2013,16,17.0,F,F,MD,WM,139,1,3.463255814,0.076712329,8.638051044,0.166666667,0.001199041,13
123649_1,SUSC,W,W1,2,F,ASY,Mid-Atlantic,Chesapeake Bay,-76.21633371,37.97256081,116.0416667,10/30/2013,2/23/2014,303,54,W,2013,7,16.0,W,F,WM,WM,139,1,3.463255814,0.317922374,8.638051044,0.166666667,0.001199041,7
123650_1,SUSC,SM,St,1,M,ASY,Mid-Atlantic,Chesapeake Bay,-70.6647851,42.58939711,1.0,5/4/2013,5/5/2013,124,125,S,2013,6,7.0,S,W,SM,SM,139,1,3.463255814,0.002739726,5.781055899,0.111111111,0.000799361,9
123650_1,SUSC,S,S1,1,M,ASY,Mid-Atlantic,Chesapeake Bay,-67.55245552,48.3791005,20.0,5/8/2013,5/28/2013,128,148,S,2013,16,6.0,S,S,SD,SM,139,1,3.463255814,0.054794521,5.781055899,0.111111111,0.000799361,15
123650_1,SUSC,B,B1,1,M,ASY,Mid-Atlantic,Chesapeake Bay,-96.76905569,59.19293522,9.0,6/11/2013,6/20/2013,162,171,B,2013,18,16.0,B,S,SM,SM,139,1,3.463255814,0.024657534,5.781055899,0.111111111,0.000799361,24
123650_1,SUSC,M,M1,1,M,ASY,Mid-Atlantic,Chesapeake Bay,-87.01173002,56.20571952,8.0,6/28/2013,7/6/2013,179,187,F,2013,29,18.0,F,B,WM,WM,139,1,3.463255814,0.021917808,5.781055899,0.111111111,0.000799361,23
123650_1,SUSC,M,M2,1,M,ASY,Mid-Atlantic,Chesapeake Bay,-77.75071464,56.38347404,43.0,7/13/2013,8/25/2013,194,237,F,2013,19,29.0,F,F,MD,WM,139,1,3.463255814,0.117808219,5.781055899,0.111111111,0.000799361,22
123650_1,SUSC,M,M3,1,M,ASY,Mid-Atlantic,Chesapeake Bay,-77.98907872,57.95218687,27.0,9/4/2013,10/1/2013,247,274,F,2013,19,19.0,F,F,MD,WM,139,1,3.463255814,0.073972603,5.781055899,0.111111111,0.000799361,22
123650_1,SUSC,M,M4,1,M,ASY,Mid-Atlantic,Chesapeake Bay,-68.14110501,49.10618584,16.0,10/6/2013,10/22/2013,279,295,F,2013,16,19.0,F,F,MD,WM,139,1,3.463255814,0.043835616,5.781055899,0.111111111,0.000799361,15
123650_1,SUSC,W,W1,2,M,ASY,Mid-Atlantic,Chesapeake Bay,-76.33764512,38.52384469,129.0416667,10/29/2013,3/7/2014,302,66,W,2013,7,16.0,W,F,WM,WM,139,1,3.463255814,0.353538813,5.781055899,0.111111111,0.000799361,7
123651_1,SUSC,S,S1,1,M,ASY,Mid-Atlantic,Chesapeake Bay,-68.72574375,44.00480655,7.0,5/10/2013,5/17/2013,130,137,S,2013,5,7.0,S,W,SM,SM,139,1,3.463255814,0.019178082,5.781055899,0.142857143,0.001027749,9
123651_1,SUSC,S,S2,1,M,ASY,Mid-Atlantic,Chesapeake Bay,-68.86755924,48.78747737,6.0,5/19/2013,5/25/2013,139,145,S,2013,16,5.0,S,S,SD,SM,139,1,3.463255814,0.016438356,5.781055899,0.142857143,0.001027749,13
123651_1,SUSC,M,M1,1,M,ASY,Mid-Atlantic,Chesapeake Bay,-77.85621586,56.33818348,69.0,6/17/2013,8/25/2013,168,237,F,2013,19,16.0,F,S,SM,SM,139,1,3.463255814,0.189041096,5.781055899,0.142857143,0.001027749,22
123651_1,SUSC,M,M2,1,M,ASY,Mid-Atlantic,Chesapeake Bay,-78.7816016,56.24476417,9.0,8/29/2013,9/7/2013,241,250,F,2013,19,19.0,F,F,MD,WM,139,1,3.463255814,0.024657534,5.781055899,0.142857143,0.001027749,22
123651_1,SUSC,M,M3,1,M,ASY,Mid-Atlantic,Chesapeake Bay,-68.75279788,48.82987139,38.0,9/15/2013,10/23/2013,258,296,F,2013,16,19.0,F,F,MD,WM,139,1,3.463255814,0.104109589,5.781055899,0.142857143,0.001027749,13
123651_1,SUSC,W,W1,2,M,ASY,Mid-Atlantic,Chesapeake Bay,-76.41019441,38.82118628,44.04166667,10/28/2013,12/11/2013,301,345,W,2013,7,16.0,W,F,WM,WM,139,1,3.463255814,0.1206621,5.781055899,0.142857143,0.001027749,7
123652_1,SUSC,S,S1,1,M,ASY,Mid-Atlantic,Chesapeake Bay,-68.15797595,44.38590726,5.0,5/11/2013,5/16/2013,131,136,S,2013,5,7.0,S,W,SM,SM,139,1,3.463255814,0.01369863,5.781055899,0.125,0.000899281,9
123652_1,SUSC,S,S2,1,M,ASY,Mid-Atlantic,Chesapeake Bay,-65.45717364,44.77219418,14.0,5/19/2013,6/2/2013,139,153,S,2013,5,5.0,S,S,SD,SM,139,1,3.463255814,0.038356164,5.781055899,0.125,0.000899281,14
123652_1,SUSC,B,B1,1,M,ASY,Mid-Atlantic,Chesapeake Bay,-74.1866233,53.48144522,2.0,6/13/2013,6/15/2013,164,166,B,2013,20,5.0,B,S,SM,SM,139,1,3.463255814,0.005479452,5.781055899,0.125,0.000899281,20
123652_1,SUSC,M,M1,1,M,ASY,Mid-Atlantic,Chesapeake Bay,-79.53828973,54.77829839,65.0,6/20/2013,8/24/2013,171,236,F,2013,23,20.0,F,B,WM,WM,139,1,3.463255814,0.178082192,5.781055899,0.125,0.000899281,19
123652_1,SUSC,M,M2,1,M,ASY,Mid-Atlantic,Chesapeake Bay,-76.22819276,56.30032576,27.0,8/28/2013,9/24/2013,240,267,F,2013,19,23.0,F,F,MD,WM,139,1,3.463255814,0.073972603,5.781055899,0.125,0.000899281,20
123652_1,SUSC,M,M3,1,M,ASY,Mid-Atlantic,Chesapeake Bay,-68.21272289,49.09016298,26.0,9/27/2013,10/23/2013,270,296,F,2013,16,19.0,F,F,MD,WM,139,1,3.463255814,0.071232877,5.781055899,0.125,0.000899281,15
123652_1,SUSC,W,W1,2,M,ASY,Mid-Atlantic,Chesapeake Bay,-76.32989768,38.66136068,115.0416667,10/29/2013,2/21/2014,302,52,W,2013,7,16.0,W,F,WM,WM,139,1,3.463255814,0.315182648,5.781055899,0.125,0.000899281,7
123653_1,SUSC,W,W2,1,M,ASY,Mid-Atlantic,Chesapeake Bay,-76.22594861,38.75234722,16.0,4/23/2013,5/9/2013,113,129,W,2013,7,7.0,W,W,WD,W,139,1,3.463255814,0.043835616,5.781055899,0.1,0.000719424,7
123653_1,SUSC,S,S1,1,M,ASY,Mid-Atlantic,Chesapeake Bay,-63.18160625,46.17909667,4.0,5/15/2013,5/19/2013,135,139,S,2013,12,7.0,S,W,SM,SM,139,1,3.463255814,0.010958904,5.781055899,0.1,0.000719424,14
123653_1,SUSC,S,S2,1,M,ASY,Mid-Atlantic,Chesapeake Bay,-66.82548307,49.7030882,6.0,6/6/2013,6/12/2013,157,163,S,2013,15,12.0,S,S,SD,SM,139,1,3.463255814,0.016438356,5.781055899,0.1,0.000719424,15
123653_1,SUSC,B,B1,1,M,ASY,Mid-Atlantic,Chesapeake Bay,-63.91880888,53.73783126,8.0,6/18/2013,6/26/2013,169,177,B,2013,15,15.0,B,S,SM,SM,139,1,3.463255814,0.021917808,5.781055899,0.1,0.000719424,18
123653_1,SUSC,M,M1,1,M,ASY,Mid-Atlantic,Chesapeake Bay,-61.10380321,56.18996492,71.0,7/4/2013,9/13/2013,185,256,F,2013,17,15.0,F,B,WM,WM,139,1,3.463255814,0.194520548,5.781055899,0.1,0.000719424,16
123653_1,SUSC,M,M2,1,M,ASY,Mid-Atlantic,Chesapeake Bay,-57.56552758,54.43352504,8.0,9/17/2013,9/25/2013,260,268,F,2013,17,17.0,F,F,MD,WM,139,1,3.463255814,0.021917808,5.781055899,0.1,0.000719424,16
123653_1,SUSC,W,W1,2,M,ASY,Mid-Atlantic,Chesapeake Bay,-63.12190307,46.10003557,16.0,9/28/2013,10/14/2013,271,287,W,2013,12,17.0,W,F,WM,WM,139,1,3.463255814,0.043835616,5.781055899,0.1,0.000719424,14
123653_1,SUSC,W,W2,2,M,ASY,Mid-Atlantic,Chesapeake Bay,-70.34819979,41.28147882,11.0,10/17/2013,10/28/2013,290,301,W,2013,1,12.0,W,W,WD,W,139,1,3.463255814,0.030136986,5.781055899,0.1,0.000719424,8
123653_1,SUSC,W,W3,2,M,ASY,Mid-Atlantic,Chesapeake Bay,-76.1142713,38.60907209,78.04166667,11/2/2013,1/19/2014,306,19,W,2013,7,1.0,W,W,WD,W,139,1,3.463255814,0.213812785,5.781055899,0.1,0.000719424,7
129754_1,SUSC,W,W1,1,F,ATY,Quebec,St. Lawrence River,-70.78237577,41.50764177,164.9583333,11/4/2013,4/18/2014,308,108,W,2013,2,16.0,W,F,WM,WM,139,1,3.463255814,0.451940639,8.638051044,0.142857143,0.001027749,8
129754_1,SUSC,S,S1,1,F,ATY,Quebec,St. Lawrence River,-63.59565804,45.98160995,18.0,4/26/2014,5/14/2014,116,134,S,2014,12,2.0,S,W,SM,SM,139,1,3.463255814,0.049315068,8.638051044,0.142857143,0.001027749,14
129754_1,SUSC,BM,St,1,F,ATY,Quebec,St. Lawrence River,-66.50168116,50.07916413,4.0,5/18/2014,5/22/2014,138,142,S,2014,15,12.0,S,S,SD,SM,139,1,3.463255814,0.010958904,8.638051044,0.142857143,0.001027749,15
129754_1,SUSC,B,B1,1,F,ATY,Quebec,St. Lawrence River,-72.68916574,56.52975514,64.0,5/27/2014,7/30/2014,147,211,B,2014,20,15.0,B,S,SM,SM,139,1,3.463255814,0.175342466,8.638051044,0.142857143,0.001027749,20
129754_1,SUSC,M,M1,2,F,ATY,Quebec,St. Lawrence River,-68.50156594,49.01158996,70.0,8/9/2014,10/18/2014,221,291,F,2014,16,20.0,F,B,WM,WM,139,1,3.463255814,0.191780822,8.638051044,0.142857143,0.001027749,13
129754_1,SUSC,W,W1,2,F,ATY,Quebec,St. Lawrence River,-70.53719956,41.34276897,40.04166667,10/25/2014,12/4/2014,298,338,W,2014,1,16.0,W,F,WM,WM,139,1,3.463255814,0.109703196,8.638051044,0.142857143,0.001027749,8
129755_1,SUSC,W,W1,1,F,ATY,Quebec,St. Lawrence River,-75.55495468,37.03572843,171.0,11/2/2013,4/22/2014,306,112,W,2013,7,16.0,W,F,WM,WM,139,1,3.463255814,0.468493151,8.638051044,0.2,0.001438849,7
129755_1,SUSC,S,S1,1,F,ATY,Quebec,St. Lawrence River,-64.84307428,45.82850518,1.0,4/26/2014,4/27/2014,116,117,S,2014,12,7.0,S,W,SM,SM,139,1,3.463255814,0.002739726,8.638051044,0.2,0.001438849,14
129755_1,SUSC,B,B1,1,F,ATY,Quebec,St. Lawrence River,-63.28069742,53.18881912,54.0,5/17/2014,7/10/2014,137,191,B,2014,15,12.0,B,S,SM,SM,139,1,3.463255814,0.147945205,8.638051044,0.2,0.001438849,18
129755_1,SUSC,M,M1,2,F,ATY,Quebec,St. Lawrence River,-69.14386418,48.56662729,61.0,8/6/2014,10/6/2014,218,279,F,2014,16,15.0,F,B,WM,WM,139,1,3.463255814,0.167123288,8.638051044,0.2,0.001438849,13
129757_1,SUSC,W,W1,1,F,ATY,Quebec,St. Lawrence River,-73.78929621,39.73967293,10.0,11/6/2013,11/16/2013,310,320,W,2013,3,16.0,W,F,WM,WM,139,1,3.463255814,0.02739726,8.638051044,0.090909091,0.000654022,8
129757_1,SUSC,W,W2,1,F,ATY,Quebec,St. Lawrence River,-76.19669309,35.32083849,134.9583333,11/20/2013,4/4/2014,324,94,W,2013,8,3.0,W,W,WD,W,139,1,3.463255814,0.369748858,8.638051044,0.090909091,0.000654022,7
129757_1,SUSC,S,S1,1,F,ATY,Quebec,St. Lawrence River,-64.59918965,46.73496609,27.0,4/15/2014,5/12/2014,105,132,S,2014,12,8.0,S,W,SM,SM,139,1,3.463255814,0.073972603,8.638051044,0.090909091,0.000654022,14
129757_1,SUSC,S,S2,1,F,ATY,Quebec,St. Lawrence River,-62.88952547,48.96226033,29.0,4/24/2014,5/23/2014,114,143,S,2014,15,12.0,S,S,SD,SM,139,1,3.463255814,0.079452055,8.638051044,0.090909091,0.000654022,15
129757_1,SUSC,S,S3,1,F,ATY,Quebec,St. Lawrence River,-61.58780247,50.04728784,6.0,5/17/2014,5/23/2014,137,143,S,2014,15,15.0,S,S,SD,SM,139,1,3.463255814,0.016438356,8.638051044,0.090909091,0.000654022,15
129757_1,SUSC,B,B1,1,F,ATY,Quebec,St. Lawrence River,-61.75188509,55.1538555,69.0,5/29/2014,8/6/2014,149,218,B,2014,17,15.0,B,S,SM,SM,139,1,3.463255814,0.189041096,8.638051044,0.090909091,0.000654022,16
129757_1,SUSC,M,M1,2,F,ATY,Quebec,St. Lawrence River,-68.73763795,48.52910952,79.0,7/31/2014,10/18/2014,212,291,F,2014,16,17.0,F,B,WM,WM,139,1,3.463255814,0.216438356,8.638051044,0.090909091,0.000654022,13
129757_1,SUSC,M,M2,2,F,ATY,Quebec,St. Lawrence River,-69.77303408,47.6831546,6.0,8/25/2014,8/31/2014,237,243,F,2014,16,16.0,F,F,MD,WM,139,1,3.463255814,0.016438356,8.638051044,0.090909091,0.000654022,13
129757_1,SUSC,W,W1,2,F,ATY,Quebec,St. Lawrence River,-73.51692865,38.17931879,99.04166667,10/27/2014,2/3/2015,300,34,W,2014,3,16.0,W,F,WM,WM,139,1,3.463255814,0.271347032,8.638051044,0.090909091,0.000654022,7
129757_1,SUSC,W,W2,2,F,ATY,Quebec,St. Lawrence River,-76.17132561,35.33213277,72.0,11/23/2014,2/3/2015,327,34,W,2014,8,3.0,W,W,WD,W,139,1,3.463255814,0.197260274,8.638051044,0.090909091,0.000654022,7
129763_1,SUSC,W,W1,1,F,ATY,Quebec,St. Lawrence River,-69.97161293,41.86317476,8.0,11/14/2013,11/22/2013,318,326,W,2013,1,16.0,W,F,WM,WM,139,1,3.463255814,0.021917808,8.638051044,0.1,0.000719424,9
129763_1,SUSC,W,W2,1,F,ATY,Quebec,St. Lawrence River,-75.1327687,39.04965159,122.9583333,11/28/2013,3/31/2014,332,90,W,2013,3,1.0,W,W,WD,W,139,1,3.463255814,0.336872146,8.638051044,0.1,0.000719424,7
129763_1,SUSC,S,S1,1,F,ATY,Quebec,St. Lawrence River,-73.87359555,40.51626966,1.0,4/4/2014,4/5/2014,94,95,S,2014,2,3.0,S,W,SM,SM,139,1,3.463255814,0.002739726,8.638051044,0.1,0.000719424,8
129763_1,SUSC,S,S2,1,F,ATY,Quebec,St. Lawrence River,-64.82609751,47.85846697,24.0,4/19/2014,5/13/2014,109,133,S,2014,12,2.0,S,S,SD,SM,139,1,3.463255814,0.065753425,8.638051044,0.1,0.000719424,15
129763_1,SUSC,B,B1,1,F,ATY,Quebec,St. Lawrence River,-92.34479156,55.97382666,57.0,5/30/2014,7/26/2014,150,207,B,2014,29,12.0,B,S,SM,SM,139,1,3.463255814,0.156164384,8.638051044,0.1,0.000719424,23
129763_1,SUSC,M,M1,2,F,ATY,Quebec,St. Lawrence River,-69.05499267,48.66091069,38.0,8/13/2014,9/20/2014,225,263,F,2014,16,29.0,F,B,WM,WM,139,1,3.463255814,0.104109589,8.638051044,0.1,0.000719424,13
129763_1,SUSC,M,M2,2,F,ATY,Quebec,St. Lawrence River,-68.91955118,47.00784005,43.04166667,10/2/2014,11/14/2014,275,318,F,2014,16,16.0,F,F,MD,WM,139,1,3.463255814,0.117922374,8.638051044,0.1,0.000719424,9
129763_1,SUSC,W,W1,2,F,ATY,Quebec,St. Lawrence River,-76.49530758,35.07918321,112.9583333,11/25/2014,3/18/2015,329,77,W,2014,8,16.0,W,F,WM,WM,139,1,3.463255814,0.309474886,8.638051044,0.1,0.000719424,7
129763_1,SUSC,SM,St,2,F,ATY,Quebec,St. Lawrence River,-74.94016657,38.87306072,3.0,3/25/2015,3/28/2015,84,87,S,2015,3,8.0,S,W,SM,SM,139,1,3.463255814,0.008219178,8.638051044,0.1,0.000719424,7
129769_1,SUSC,W,W1,1,F,ATY,Quebec,St. Lawrence River,-71.83258324,41.15917265,168.9583333,11/4/2013,4/22/2014,308,112,W,2013,2,16.0,W,F,WM,WM,139,1,3.463255814,0.462899543,8.638051044,0.111111111,0.000799361,8
129769_1,SUSC,W,W2,1,F,ATY,Quebec,St. Lawrence River,-69.99039787,41.34544553,90.0,11/11/2013,2/9/2014,315,40,W,2013,1,2.0,W,W,WD,W,139,1,3.463255814,0.246575342,8.638051044,0.111111111,0.000799361,8
129769_1,SUSC,SM,St,1,F,ATY,Quebec,St. Lawrence River,-64.22543542,46.40916938,1.0,5/2/2014,5/3/2014,122,123,S,2014,12,1.0,S,W,SM,SM,139,1,3.463255814,0.002739726,8.638051044,0.111111111,0.000799361,14
129769_1,SUSC,S,S1,1,F,ATY,Quebec,St. Lawrence River,-64.62621583,49.06202735,15.0,5/8/2014,5/23/2014,128,143,S,2014,12,12.0,S,S,SD,SM,139,1,3.463255814,0.04109589,8.638051044,0.111111111,0.000799361,15
129769_1,SUSC,B,B1,1,F,ATY,Quebec,St. Lawrence River,-60.58047545,52.57061896,64.0,5/27/2014,7/30/2014,147,211,B,2014,17,12.0,B,S,SM,SM,139,1,3.463255814,0.175342466,8.638051044,0.111111111,0.000799361,16
129769_1,SUSC,M,M1,2,F,ATY,Quebec,St. Lawrence River,-58.02714077,54.10407923,62.0,8/6/2014,10/7/2014,218,280,F,2014,17,17.0,F,B,WM,WM,139,1,3.463255814,0.169863014,8.638051044,0.111111111,0.000799361,16
129769_1,SUSC,WM,St,2,F,ATY,Quebec,St. Lawrence River,-66.04092097,50.42142886,3.0,10/16/2014,10/19/2014,289,292,F,2014,15,17.0,F,F,MD,WM,139,1,3.463255814,0.008219178,8.638051044,0.111111111,0.000799361,15
129769_1,SUSC,W,W1,2,F,ATY,Quebec,St. Lawrence River,-69.92657743,41.33543176,4.0,10/25/2014,10/29/2014,298,302,W,2014,1,15.0,W,F,WM,WM,139,1,3.463255814,0.010958904,8.638051044,0.111111111,0.000799361,8
130690_1,SUSC,W,W1,1,F,ATY,Quebec,St. Lawrence River,-76.36145056,38.66889624,102.0,11/5/2013,2/15/2014,309,46,W,2013,7,16.0,W,F,WM,WM,139,1,3.463255814,0.279452055,8.638051044,0.142857143,0.001027749,7
130690_1,SUSC,W,W2,1,F,ATY,Quebec,St. Lawrence River,-75.94943455,37.13608711,35.95833333,3/2/2014,4/7/2014,61,97,W,2014,7,7.0,W,W,WD,W,139,1,3.463255814,0.098515982,8.638051044,0.142857143,0.001027749,7
130690_1,SUSC,S,S1,1,F,ATY,Quebec,St. Lawrence River,-64.49906525,46.5003883,15.0,4/15/2014,4/30/2014,105,120,S,2014,12,7.0,S,W,SM,SM,139,1,3.463255814,0.04109589,8.638051044,0.142857143,0.001027749,14
130690_1,SUSC,B,B1,1,F,ATY,Quebec,St. Lawrence River,-67.91118027,49.60257831,132.0,5/11/2014,9/20/2014,131,263,B,2014,16,12.0,B,S,SM,SM,139,1,3.463255814,0.361643836,8.638051044,0.142857143,0.001027749,15
130690_1,SUSC,M,M1,2,F,ATY,Quebec,St. Lawrence River,-64.84695434,47.28080423,26.0,9/24/2014,10/20/2014,267,293,F,2014,12,16.0,F,B,WM,WM,139,1,3.463255814,0.071232877,8.638051044,0.142857143,0.001027749,14
130690_1,SUSC,W,W1,2,F,ATY,Quebec,St. Lawrence River,-75.86014601,38.19559378,72.04166667,10/31/2014,1/11/2015,304,11,W,2014,7,12.0,W,F,WM,WM,139,1,3.463255814,0.197374429,8.638051044,0.142857143,0.001027749,7
130691_1,SUSC,W,W1,1,F,ATY,Quebec,St. Lawrence River,-75.99249164,37.88775638,157.9583333,11/10/2013,4/17/2014,314,107,W,2013,7,16.0,W,F,WM,WM,139,1,3.463255814,0.432762557,8.638051044,0.142857143,0.001027749,7
130691_1,SUSC,S,S1,1,F,ATY,Quebec,St. Lawrence River,-64.66162171,47.99557785,13.0,5/4/2014,5/17/2014,124,137,S,2014,12,7.0,S,W,SM,SM,139,1,3.463255814,0.035616438,8.638051044,0.142857143,0.001027749,15
130691_1,SUSC,B,B1,1,F,ATY,Quebec,St. Lawrence River,-71.77203514,51.89841819,56.0,5/30/2014,7/25/2014,150,206,B,2014,20,12.0,B,S,SM,SM,139,1,3.463255814,0.153424658,8.638051044,0.142857143,0.001027749,13
130691_1,SUSC,M,M1,2,F,ATY,Quebec,St. Lawrence River,-68.70045717,48.88899232,64.0,7/31/2014,10/3/2014,212,276,F,2014,16,20.0,F,B,WM,WM,139,1,3.463255814,0.175342466,8.638051044,0.142857143,0.001027749,13
130691_1,SUSC,M,M2,2,F,ATY,Quebec,St. Lawrence River,-68.11773443,49.19695052,25.0,10/4/2014,10/29/2014,277,302,F,2014,16,16.0,F,F,MD,WM,139,1,3.463255814,0.068493151,8.638051044,0.142857143,0.001027749,15
130691_1,SUSC,W,W1,2,F,ATY,Quebec,St. Lawrence River,-76.0766415,37.8504239,69.0,11/11/2014,1/19/2015,315,19,W,2014,7,16.0,W,F,WM,WM,139,1,3.463255814,0.189041096,8.638051044,0.142857143,0.001027749,7
130693_1,SUSC,W,W1,1,F,ATY,Quebec,St. Lawrence River,-75.84602792,37.87814664,68.0,11/19/2013,1/26/2014,323,26,W,2013,7,16.0,W,F,WM,WM,139,1,3.463255814,0.18630137,8.638051044,0.142857143,0.001027749,7
130693_1,SUSC,W,W2,1,F,ATY,Quebec,St. Lawrence River,-76.01479377,35.94031388,98.95833333,1/30/2014,5/9/2014,30,129,W,2014,8,7.0,W,W,WD,W,139,1,3.463255814,0.271118721,8.638051044,0.142857143,0.001027749,7
130693_1,SUSC,S,S1,1,F,ATY,Quebec,St. Lawrence River,-66.96840673,48.63770025,1.0,5/21/2014,5/22/2014,141,142,S,2014,31,8.0,S,W,SM,SM,139,1,3.463255814,0.002739726,8.638051044,0.142857143,0.001027749,15
130693_1,SUSC,B,B1,1,F,ATY,Quebec,St. Lawrence River,-74.44036993,55.57631107,78.0,6/3/2014,8/20/2014,154,232,B,2014,20,31.0,B,S,SM,SM,139,1,3.463255814,0.21369863,8.638051044,0.142857143,0.001027749,20
130693_1,SUSC,M,M1,2,F,ATY,Quebec,St. Lawrence River,-68.52798955,49.00050375,65.0,8/28/2014,11/1/2014,240,305,F,2014,16,20.0,F,B,WM,WM,139,1,3.463255814,0.178082192,8.638051044,0.142857143,0.001027749,13
130693_1,SUSC,W,W1,2,F,ATY,Quebec,St. Lawrence River,-69.95779188,41.41449991,43.0,11/7/2014,12/20/2014,311,354,W,2014,1,16.0,W,F,WM,WM,139,1,3.463255814,0.117808219,8.638051044,0.142857143,0.001027749,8
130694_1,SUSC,W,W1,1,F,ATY,Quebec,St. Lawrence River,-74.32868083,39.52370832,13.0,11/8/2013,11/21/2013,312,325,W,2013,3,16.0,W,F,WM,WM,139,1,3.463255814,0.035616438,8.638051044,0.090909091,0.000654022,7
130694_1,SUSC,W,W2,1,F,ATY,Quebec,St. Lawrence River,-76.32340234,37.89121358,14.0,11/29/2013,12/13/2013,333,347,W,2013,7,3.0,W,W,WD,W,139,1,3.463255814,0.038356164,8.638051044,0.090909091,0.000654022,7
130694_1,SUSC,W,W3,1,F,ATY,Quebec,St. Lawrence River,-75.1036268,39.17983662,120.9583333,12/16/2013,4/16/2014,350,106,W,2013,3,7.0,W,W,WD,W,139,1,3.463255814,0.331392694,8.638051044,0.090909091,0.000654022,7
130694_1,SUSC,S,S1,1,F,ATY,Quebec,St. Lawrence River,-62.12966022,46.25090095,14.0,4/28/2014,5/12/2014,118,132,S,2014,13,3.0,S,W,SM,SM,139,1,3.463255814,0.038356164,8.638051044,0.090909091,0.000654022,15
130694_1,SUSC,B,B1,1,F,ATY,Quebec,St. Lawrence River,-112.3968556,62.93480951,55.0,6/7/2014,8/1/2014,158,213,B,2014,24,13.0,B,S,SM,SM,139,1,3.463255814,0.150684932,8.638051044,0.090909091,0.000654022,4
130694_1,SUSC,M,M1,2,F,ATY,Quebec,St. Lawrence River,-69.05956079,48.65156944,57.0,8/31/2014,10/27/2014,243,300,F,2014,16,24.0,F,B,WM,WM,139,1,3.463255814,0.156164384,8.638051044,0.090909091,0.000654022,13
130694_1,SUSC,W,W1,2,F,ATY,Quebec,St. Lawrence River,-74.27265117,39.54771486,75.0,11/16/2014,1/30/2015,320,30,W,2014,3,16.0,W,F,WM,WM,139,1,3.463255814,0.205479452,8.638051044,0.090909091,0.000654022,7
130694_1,SUSC,W,W2,2,F,ATY,Quebec,St. Lawrence River,-74.88867172,39.17540885,59.95833333,1/31/2015,4/1/2015,31,91,W,2015,3,3.0,W,W,WD,W,139,1,3.463255814,0.164269406,8.638051044,0.090909091,0.000654022,7
130694_1,SUSC,S,S1,2,F,ATY,Quebec,St. Lawrence River,-64.93943229,47.95943116,7.0,4/16/2015,4/23/2015,106,113,S,2015,12,3.0,S,W,SM,SM,139,1,3.463255814,0.019178082,8.638051044,0.090909091,0.000654022,15
130694_1,SUSC,B,B1,2,F,ATY,Quebec,St. Lawrence River,-112.7139346,63.204609,3.0,7/2/2015,7/5/2015,183,186,B,2015,24,12.0,B,S,SM,SM,139,1,3.463255814,0.008219178,8.638051044,0.090909091,0.000654022,4
130698_1,SUSC,W,W1,1,F,ATY,Quebec,St. Lawrence River,-70.57154347,41.33274113,59.0,11/11/2013,1/9/2014,315,9,W,2013,1,16.0,W,F,WM,WM,139,1,3.463255814,0.161643836,8.638051044,0.111111111,0.000799361,8
130698_1,SUSC,W,W2,1,F,ATY,Quebec,St. Lawrence River,-74.85612162,39.34522238,34.0,1/18/2014,2/21/2014,18,52,W,2014,3,1.0,W,W,WD,W,139,1,3.463255814,0.093150685,8.638051044,0.111111111,0.000799361,7
130698_1,SUSC,W,W3,1,F,ATY,Quebec,St. Lawrence River,-73.24034533,40.07459153,50.95833333,3/8/2014,4/28/2014,67,118,W,2014,2,3.0,W,W,WD,W,139,1,3.463255814,0.139611872,8.638051044,0.111111111,0.000799361,8
130698_1,SUSC,S,S1,1,F,ATY,Quebec,St. Lawrence River,-67.33090231,44.01964231,5.0,5/3/2014,5/8/2014,123,128,S,2014,5,2.0,S,W,SM,SM,139,1,3.463255814,0.01369863,8.638051044,0.111111111,0.000799361,9
130698_1,SUSC,B,B1,1,F,ATY,Quebec,St. Lawrence River,-72.51006483,56.83938828,55.0,5/31/2014,7/25/2014,151,206,B,2014,20,5.0,B,S,SM,SM,139,1,3.463255814,0.150684932,8.638051044,0.111111111,0.000799361,20
130698_1,SUSC,M,M1,2,F,ATY,Quebec,St. Lawrence River,-69.0618862,48.64177458,61.0,8/16/2014,10/16/2014,228,289,F,2014,16,20.0,F,B,WM,WM,139,1,3.463255814,0.167123288,8.638051044,0.111111111,0.000799361,13
130698_1,SUSC,W,W1,2,F,ATY,Quebec,St. Lawrence River,-70.39293814,41.30208452,28.04166667,10/29/2014,11/26/2014,302,330,W,2014,1,16.0,W,F,WM,WM,139,1,3.463255814,0.076826484,8.638051044,0.111111111,0.000799361,8
130698_1,SUSC,W,W2,2,F,ATY,Quebec,St. Lawrence River,-74.3677729,39.4620759,131.9583333,12/7/2014,4/18/2015,341,108,W,2014,3,1.0,W,W,WD,W,139,1,3.463255814,0.36152968,8.638051044,0.111111111,0.000799361,7
130699_1,SUSC,W,W1,1,F,ATY,Quebec,St. Lawrence River,-70.03215462,41.59661362,134.9583333,11/27/2013,4/11/2014,331,101,W,2013,1,16.0,W,F,WM,WM,139,1,3.463255814,0.369748858,8.638051044,0.166666667,0.001199041,8
130699_1,SUSC,S,S1,1,F,ATY,Quebec,St. Lawrence River,-64.26826245,48.76587559,2.0,4/26/2014,4/28/2014,116,118,S,2014,12,1.0,S,W,SM,SM,139,1,3.463255814,0.005479452,8.638051044,0.166666667,0.001199041,15
130699_1,SUSC,S,S2,1,F,ATY,Quebec,St. Lawrence River,-68.4315964,48.71927584,13.0,5/5/2014,5/18/2014,125,138,S,2014,16,12.0,S,S,SD,SM,139,1,3.463255814,0.035616438,8.638051044,0.166666667,0.001199041,13
130699_1,SUSC,B,B1,1,F,ATY,Quebec,St. Lawrence River,-64.54743953,52.51580192,63.0,5/24/2014,7/26/2014,144,207,B,2014,15,16.0,B,S,SM,SM,139,1,3.463255814,0.17260274,8.638051044,0.166666667,0.001199041,18
130699_1,SUSC,M,M1,2,F,ATY,Quebec,St. Lawrence River,-68.35000264,48.67831902,74.0,7/31/2014,10/13/2014,212,286,F,2014,16,15.0,F,B,WM,WM,139,1,3.463255814,0.202739726,8.638051044,0.166666667,0.001199041,13
130700_1,SUSC,M,M2,1,F,ATY,Quebec,St. Lawrence River,-63.4979726,46.13182533,23.04166667,10/28/2013,11/20/2013,301,324,F,2013,12,16.0,F,F,MD,WM,139,1,3.463255814,0.063127854,8.638051044,0.1,0.000719424,14
130700_1,SUSC,W,W1,1,F,ATY,Quebec,St. Lawrence River,-70.15792152,41.38720973,118.9583333,12/2/2013,3/31/2014,336,90,W,2013,1,12.0,W,F,WM,WM,139,1,3.463255814,0.325913242,8.638051044,0.1,0.000719424,8
130700_1,SUSC,S,S1,1,F,ATY,Quebec,St. Lawrence River,-63.76217863,46.89602162,28.0,4/11/2014,5/9/2014,101,129,S,2014,12,1.0,S,W,SM,SM,139,1,3.463255814,0.076712329,8.638051044,0.1,0.000719424,14
130700_1,SUSC,B,B1,1,F,ATY,Quebec,St. Lawrence River,-87.74460607,55.46935995,28.0,6/3/2014,7/1/2014,154,182,B,2014,29,12.0,B,S,SM,SM,139,1,3.463255814,0.076712329,8.638051044,0.1,0.000719424,23
130700_1,SUSC,MM,St,1,F,ATY,Quebec,St. Lawrence River,-82.84825161,55.29779805,2.0,7/12/2014,7/14/2014,193,195,F,2014,30,29.0,F,B,WM,WM,139,1,3.463255814,0.005479452,8.638051044,0.1,0.000719424,23
130700_1,SUSC,M,M1,2,F,ATY,Quebec,St. Lawrence River,-78.69628697,52.40199487,56.0,7/21/2014,9/15/2014,202,258,F,2014,14,30.0,F,F,MD,WM,139,1,3.463255814,0.153424658,8.638051044,0.1,0.000719424,19
130700_1,SUSC,M,M2,2,F,ATY,Quebec,St. Lawrence River,-68.1570513,49.20696894,14.0,9/24/2014,10/8/2014,267,281,F,2014,16,14.0,F,F,MD,WM,139,1,3.463255814,0.038356164,8.638051044,0.1,0.000719424,15
130700_1,SUSC,M,M3,2,F,ATY,Quebec,St. Lawrence River,-63.98961811,46.07584263,40.04166667,10/13/2014,11/22/2014,286,326,F,2014,12,16.0,F,F,MD,WM,139,1,3.463255814,0.109703196,8.638051044,0.1,0.000719424,14
130700_1,SUSC,W,W1,2,F,ATY,Quebec,St. Lawrence River,-70.25133777,41.3502682,115.9583333,12/5/2014,3/31/2015,339,90,W,2014,1,12.0,W,F,WM,WM,139,1,3.463255814,0.317694064,8.638051044,0.1,0.000719424,8
130701_1,SUSC,M,M2,1,F,ATY,Quebec,St. Lawrence River,-64.57677249,49.12100566,7.041666667,11/3/2013,11/10/2013,307,314,F,2013,12,16.0,F,F,MD,WM,139,1,3.463255814,0.019292237,8.638051044,0.25,0.001798561,15
130701_1,SUSC,W,W1,1,F,ATY,Quebec,St. Lawrence River,-70.54060179,41.46327101,162.9583333,11/17/2013,4/29/2014,321,119,W,2013,1,12.0,W,F,WM,WM,139,1,3.463255814,0.446461187,8.638051044,0.25,0.001798561,8
130701_1,SUSC,S,S1,1,F,ATY,Quebec,St. Lawrence River,-64.79463761,49.21597477,7.0,5/5/2014,5/12/2014,125,132,S,2014,12,1.0,S,W,SM,SM,139,1,3.463255814,0.019178082,8.638051044,0.25,0.001798561,15
130702_1,SUSC,W,W1,1,F,ATY,Quebec,St. Lawrence River,-75.15685293,39.06533372,134.9583333,11/27/2013,4/11/2014,331,101,W,2013,3,16.0,W,F,WM,WM,139,1,3.463255814,0.369748858,8.638051044,0.142857143,0.001027749,7
130702_1,SUSC,S,S1,1,F,ATY,Quebec,St. Lawrence River,-64.54127041,46.42734172,10.0,4/27/2014,5/7/2014,117,127,S,2014,12,3.0,S,W,SM,SM,139,1,3.463255814,0.02739726,8.638051044,0.142857143,0.001027749,14
130702_1,SUSC,S,S2,1,F,ATY,Quebec,St. Lawrence River,-67.46063334,48.85149218,5.0,5/15/2014,5/20/2014,135,140,S,2014,16,12.0,S,S,SD,SM,139,1,3.463255814,0.01369863,8.638051044,0.142857143,0.001027749,15
130702_1,SUSC,B,B1,1,F,ATY,Quebec,St. Lawrence River,-90.36049613,56.8909747,42.0,6/7/2014,7/19/2014,158,200,B,2014,29,16.0,B,S,SM,SM,139,1,3.463255814,0.115068493,8.638051044,0.142857143,0.001027749,23
130702_1,SUSC,M,M1,2,F,ATY,Quebec,St. Lawrence River,-68.49954792,49.01613273,72.0,8/15/2014,10/26/2014,227,299,F,2014,16,29.0,F,B,WM,WM,139,1,3.463255814,0.197260274,8.638051044,0.142857143,0.001027749,13
130702_1,SUSC,W,W1,2,F,ATY,Quebec,St. Lawrence River,-75.08633813,38.92993888,113.9583333,11/23/2014,3/17/2015,327,76,W,2014,3,16.0,W,F,WM,WM,139,1,3.463255814,0.312214612,8.638051044,0.142857143,0.001027749,7
130703_1,SUSC,W,W1,1,F,ATY,Quebec,St. Lawrence River,-76.02978072,37.3291098,157.9583333,11/11/2013,4/18/2014,315,108,W,2013,7,16.0,W,F,WM,WM,139,1,3.463255814,0.432762557,8.638051044,0.125,0.000899281,7
130703_1,SUSC,S,S1,1,F,ATY,Quebec,St. Lawrence River,-69.92317493,41.27468586,7.0,4/29/2014,5/6/2014,119,126,S,2014,1,7.0,S,W,SM,SM,139,1,3.463255814,0.019178082,8.638051044,0.125,0.000899281,8
130703_1,SUSC,S,S2,1,F,ATY,Quebec,St. Lawrence River,-69.01397785,48.68718986,6.0,5/14/2014,5/20/2014,134,140,S,2014,16,1.0,S,S,SD,SM,139,1,3.463255814,0.016438356,8.638051044,0.125,0.000899281,13
130703_1,SUSC,B,B1,1,F,ATY,Quebec,St. Lawrence River,-64.65945621,54.69313467,59.0,6/6/2014,8/4/2014,157,216,B,2014,15,16.0,B,S,SM,SM,139,1,3.463255814,0.161643836,8.638051044,0.125,0.000899281,18
130703_1,SUSC,M,M1,2,F,ATY,Quebec,St. Lawrence River,-68.7247823,48.84719161,67.0,8/24/2014,10/30/2014,236,303,F,2014,16,15.0,F,B,WM,WM,139,1,3.463255814,0.183561644,8.638051044,0.125,0.000899281,13
130703_1,SUSC,W,W1,2,F,ATY,Quebec,St. Lawrence River,-76.03596312,37.33369058,156.9583333,11/13/2014,4/19/2015,317,109,W,2014,7,16.0,W,F,WM,WM,139,1,3.463255814,0.430022831,8.638051044,0.125,0.000899281,7
130703_1,SUSC,S,S1,2,F,ATY,Quebec,St. Lawrence River,-69.90008015,41.21423292,2.0,5/2/2015,5/4/2015,122,124,S,2015,1,7.0,S,W,SM,SM,139,1,3.463255814,0.005479452,8.638051044,0.125,0.000899281,8
130706_1,SUSC,W,W1,1,F,ATY,Quebec,St. Lawrence River,-76.72557614,35.38280073,126.9583333,11/21/2013,3/28/2014,325,87,W,2013,8,16.0,W,F,WM,WM,139,1,3.463255814,0.34783105,8.638051044,0.1,0.000719424,7
130706_1,SUSC,S,S1,1,F,ATY,Quebec,St. Lawrence River,-70.14049225,41.76631474,9.0,4/7/2014,4/16/2014,97,106,S,2014,1,8.0,S,W,SM,SM,139,1,3.463255814,0.024657534,8.638051044,0.1,0.000719424,9
130706_1,SUSC,S,S2,1,F,ATY,Quebec,St. Lawrence River,-64.70494023,47.61564291,7.0,4/24/2014,5/1/2014,114,121,S,2014,12,1.0,S,S,SD,SM,139,1,3.463255814,0.019178082,8.638051044,0.1,0.000719424,14
130706_1,SUSC,S,S3,1,F,ATY,Quebec,St. Lawrence River,-68.67932657,48.48906693,11.0,5/9/2014,5/20/2014,129,140,S,2014,16,12.0,S,S,SD,SM,139,1,3.463255814,0.030136986,8.638051044,0.1,0.000719424,13
130706_1,SUSC,B,B1,1,F,ATY,Quebec,St. Lawrence River,-65.29976168,53.0027768,56.0,5/31/2014,7/26/2014,151,207,B,2014,15,16.0,B,S,SM,SM,139,1,3.463255814,0.153424658,8.638051044,0.1,0.000719424,18
130706_1,SUSC,M,M1,2,F,ATY,Quebec,St. Lawrence River,-68.65502013,48.95043205,7.0,7/31/2014,8/7/2014,212,219,F,2014,16,15.0,F,B,WM,WM,139,1,3.463255814,0.019178082,8.638051044,0.1,0.000719424,13
130706_1,SUSC,M,M2,2,F,ATY,Quebec,St. Lawrence River,-69.04033339,48.66892603,47.0,8/16/2014,10/2/2014,228,275,F,2014,16,16.0,F,F,MD,WM,139,1,3.463255814,0.128767123,8.638051044,0.1,0.000719424,13
130706_1,SUSC,M,M3,2,F,ATY,Quebec,St. Lawrence River,-68.15246687,49.12173063,17.0,10/3/2014,10/20/2014,276,293,F,2014,16,16.0,F,F,MD,WM,139,1,3.463255814,0.046575342,8.638051044,0.1,0.000719424,15
130706_1,SUSC,W,W1,2,F,ATY,Quebec,St. Lawrence River,-70.23097363,41.53864903,137.0,10/31/2014,3/17/2015,304,76,W,2014,1,16.0,W,F,WM,WM,139,1,3.463255814,0.375342466,8.638051044,0.1,0.000719424,8
130708_1,SUSC,W,W1,1,F,ATY,Quebec,St. Lawrence River,-70.65369564,42.62865394,161.9583333,11/17/2013,4/28/2014,321,118,W,2013,6,16.0,W,F,WM,WM,139,1,3.463255814,0.443721461,8.638051044,0.076923077,0.000553403,9
130708_1,SUSC,S,S1,1,F,ATY,Quebec,St. Lawrence River,-66.1883963,47.88356053,4.0,5/5/2014,5/9/2014,125,129,S,2014,31,6.0,S,W,SM,SM,139,1,3.463255814,0.010958904,8.638051044,0.076923077,0.000553403,15
130708_1,SUSC,B,B1,1,F,ATY,Quebec,St. Lawrence River,-95.49995878,58.81801064,37.0,6/9/2014,7/16/2014,160,197,B,2014,18,31.0,B,S,SM,SM,139,1,3.463255814,0.101369863,8.638051044,0.076923077,0.000553403,24
130708_1,SUSC,M,M1,2,F,ATY,Quebec,St. Lawrence River,-69.02724061,48.65850098,39.0,8/17/2014,9/25/2014,229,268,F,2014,16,18.0,F,B,WM,WM,139,1,3.463255814,0.106849315,8.638051044,0.076923077,0.000553403,13
130708_1,SUSC,M,M2,2,F,ATY,Quebec,St. Lawrence River,-68.69707625,48.85549122,21.0,10/10/2014,10/31/2014,283,304,F,2014,16,16.0,F,F,MD,WM,139,1,3.463255814,0.057534247,8.638051044,0.076923077,0.000553403,13
130708_1,SUSC,W,W1,2,F,ATY,Quebec,St. Lawrence River,-70.09050322,42.1122691,6.0,11/13/2014,11/19/2014,317,323,W,2014,1,16.0,W,F,WM,WM,139,1,3.463255814,0.016438356,8.638051044,0.076923077,0.000553403,9
130708_1,SUSC,W,W2,2,F,ATY,Quebec,St. Lawrence River,-70.79042906,42.8468327,112.9583333,12/29/2014,4/21/2015,363,111,W,2014,6,1.0,W,W,WD,W,139,1,3.463255814,0.309474886,8.638051044,0.076923077,0.000553403,9
130708_1,SUSC,S,S1,2,F,ATY,Quebec,St. Lawrence River,-69.21499301,48.29886635,17.0,5/5/2015,5/22/2015,125,142,S,2015,16,6.0,S,W,SM,SM,139,1,3.463255814,0.046575342,8.638051044,0.076923077,0.000553403,13
130708_1,SUSC,B,B1,2,F,ATY,Quebec,St. Lawrence River,-95.50782706,58.88025532,39.0,6/10/2015,7/19/2015,161,200,B,2015,18,16.0,B,S,SM,SM,139,1,3.463255814,0.106849315,8.638051044,0.076923077,0.000553403,24
130708_1,SUSC,M,M1,3,F,ATY,Quebec,St. Lawrence River,-90.40166522,57.22299311,5.0,7/27/2015,8/1/2015,208,213,F,2015,29,18.0,F,B,WM,WM,139,1,3.463255814,0.01369863,8.638051044,0.076923077,0.000553403,23
130708_1,SUSC,M,M2,3,F,ATY,Quebec,St. Lawrence River,-68.59784306,48.86724296,19.0,9/27/2015,10/16/2015,270,289,F,2015,16,29.0,F,F,MD,WM,139,1,3.463255814,0.052054795,8.638051044,0.076923077,0.000553403,13
130708_1,SUSC,W,W1,3,F,ATY,Quebec,St. Lawrence River,-70.06373669,42.0789058,5.0,11/3/2015,11/8/2015,307,312,W,2015,1,16.0,W,F,WM,WM,139,1,3.463255814,0.01369863,8.638051044,0.076923077,0.000553403,9
130709_1,SUSC,W,W1,1,F,ATY,Quebec,St. Lawrence River,-76.38223305,37.24044647,137.9583333,11/20/2013,4/7/2014,324,97,W,2013,7,16.0,W,F,WM,WM,139,1,3.463255814,0.377968037,8.638051044,0.090909091,0.000654022,7
130709_1,SUSC,S,S1,1,F,ATY,Quebec,St. Lawrence River,-70.42147159,41.21128877,14.0,4/14/2014,4/28/2014,104,118,S,2014,1,7.0,S,W,SM,SM,139,1,3.463255814,0.038356164,8.638051044,0.090909091,0.000654022,8
130709_1,SUSC,S,S2,1,F,ATY,Quebec,St. Lawrence River,-65.1648823,50.28035675,3.0,5/13/2014,5/16/2014,133,136,S,2014,15,1.0,S,S,SD,SM,139,1,3.463255814,0.008219178,8.638051044,0.090909091,0.000654022,15
130709_1,SUSC,S,S3,1,F,ATY,Quebec,St. Lawrence River,-63.84837056,50.24757733,2.0,5/21/2014,5/23/2014,141,143,S,2014,15,15.0,S,S,SD,SM,139,1,3.463255814,0.005479452,8.638051044,0.090909091,0.000654022,15
130709_1,SUSC,B,B1,1,F,ATY,Quebec,St. Lawrence River,-60.36217157,50.6600335,27.0,5/31/2014,6/27/2014,151,178,B,2014,17,15.0,B,S,SM,SM,139,1,3.463255814,0.073972603,8.638051044,0.090909091,0.000654022,15
130709_1,SUSC,M,M1,2,F,ATY,Quebec,St. Lawrence River,-68.98083626,48.74463222,34.0,7/25/2014,8/28/2014,206,240,F,2014,16,17.0,F,B,WM,WM,139,1,3.463255814,0.093150685,8.638051044,0.090909091,0.000654022,13
130709_1,SUSC,M,M2,2,F,ATY,Quebec,St. Lawrence River,-68.65400695,48.6228378,29.0,9/19/2014,10/18/2014,262,291,F,2014,16,16.0,F,F,MD,WM,139,1,3.463255814,0.079452055,8.638051044,0.090909091,0.000654022,13
130709_1,SUSC,W,W1,2,F,ATY,Quebec,St. Lawrence River,-76.30058872,38.13994815,152.0,10/31/2014,4/1/2015,304,91,W,2014,7,16.0,W,F,WM,WM,139,1,3.463255814,0.416438356,8.638051044,0.090909091,0.000654022,7
130709_1,SUSC,S,S1,2,F,ATY,Quebec,St. Lawrence River,-60.42760226,46.75168491,24.0,4/19/2015,5/13/2015,109,133,S,2015,13,7.0,S,W,SM,SM,139,1,3.463255814,0.065753425,8.638051044,0.090909091,0.000654022,15
130709_1,SUSC,B,B1,2,F,ATY,Quebec,St. Lawrence River,-60.34905499,50.67987175,20.0,5/21/2015,6/10/2015,141,161,B,2015,17,13.0,B,S,SM,SM,139,1,3.463255814,0.054794521,8.638051044,0.090909091,0.000654022,15
130712_1,SUSC,W,W1,1,F,ATY,Quebec,St. Lawrence River,-70.08468845,41.43576272,25.0,11/14/2013,12/9/2013,318,343,W,2013,1,16.0,W,F,WM,WM,139,1,3.463255814,0.068493151,8.638051044,0.5,0.003597122,8
130714_1,SUSC,M,M2,1,F,ATY,Quebec,St. Lawrence River,-67.16859024,49.50520632,5.0,10/27/2013,11/1/2013,300,305,F,2013,16,16.0,F,F,MD,WM,139,1,3.463255814,0.01369863,8.638051044,0.333333333,0.002398082,15
130714_1,SUSC,W,W1,1,F,ATY,Quebec,St. Lawrence River,-76.0475303,37.38131586,90.0,11/8/2013,2/6/2014,312,37,W,2013,7,16.0,W,F,WM,WM,139,1,3.463255814,0.246575342,8.638051044,0.333333333,0.002398082,7
130715_1,SUSC,W,W1,1,F,ATY,Quebec,St. Lawrence River,-76.0267322,37.41752637,40.0,11/8/2013,12/18/2013,312,352,W,2013,7,16.0,W,F,WM,WM,139,1,3.463255814,0.109589041,8.638051044,0.5,0.003597122,7
130716_1,SUSC,W,W1,1,F,ATY,Quebec,St. Lawrence River,-75.99359258,37.8749099,37.0,11/20/2013,12/27/2013,324,361,W,2013,7,16.0,W,F,WM,WM,139,1,3.463255814,0.101369863,8.638051044,0.5,0.003597122,7
130718_1,SUSC,W,W1,1,F,ATY,Quebec,St. Lawrence River,-73.25409926,40.63832429,25.0,11/23/2013,12/18/2013,327,352,W,2013,2,16.0,W,F,WM,WM,139,1,3.463255814,0.068493151,8.638051044,0.5,0.003597122,8
130719_1,SUSC,W,W1,1,F,ATY,Quebec,St. Lawrence River,-69.90793724,41.31278862,27.0,11/20/2013,12/17/2013,324,351,W,2013,1,16.0,W,F,WM,WM,139,1,3.463255814,0.073972603,8.638051044,0.2,0.001438849,8
130719_1,SUSC,W,W2,1,F,ATY,Quebec,St. Lawrence River,-71.41822027,41.43636056,5.0,12/21/2013,12/26/2013,355,360,W,2013,2,1.0,W,W,WD,W,139,1,3.463255814,0.01369863,8.638051044,0.2,0.001438849,8
130719_1,SUSC,W,W3,1,F,ATY,Quebec,St. Lawrence River,-75.06473106,38.55863114,81.95833333,12/31/2013,3/23/2014,365,82,W,2013,3,2.0,W,W,WD,W,139,1,3.463255814,0.224543379,8.638051044,0.2,0.001438849,7
130719_1,SUSC,S,S1,1,F,ATY,Quebec,St. Lawrence River,-71.4798223,41.15880507,15.0,3/27/2014,4/11/2014,86,101,S,2014,2,3.0,S,W,SM,SM,139,1,3.463255814,0.04109589,8.638051044,0.2,0.001438849,8
130720_1,SUSC,M,M2,1,F,ATY,Quebec,St. Lawrence River,-68.92881745,48.80527648,17.04166667,10/27/2013,11/13/2013,300,317,F,2013,16,16.0,F,F,MD,WM,139,1,3.463255814,0.046689498,8.638051044,0.25,0.001798561,13
130720_1,SUSC,W,W1,1,F,ATY,Quebec,St. Lawrence River,-76.26338174,37.78440669,53.0,11/20/2013,1/12/2014,324,12,W,2013,7,16.0,W,F,WM,WM,139,1,3.463255814,0.145205479,8.638051044,0.25,0.001798561,7
130720_1,SUSC,W,W2,1,F,ATY,Quebec,St. Lawrence River,-75.20493047,39.05013544,54.0,1/13/2014,3/8/2014,13,67,W,2014,3,7.0,W,W,WD,W,139,1,3.463255814,0.147945205,8.638051044,0.25,0.001798561,7
130721_1,SUSC,M,M2,1,F,ATY,Quebec,St. Lawrence River,-63.94412337,46.20388047,16.04166667,10/28/2013,11/13/2013,301,317,F,2013,12,16.0,F,F,MD,WM,139,1,3.463255814,0.043949772,8.638051044,0.333333333,0.002398082,14
130721_1,SUSC,W,W1,1,F,ATY,Quebec,St. Lawrence River,-76.05763033,38.10505604,91.0,11/22/2013,2/21/2014,326,52,W,2013,7,12.0,W,F,WM,WM,139,1,3.463255814,0.249315068,8.638051044,0.333333333,0.002398082,7
130723_1,SUSC,W,W1,1,F,ATY,Quebec,St. Lawrence River,-76.29398175,38.08480958,90.0,11/8/2013,2/6/2014,312,37,W,2013,7,16.0,W,F,WM,WM,139,1,3.463255814,0.246575342,8.638051044,0.5,0.003597122,7
130725_1,SUSC,W,W1,1,F,ATY,Quebec,St. Lawrence River,-70.04547541,41.57973037,149.9583333,11/9/2013,4/8/2014,313,98,W,2013,1,16.0,W,F,WM,WM,139,1,3.463255814,0.410844749,8.638051044,0.5,0.003597122,8
132821_1,SUSC,S,S1,1,M,ASY,South-Atlantic Bight,Pamlico Sound,-75.08606394,38.98466111,11.0,4/11/2014,4/22/2014,101,112,S,2014,3,8.0,S,W,SM,SM,139,1,3.463255814,0.030136986,5.781055899,0.125,0.000899281,7
132821_1,SUSC,S,S2,1,M,ASY,South-Atlantic Bight,Pamlico Sound,-64.76561242,47.93289985,11.0,4/27/2014,5/8/2014,117,128,S,2014,12,3.0,S,S,SD,SM,139,1,3.463255814,0.030136986,5.781055899,0.125,0.000899281,15
132821_1,SUSC,S,S3,1,M,ASY,South-Atlantic Bight,Pamlico Sound,-65.19154952,50.26517616,11.0,5/9/2014,5/20/2014,129,140,S,2014,15,12.0,S,S,SD,SM,139,1,3.463255814,0.030136986,5.781055899,0.125,0.000899281,15
132821_1,SUSC,M,M1,1,M,ASY,South-Atlantic Bight,Pamlico Sound,-82.12131729,53.86878223,81.0,6/12/2014,9/1/2014,163,244,F,2014,30,15.0,F,S,SM,SM,139,1,3.463255814,0.221917808,5.781055899,0.125,0.000899281,19
132821_1,SUSC,M,M2,1,M,ASY,South-Atlantic Bight,Pamlico Sound,-68.23473905,49.06254627,36.0,9/12/2014,10/18/2014,255,291,F,2014,16,30.0,F,F,MD,WM,139,1,3.463255814,0.098630137,5.781055899,0.125,0.000899281,13
132821_1,SUSC,W,W1,2,M,ASY,South-Atlantic Bight,Pamlico Sound,-69.9706037,41.33701732,31.04166667,10/24/2014,11/24/2014,297,328,W,2014,1,16.0,W,F,WM,WM,139,1,3.463255814,0.085045662,5.781055899,0.125,0.000899281,8
132821_1,SUSC,W,W2,2,M,ASY,South-Atlantic Bight,Pamlico Sound,-76.05381709,37.41868907,76.0,11/28/2014,2/12/2015,332,43,W,2014,7,1.0,W,W,WD,W,139,1,3.463255814,0.208219178,5.781055899,0.125,0.000899281,7
132822_1,SUSC,S,S1,1,M,ASY,South-Atlantic Bight,Pamlico Sound,-64.78268045,46.92686021,12.0,4/17/2014,4/29/2014,107,119,S,2014,12,8.0,S,W,SM,SM,139,1,3.463255814,0.032876712,5.781055899,0.125,0.000899281,14
132822_1,SUSC,S,S2,1,M,ASY,South-Atlantic Bight,Pamlico Sound,-63.7972349,50.20623424,19.0,5/1/2014,5/20/2014,121,140,S,2014,15,12.0,S,S,SD,SM,139,1,3.463255814,0.052054795,5.781055899,0.125,0.000899281,15
132822_1,SUSC,B,B1,1,M,ASY,South-Atlantic Bight,Pamlico Sound,-71.48513078,53.83128626,4.0,5/25/2014,5/29/2014,145,149,B,2014,20,15.0,B,S,SM,SM,139,1,3.463255814,0.010958904,5.781055899,0.125,0.000899281,20
132822_1,SUSC,M,M1,1,M,ASY,South-Atlantic Bight,Pamlico Sound,-82.28068517,54.58404281,81.0,6/4/2014,8/24/2014,155,236,F,2014,30,20.0,F,B,WM,WM,139,1,3.463255814,0.221917808,5.781055899,0.125,0.000899281,19
132822_1,SUSC,M,M2,1,M,ASY,South-Atlantic Bight,Pamlico Sound,-78.38762426,57.77824296,15.0,9/12/2014,9/27/2014,255,270,F,2014,19,30.0,F,F,MD,WM,139,1,3.463255814,0.04109589,5.781055899,0.125,0.000899281,22
132822_1,SUSC,M,M3,1,M,ASY,South-Atlantic Bight,Pamlico Sound,-68.16685883,49.06130275,30.0,10/1/2014,10/31/2014,274,304,F,2014,16,19.0,F,F,MD,WM,139,1,3.463255814,0.082191781,5.781055899,0.125,0.000899281,15
132822_1,SUSC,W,W1,2,M,ASY,South-Atlantic Bight,Pamlico Sound,-76.23075407,36.07440516,66.0,11/5/2014,1/10/2015,309,10,W,2014,8,16.0,W,F,WM,WM,139,1,3.463255814,0.180821918,5.781055899,0.125,0.000899281,7
132823_1,SUSC,S,S1,1,F,ASY,South-Atlantic Bight,Pamlico Sound,-64.85641179,47.89348521,17.0,4/13/2014,4/30/2014,103,120,S,2014,12,8.0,S,W,SM,SM,139,1,3.463255814,0.046575342,8.638051044,0.083333333,0.00059952,15
132823_1,SUSC,S,S2,1,F,ASY,South-Atlantic Bight,Pamlico Sound,-68.35908499,48.99344758,15.0,5/2/2014,5/17/2014,122,137,S,2014,16,12.0,S,S,SD,SM,139,1,3.463255814,0.04109589,8.638051044,0.083333333,0.00059952,13
132823_1,SUSC,B,B1,1,F,ASY,South-Atlantic Bight,Pamlico Sound,-104.890941,60.84310724,26.0,5/30/2014,6/25/2014,150,176,B,2014,21,16.0,B,S,SM,SM,139,1,3.463255814,0.071232877,8.638051044,0.083333333,0.00059952,5
132823_1,SUSC,B,B2,1,F,ASY,South-Atlantic Bight,Pamlico Sound,-103.9619369,61.21084268,9.0,7/5/2014,7/14/2014,186,195,B,2014,21,21.0,B,B,BD,B,139,1,3.463255814,0.024657534,8.638051044,0.083333333,0.00059952,5
132823_1,SUSC,MM,St,1,F,ASY,South-Atlantic Bight,Pamlico Sound,-95.05423303,61.37382297,4.0,7/24/2014,7/28/2014,205,209,F,2014,18,21.0,F,B,WM,WM,139,1,3.463255814,0.010958904,8.638051044,0.083333333,0.00059952,26
132823_1,SUSC,M,M1,1,F,ASY,South-Atlantic Bight,Pamlico Sound,-84.58779409,54.65664561,4.0,8/3/2014,8/7/2014,215,219,F,2014,30,18.0,F,F,MD,WM,139,1,3.463255814,0.010958904,8.638051044,0.083333333,0.00059952,23
132823_1,SUSC,M,M2,1,F,ASY,South-Atlantic Bight,Pamlico Sound,-79.54614109,54.70092197,59.0,8/10/2014,10/8/2014,222,281,F,2014,23,30.0,F,F,MD,WM,139,1,3.463255814,0.161643836,8.638051044,0.083333333,0.00059952,19
132823_1,SUSC,M,M3,1,F,ASY,South-Atlantic Bight,Pamlico Sound,-68.14046726,49.12432064,11.0,10/13/2014,10/24/2014,286,297,F,2014,16,23.0,F,F,MD,WM,139,1,3.463255814,0.030136986,8.638051044,0.083333333,0.00059952,15
132823_1,SUSC,WM,St,1,F,ASY,South-Atlantic Bight,Pamlico Sound,-70.42683651,41.25726265,3.0,10/28/2014,10/31/2014,301,304,F,2014,1,16.0,F,F,MD,WM,139,1,3.463255814,0.008219178,8.638051044,0.083333333,0.00059952,8
132823_1,SUSC,W,W1,2,F,ASY,South-Atlantic Bight,Pamlico Sound,-76.04740962,37.75785144,61.04166667,11/2/2014,1/2/2015,306,2,W,2014,7,1.0,W,F,WM,WM,139,1,3.463255814,0.167237443,8.638051044,0.083333333,0.00059952,7
132823_1,SUSC,W,W2,2,F,ASY,South-Atlantic Bight,Pamlico Sound,-76.35484302,34.98911962,8.0,1/3/2015,1/11/2015,3,11,W,2015,8,7.0,W,W,WD,W,139,1,3.463255814,0.021917808,8.638051044,0.083333333,0.00059952,7
132825_1,SUSC,S,S1,1,M,ASY,South-Atlantic Bight,Pamlico Sound,-70.06269764,41.57335632,12.0,4/23/2014,5/5/2014,113,125,S,2014,1,8.0,S,W,SM,SM,139,1,3.463255814,0.032876712,5.781055899,0.166666667,0.001199041,8
132825_1,SUSC,S,S2,1,M,ASY,South-Atlantic Bight,Pamlico Sound,-65.96021513,44.51842038,13.0,5/6/2014,5/19/2014,126,139,S,2014,5,1.0,S,S,SD,SM,139,1,3.463255814,0.035616438,5.781055899,0.166666667,0.001199041,14
132825_1,SUSC,M,M1,1,M,ASY,South-Atlantic Bight,Pamlico Sound,-58.87174318,54.06961971,100.0,6/15/2014,9/23/2014,166,266,F,2014,17,5.0,F,S,SM,SM,139,1,3.463255814,0.273972603,5.781055899,0.166666667,0.001199041,16
132825_1,SUSC,M,M2,1,M,ASY,South-Atlantic Bight,Pamlico Sound,-68.97568292,48.38549301,26.0,9/25/2014,10/21/2014,268,294,F,2014,16,17.0,F,F,MD,WM,139,1,3.463255814,0.071232877,5.781055899,0.166666667,0.001199041,13
132825_1,SUSC,W,W1,2,M,ASY,South-Atlantic Bight,Pamlico Sound,-75.58575145,38.46963097,27.04166667,10/23/2014,11/19/2014,296,323,W,2014,7,16.0,W,F,WM,WM,139,1,3.463255814,0.074086758,5.781055899,0.166666667,0.001199041,7
132827_1,SUSC,S,S1,1,M,ASY,Mid-Atlantic,Delaware Bay,-65.08873616,47.53621446,12.0,4/27/2014,5/9/2014,117,129,S,2014,12,3.0,S,W,SM,SM,139,1,3.463255814,0.032876712,5.781055899,0.166666667,0.001199041,14
132827_1,SUSC,S,S2,1,M,ASY,Mid-Atlantic,Delaware Bay,-68.27700426,49.05028437,8.0,5/10/2014,5/18/2014,130,138,S,2014,16,12.0,S,S,SD,SM,139,1,3.463255814,0.021917808,5.781055899,0.166666667,0.001199041,13
132827_1,SUSC,B,B1,1,M,ASY,Mid-Atlantic,Delaware Bay,-75.31246859,55.56959362,7.0,5/25/2014,6/1/2014,145,152,B,2014,20,16.0,B,S,SM,SM,139,1,3.463255814,0.019178082,5.781055899,0.166666667,0.001199041,20
132827_1,SUSC,M,M1,1,M,ASY,Mid-Atlantic,Delaware Bay,-79.62202778,54.90564441,4.0,6/12/2014,6/16/2014,163,167,F,2014,23,20.0,F,B,WM,WM,139,1,3.463255814,0.010958904,5.781055899,0.166666667,0.001199041,19
132827_1,SUSC,M,M2,1,M,ASY,Mid-Atlantic,Delaware Bay,-79.84388125,55.96274756,25.0,6/19/2014,7/14/2014,170,195,F,2014,23,23.0,F,F,MD,WM,139,1,3.463255814,0.068493151,5.781055899,0.166666667,0.001199041,22
132830_1,SUSC,S,S1,1,M,ASY,South-Atlantic Bight,Pamlico Sound,-64.47465235,46.30622006,10.0,4/7/2014,4/17/2014,97,107,S,2014,12,8.0,S,W,SM,SM,139,1,3.463255814,0.02739726,5.781055899,0.2,0.001438849,14
132830_1,SUSC,S,S2,1,M,ASY,South-Atlantic Bight,Pamlico Sound,-65.3253552,47.99214309,6.0,4/18/2014,4/24/2014,108,114,S,2014,12,12.0,S,S,SD,SM,139,1,3.463255814,0.016438356,5.781055899,0.2,0.001438849,15
132830_1,SUSC,S,S3,1,M,ASY,South-Atlantic Bight,Pamlico Sound,-69.7235485,47.81928383,25.0,4/26/2014,5/21/2014,116,141,S,2014,16,12.0,S,S,SD,SM,139,1,3.463255814,0.068493151,5.781055899,0.2,0.001438849,13
132830_1,SUSC,M,M1,1,M,ASY,South-Atlantic Bight,Pamlico Sound,-76.76255388,56.31921433,5.0,6/8/2014,6/13/2014,159,164,F,2014,19,16.0,F,S,SM,SM,139,1,3.463255814,0.01369863,5.781055899,0.2,0.001438849,20
132832_1,SUSC,W,W2,1,F,ASY,South-Atlantic Bight,Pamlico Sound,-76.49664737,35.09400833,19.0,4/3/2014,4/22/2014,93,112,W,2014,8,8.0,W,W,WD,W,139,1,3.463255814,0.052054795,8.638051044,0.1,0.000719424,7
132832_1,SUSC,S,S1,1,F,ASY,South-Atlantic Bight,Pamlico Sound,-70.02379304,41.23954162,17.0,4/23/2014,5/10/2014,113,130,S,2014,1,8.0,S,W,SM,SM,139,1,3.463255814,0.046575342,8.638051044,0.1,0.000719424,8
132832_1,SUSC,S,S2,1,F,ASY,South-Atlantic Bight,Pamlico Sound,-63.83039803,46.61366461,8.0,5/13/2014,5/21/2014,133,141,S,2014,12,1.0,S,S,SD,SM,139,1,3.463255814,0.021917808,8.638051044,0.1,0.000719424,14
132832_1,SUSC,B,B1,1,F,ASY,South-Atlantic Bight,Pamlico Sound,-64.34492034,53.95123502,56.0,5/31/2014,7/26/2014,151,207,B,2014,15,12.0,B,S,SM,SM,139,1,3.463255814,0.153424658,8.638051044,0.1,0.000719424,18
132832_1,SUSC,M,M1,1,F,ASY,South-Atlantic Bight,Pamlico Sound,-56.48137669,53.70387906,64.0,8/3/2014,10/6/2014,215,279,F,2014,17,15.0,F,B,WM,WM,139,1,3.463255814,0.175342466,8.638051044,0.1,0.000719424,16
132832_1,SUSC,M,M2,1,F,ASY,South-Atlantic Bight,Pamlico Sound,-61.79891757,50.09428306,7.0,10/8/2014,10/15/2014,281,288,F,2014,15,17.0,F,F,MD,WM,139,1,3.463255814,0.019178082,8.638051044,0.1,0.000719424,15
132832_1,SUSC,M,M3,1,F,ASY,South-Atlantic Bight,Pamlico Sound,-64.53837159,48.05264079,14.0,10/16/2014,10/30/2014,289,303,F,2014,12,15.0,F,F,MD,WM,139,1,3.463255814,0.038356164,8.638051044,0.1,0.000719424,15
132832_1,SUSC,WM,St,1,F,ASY,South-Atlantic Bight,Pamlico Sound,-64.58662797,46.51531162,2.041666667,11/2/2014,11/4/2014,306,308,F,2014,12,12.0,F,F,MD,WM,139,1,3.463255814,0.005593607,8.638051044,0.1,0.000719424,14
132832_1,SUSC,W,W1,2,F,ASY,South-Atlantic Bight,Pamlico Sound,-76.07501915,37.25537959,56.0,11/8/2014,1/3/2015,312,3,W,2014,7,12.0,W,F,WM,WM,139,1,3.463255814,0.153424658,8.638051044,0.1,0.000719424,7
132833_1,SUSC,S,S1,1,M,ASY,Mid-Atlantic,Delaware Bay,-70.2642267,41.3422069,11.0,4/19/2014,4/30/2014,109,120,S,2014,1,3.0,S,W,SM,SM,139,1,3.463255814,0.030136986,5.781055899,0.111111111,0.000799361,8
132833_1,SUSC,S,S2,1,M,ASY,Mid-Atlantic,Delaware Bay,-64.86313669,48.36277629,17.0,5/3/2014,5/20/2014,123,140,S,2014,12,1.0,S,S,SD,SM,139,1,3.463255814,0.046575342,5.781055899,0.111111111,0.000799361,15
132833_1,SUSC,M,M1,1,M,ASY,Mid-Atlantic,Delaware Bay,-78.37480312,56.29062541,14.0,6/15/2014,6/29/2014,166,180,F,2014,19,12.0,F,S,SM,SM,139,1,3.463255814,0.038356164,5.781055899,0.111111111,0.000799361,22
132833_1,SUSC,M,M2,1,M,ASY,Mid-Atlantic,Delaware Bay,-78.64067309,52.21997474,62.0,7/3/2014,9/3/2014,184,246,F,2014,14,19.0,F,F,MD,WM,139,1,3.463255814,0.169863014,5.781055899,0.111111111,0.000799361,19
132833_1,SUSC,M,M3,1,M,ASY,Mid-Atlantic,Delaware Bay,-68.12882963,49.11999636,42.0,9/13/2014,10/25/2014,256,298,F,2014,16,14.0,F,F,MD,WM,139,1,3.463255814,0.115068493,5.781055899,0.111111111,0.000799361,15
132833_1,SUSC,W,W1,2,M,ASY,Mid-Atlantic,Delaware Bay,-72.40427429,40.67682804,4.041666667,10/30/2014,11/3/2014,303,307,W,2014,2,16.0,W,F,WM,WM,139,1,3.463255814,0.011073059,5.781055899,0.111111111,0.000799361,8
132833_1,SUSC,W,W2,2,M,ASY,Mid-Atlantic,Delaware Bay,-70.85698322,41.35347124,39.0,11/4/2014,12/13/2014,308,347,W,2014,2,2.0,W,W,WD,W,139,1,3.463255814,0.106849315,5.781055899,0.111111111,0.000799361,8
132833_1,SUSC,W,W3,2,M,ASY,Mid-Atlantic,Delaware Bay,-74.07076007,39.7652381,16.0,12/14/2014,12/30/2014,348,364,W,2014,3,2.0,W,W,WD,W,139,1,3.463255814,0.043835616,5.781055899,0.111111111,0.000799361,8
132834_1,SUSC,W,W2,1,M,ASY,Mid-Atlantic,Delaware Bay,-72.01123306,41.31280264,11.0,4/27/2014,5/8/2014,117,128,W,2014,2,3.0,W,W,WD,W,139,1,3.463255814,0.030136986,5.781055899,0.111111111,0.000799361,8
132834_1,SUSC,S,S1,1,M,ASY,Mid-Atlantic,Delaware Bay,-64.51654351,46.27678114,10.0,5/12/2014,5/22/2014,132,142,S,2014,12,2.0,S,W,SM,SM,139,1,3.463255814,0.02739726,5.781055899,0.111111111,0.000799361,14
132834_1,SUSC,M,M1,1,M,ASY,Mid-Atlantic,Delaware Bay,-79.79834897,56.4593922,82.0,6/12/2014,9/2/2014,163,245,F,2014,23,12.0,F,S,SM,SM,139,1,3.463255814,0.224657534,5.781055899,0.111111111,0.000799361,22
132834_1,SUSC,M,M2,1,M,ASY,Mid-Atlantic,Delaware Bay,-69.54323905,47.97628231,3.0,9/14/2014,9/17/2014,257,260,F,2014,16,23.0,F,F,MD,WM,139,1,3.463255814,0.008219178,5.781055899,0.111111111,0.000799361,13
132834_1,SUSC,M,M3,1,M,ASY,Mid-Atlantic,Delaware Bay,-64.51149866,48.0583852,31.0,9/20/2014,10/21/2014,263,294,F,2014,12,16.0,F,F,MD,WM,139,1,3.463255814,0.084931507,5.781055899,0.111111111,0.000799361,15
132834_1,SUSC,M,M4,1,M,ASY,Mid-Atlantic,Delaware Bay,-64.88076534,47.27318653,5.0,10/22/2014,10/27/2014,295,300,F,2014,12,12.0,F,F,MD,WM,139,1,3.463255814,0.01369863,5.781055899,0.111111111,0.000799361,14
132834_1,SUSC,W,W1,2,M,ASY,Mid-Atlantic,Delaware Bay,-74.91010003,38.94692709,26.04166667,11/1/2014,11/27/2014,305,331,W,2014,3,12.0,W,F,WM,WM,139,1,3.463255814,0.071347032,5.781055899,0.111111111,0.000799361,7
132834_1,SUSC,W,W2,2,M,ASY,Mid-Atlantic,Delaware Bay,-75.10509214,38.85961711,74.0,11/28/2014,2/10/2015,332,41,W,2014,3,3.0,W,W,WD,W,139,1,3.463255814,0.202739726,5.781055899,0.111111111,0.000799361,7
132835_1,SUSC,S,S1,1,M,AHY,South-Atlantic Bight,Pamlico Sound,-73.72849024,40.61614258,24.0,4/27/2014,5/21/2014,117,141,S,2014,2,8.0,S,W,SM,SM,139,1,3.463255814,0.065753425,5.781055899,0.2,0.001438849,8
132835_1,SUSC,M,M1,1,M,AHY,South-Atlantic Bight,Pamlico Sound,-64.05408434,46.57035136,31.0,6/8/2014,7/9/2014,159,190,F,2014,12,2.0,F,S,SM,SM,139,1,3.463255814,0.084931507,5.781055899,0.2,0.001438849,14
132835_1,SUSC,M,M2,1,M,AHY,South-Atlantic Bight,Pamlico Sound,-61.85914219,45.66788402,140.0416667,7/20/2014,12/7/2014,201,341,F,2014,13,12.0,F,F,MD,WM,139,1,3.463255814,0.383675799,5.781055899,0.2,0.001438849,14
132835_1,SUSC,W,W1,2,M,AHY,South-Atlantic Bight,Pamlico Sound,-74.40131044,37.99010781,1.0,12/12/2014,12/13/2014,346,347,W,2014,3,13.0,W,F,WM,WM,139,1,3.463255814,0.002739726,5.781055899,0.2,0.001438849,7
132836_1,SUSC,S,S1,1,F,AHY,South-Atlantic Bight,Pamlico Sound,-75.98330322,38.13118844,27.0,3/29/2014,4/25/2014,88,115,S,2014,7,8.0,S,W,SM,SM,139,1,3.463255814,0.073972603,8.638051044,0.083333333,0.00059952,7
132836_1,SUSC,S,S2,1,F,AHY,South-Atlantic Bight,Pamlico Sound,-69.26108208,43.97576684,1.0,4/30/2014,5/1/2014,120,121,S,2014,5,7.0,S,S,SD,SM,139,1,3.463255814,0.002739726,8.638051044,0.083333333,0.00059952,9
132836_1,SUSC,S,S3,1,F,AHY,South-Atlantic Bight,Pamlico Sound,-64.44802023,47.60697795,13.0,5/3/2014,5/16/2014,123,136,S,2014,12,5.0,S,S,SD,SM,139,1,3.463255814,0.035616438,8.638051044,0.083333333,0.00059952,14
132836_1,SUSC,S,S4,1,F,AHY,South-Atlantic Bight,Pamlico Sound,-65.19988391,50.33623995,3.0,5/17/2014,5/20/2014,137,140,S,2014,15,12.0,S,S,SD,SM,139,1,3.463255814,0.008219178,8.638051044,0.083333333,0.00059952,15
132836_1,SUSC,B,B1,1,F,AHY,South-Atlantic Bight,Pamlico Sound,-62.88558738,51.18785282,49.0,5/23/2014,7/11/2014,143,192,B,2014,15,15.0,B,S,SM,SM,139,1,3.463255814,0.134246575,8.638051044,0.083333333,0.00059952,15
132836_1,SUSC,M,M1,1,F,AHY,South-Atlantic Bight,Pamlico Sound,-68.770127,48.86486689,49.0,7/20/2014,9/7/2014,201,250,F,2014,16,15.0,F,B,WM,WM,139,1,3.463255814,0.134246575,8.638051044,0.083333333,0.00059952,13
132836_1,SUSC,M,M2,1,F,AHY,South-Atlantic Bight,Pamlico Sound,-68.90211295,48.70825384,16.0,9/8/2014,9/24/2014,251,267,F,2014,16,16.0,F,F,MD,WM,139,1,3.463255814,0.043835616,8.638051044,0.083333333,0.00059952,13
132836_1,SUSC,M,M3,1,F,AHY,South-Atlantic Bight,Pamlico Sound,-68.08591938,49.14598926,22.0,9/25/2014,10/17/2014,268,290,F,2014,16,16.0,F,F,MD,WM,139,1,3.463255814,0.060273973,8.638051044,0.083333333,0.00059952,15
132836_1,SUSC,M,M4,1,F,AHY,South-Atlantic Bight,Pamlico Sound,-70.48215776,41.79837913,20.04166667,10/22/2014,11/11/2014,295,315,F,2014,1,16.0,F,F,MD,WM,139,1,3.463255814,0.054908676,8.638051044,0.083333333,0.00059952,9
132836_1,SUSC,W,W1,2,F,AHY,South-Atlantic Bight,Pamlico Sound,-76.07751191,37.92989414,47.0,11/13/2014,12/30/2014,317,364,W,2014,7,1.0,W,F,WM,WM,139,1,3.463255814,0.128767123,8.638051044,0.083333333,0.00059952,7
132836_1,SUSC,W,W2,2,F,AHY,South-Atlantic Bight,Pamlico Sound,-75.73572134,37.86317155,13.0,12/31/2014,1/13/2015,365,13,W,2014,7,7.0,W,W,WD,W,139,1,3.463255814,0.035616438,8.638051044,0.083333333,0.00059952,7
132839_1,SUSC,S,S1,1,M,ASY,South-Atlantic Bight,Pamlico Sound,-64.01928878,46.01186323,19.0,4/26/2014,5/15/2014,116,135,S,2014,12,8.0,S,W,SM,SM,139,1,3.463255814,0.052054795,5.781055899,0.25,0.001798561,14
132839_1,SUSC,M,M1,1,M,ASY,South-Atlantic Bight,Pamlico Sound,-69.16332574,48.22865347,114.0,5/23/2014,9/14/2014,143,257,F,2014,16,12.0,F,S,SM,SM,139,1,3.463255814,0.312328767,5.781055899,0.25,0.001798561,13
132839_1,SUSC,M,M2,1,M,ASY,South-Atlantic Bight,Pamlico Sound,-64.53804265,48.04588532,23.0,9/17/2014,10/10/2014,260,283,F,2014,12,16.0,F,F,MD,WM,139,1,3.463255814,0.063013699,5.781055899,0.25,0.001798561,15
146528_1,SUSC,W,W2,1,M,ASY,Mid-Atlantic,Chesapeake Bay,-76.00697591,38.06480253,26.95833333,3/8/2015,4/4/2015,67,94,W,2015,7,7.0,W,W,WD,W,139,1,3.463255814,0.073858447,5.781055899,0.1,0.000719424,7
146528_1,SUSC,S,S1,1,M,ASY,Mid-Atlantic,Chesapeake Bay,-70.96841154,42.31516887,10.0,4/8/2015,4/18/2015,98,108,S,2015,6,7.0,S,W,SM,SM,139,1,3.463255814,0.02739726,5.781055899,0.1,0.000719424,9
146528_1,SUSC,S,S2,1,M,ASY,Mid-Atlantic,Chesapeake Bay,-63.32843873,46.32744944,16.0,4/22/2015,5/8/2015,112,128,S,2015,12,6.0,S,S,SD,SM,139,1,3.463255814,0.043835616,5.781055899,0.1,0.000719424,14
146528_1,SUSC,S,S3,1,M,ASY,Mid-Atlantic,Chesapeake Bay,-66.26071805,51.58444092,15.0,5/10/2015,5/25/2015,130,145,S,2015,15,12.0,S,S,SD,SM,139,1,3.463255814,0.04109589,5.781055899,0.1,0.000719424,18
146528_1,SUSC,B,B1,1,M,ASY,Mid-Atlantic,Chesapeake Bay,-67.18495527,58.61110799,5.0,6/9/2015,6/14/2015,160,165,B,2015,22,15.0,B,S,SM,SM,139,1,3.463255814,0.01369863,5.781055899,0.1,0.000719424,17
146528_1,SUSC,M,M1,1,M,ASY,Mid-Atlantic,Chesapeake Bay,-61.30916536,56.14152849,13.0,6/29/2015,7/12/2015,180,193,F,2015,17,22.0,F,B,WM,WM,139,1,3.463255814,0.035616438,5.781055899,0.1,0.000719424,16
146528_1,SUSC,M,M2,1,M,ASY,Mid-Atlantic,Chesapeake Bay,-68.71009128,48.85222659,69.0,8/8/2015,10/16/2015,220,289,F,2015,16,17.0,F,F,MD,WM,139,1,3.463255814,0.189041096,5.781055899,0.1,0.000719424,13
146528_1,SUSC,M,M3,1,M,ASY,Mid-Atlantic,Chesapeake Bay,-69.98651934,41.59276733,13.04166667,10/20/2015,11/2/2015,293,306,F,2015,1,16.0,F,F,MD,WM,139,1,3.463255814,0.035730594,5.781055899,0.1,0.000719424,8
146528_1,SUSC,W,W1,2,M,ASY,Mid-Atlantic,Chesapeake Bay,-75.99816183,37.99986897,67.0,11/6/2015,1/12/2016,310,12,W,2015,7,1.0,W,F,WM,WM,139,1,3.463255814,0.183561644,5.781055899,0.1,0.000719424,7
146529_1,SUSC,S,S1,1,F,ASY,Mid-Atlantic,Chesapeake Bay,-64.53054437,47.84967104,12.0,5/2/2015,5/14/2015,122,134,S,2015,12,7.0,S,W,SM,SM,139,1,3.463255814,0.032876712,8.638051044,0.125,0.000899281,15
146529_1,SUSC,S,S2,1,F,ASY,Mid-Atlantic,Chesapeake Bay,-65.17995332,50.28333999,6.0,5/17/2015,5/23/2015,137,143,S,2015,15,12.0,S,S,SD,SM,139,1,3.463255814,0.016438356,8.638051044,0.125,0.000899281,15
146529_1,SUSC,B,B1,1,F,ASY,Mid-Atlantic,Chesapeake Bay,-72.89249546,51.70971253,40.0,6/4/2015,7/14/2015,155,195,B,2015,20,15.0,B,S,SM,SM,139,1,3.463255814,0.109589041,8.638051044,0.125,0.000899281,13
146529_1,SUSC,M,M1,1,F,ASY,Mid-Atlantic,Chesapeake Bay,-68.60406228,49.00842354,45.0,8/8/2015,9/22/2015,220,265,F,2015,16,20.0,F,B,WM,WM,139,1,3.463255814,0.123287671,8.638051044,0.125,0.000899281,13
146529_1,SUSC,M,M2,1,F,ASY,Mid-Atlantic,Chesapeake Bay,-68.1584175,49.10898404,25.0,9/23/2015,10/18/2015,266,291,F,2015,16,16.0,F,F,MD,WM,139,1,3.463255814,0.068493151,8.638051044,0.125,0.000899281,15
146529_1,SUSC,W,W1,2,F,ASY,Mid-Atlantic,Chesapeake Bay,-75.85920792,37.94644886,73.04166667,10/21/2015,1/2/2016,294,2,W,2015,7,16.0,W,F,WM,WM,139,1,3.463255814,0.200114155,8.638051044,0.125,0.000899281,7
146529_1,SUSC,W,W2,2,F,ASY,Mid-Atlantic,Chesapeake Bay,-76.40113468,38.762715,108.9583333,1/3/2016,4/21/2016,3,112,W,2016,7,7.0,W,W,WD,W,139,1,3.463255814,0.298515982,8.638051044,0.125,0.000899281,7
146530_1,SUSC,S,S1,1,M,ASY,Mid-Atlantic,Chesapeake Bay,-64.72068194,47.73602076,10.0,4/22/2015,5/2/2015,112,122,S,2015,12,7.0,S,W,SM,SM,139,1,3.463255814,0.02739726,5.781055899,0.2,0.001438849,15
146530_1,SUSC,S,S2,1,M,ASY,Mid-Atlantic,Chesapeake Bay,-64.80852855,50.28883601,10.0,5/10/2015,5/20/2015,130,140,S,2015,15,12.0,S,S,SD,SM,139,1,3.463255814,0.02739726,5.781055899,0.2,0.001438849,15
146530_1,SUSC,B,B1,1,M,ASY,Mid-Atlantic,Chesapeake Bay,-68.56048469,55.444225,5.0,6/4/2015,6/9/2015,155,160,B,2015,22,15.0,B,S,SM,SM,139,1,3.463255814,0.01369863,5.781055899,0.2,0.001438849,18
146530_1,SUSC,M,M1,1,M,ASY,Mid-Atlantic,Chesapeake Bay,-61.48852764,56.79837794,15.0,6/29/2015,7/14/2015,180,195,F,2015,17,22.0,F,B,WM,WM,139,1,3.463255814,0.04109589,5.781055899,0.2,0.001438849,16
146531_1,SUSC,S,S1,1,M,ASY,Mid-Atlantic,Delaware Bay,-69.24253763,42.32424098,3.0,5/12/2015,5/15/2015,132,135,S,2015,5,3.0,S,W,SM,SM,139,1,3.463255814,0.008219178,5.781055899,0.1,0.000719424,9
146531_1,SUSC,S,S2,1,M,ASY,Mid-Atlantic,Delaware Bay,-64.67708936,46.93986226,13.0,5/17/2015,5/30/2015,137,150,S,2015,12,5.0,S,S,SD,SM,139,1,3.463255814,0.035616438,5.781055899,0.1,0.000719424,14
146531_1,SUSC,S,S3,1,M,ASY,Mid-Atlantic,Delaware Bay,-65.00403228,50.11164991,14.0,5/31/2015,6/14/2015,151,165,S,2015,15,12.0,S,S,SD,SM,139,1,3.463255814,0.038356164,5.781055899,0.1,0.000719424,15
146531_1,SUSC,M,M1,1,M,ASY,Mid-Atlantic,Delaware Bay,-59.13606745,53.69226477,80.0,6/28/2015,9/16/2015,179,259,F,2015,17,15.0,F,S,SM,SM,139,1,3.463255814,0.219178082,5.781055899,0.1,0.000719424,16
146531_1,SUSC,M,M2,1,M,ASY,Mid-Atlantic,Delaware Bay,-67.47090733,49.36600169,21.0,9/18/2015,10/9/2015,261,282,F,2015,16,17.0,F,F,MD,WM,139,1,3.463255814,0.057534247,5.781055899,0.1,0.000719424,15
146531_1,SUSC,W,W1,2,M,ASY,Mid-Atlantic,Delaware Bay,-69.91604654,41.31754234,30.04166667,10/12/2015,11/11/2015,285,315,W,2015,1,16.0,W,F,WM,WM,139,1,3.463255814,0.082305936,5.781055899,0.1,0.000719424,8
146531_1,SUSC,W,W2,2,M,ASY,Mid-Atlantic,Delaware Bay,-70.29310676,41.27278769,25.0,11/16/2015,12/11/2015,320,345,W,2015,1,1.0,W,W,WD,W,139,1,3.463255814,0.068493151,5.781055899,0.1,0.000719424,8
146531_1,SUSC,W,W3,2,M,ASY,Mid-Atlantic,Delaware Bay,-74.10859386,40.24817824,32.0,12/13/2015,1/14/2016,347,14,W,2015,2,1.0,W,W,WD,W,139,1,3.463255814,0.087671233,5.781055899,0.1,0.000719424,8
146531_1,SUSC,W,W4,2,M,ASY,Mid-Atlantic,Delaware Bay,-75.14471457,39.01012682,40.0,1/15/2016,2/24/2016,15,55,W,2016,3,2.0,W,W,WD,W,139,1,3.463255814,0.109589041,5.781055899,0.1,0.000719424,7
146532_1,SUSC,S,S1,1,M,ASY,Mid-Atlantic,Delaware Bay,-65.36495023,49.62826502,36.0,4/19/2015,5/25/2015,109,145,S,2015,12,3.0,S,W,SM,SM,139,1,3.463255814,0.098630137,5.781055899,0.142857143,0.001027749,15
146532_1,SUSC,B,B1,1,M,ASY,Mid-Atlantic,Delaware Bay,-66.50450789,51.76496523,19.0,5/28/2015,6/16/2015,148,167,B,2015,15,12.0,B,S,SM,SM,139,1,3.463255814,0.052054795,5.781055899,0.142857143,0.001027749,18
146532_1,SUSC,M,M1,1,M,ASY,Mid-Atlantic,Delaware Bay,-79.19159825,52.06460238,68.0,6/27/2015,9/3/2015,178,246,F,2015,14,15.0,F,B,WM,WM,139,1,3.463255814,0.18630137,5.781055899,0.142857143,0.001027749,19
146532_1,SUSC,M,M2,1,M,ASY,Mid-Atlantic,Delaware Bay,-79.71794593,54.30328095,18.0,9/7/2015,9/25/2015,250,268,F,2015,23,14.0,F,F,MD,WM,139,1,3.463255814,0.049315068,5.781055899,0.142857143,0.001027749,19
146532_1,SUSC,W,W1,2,M,ASY,Mid-Atlantic,Delaware Bay,-64.95647369,47.18535388,23.0,10/1/2015,10/24/2015,274,297,W,2015,12,23.0,W,F,WM,WM,139,1,3.463255814,0.063013699,5.781055899,0.142857143,0.001027749,14
146532_1,SUSC,W,W2,2,M,ASY,Mid-Atlantic,Delaware Bay,-75.19875372,38.93238313,115.0416667,10/28/2015,2/20/2016,301,51,W,2015,3,12.0,W,W,WD,W,139,1,3.463255814,0.315182648,5.781055899,0.142857143,0.001027749,7
146533_1,SUSC,W,W2,1,M,ASY,Mid-Atlantic,Delaware Bay,-75.08149411,38.73610915,12.0,3/31/2015,4/12/2015,90,102,W,2015,3,3.0,W,W,WD,W,139,1,3.463255814,0.032876712,5.781055899,0.2,0.001438849,7
146533_1,SUSC,S,S1,1,M,ASY,Mid-Atlantic,Delaware Bay,-64.91249334,47.0279695,7.0,4/19/2015,4/26/2015,109,116,S,2015,12,3.0,S,W,SM,SM,139,1,3.463255814,0.019178082,5.781055899,0.2,0.001438849,14
146533_1,SUSC,S,S2,1,M,ASY,Mid-Atlantic,Delaware Bay,-68.01704087,49.37820315,13.0,5/2/2015,5/15/2015,122,135,S,2015,16,12.0,S,S,SD,SM,139,1,3.463255814,0.035616438,5.781055899,0.2,0.001438849,15
146533_1,SUSC,B,B1,1,M,ASY,Mid-Atlantic,Delaware Bay,-95.95050137,57.387637,6.0,5/28/2015,6/3/2015,148,154,B,2015,18,16.0,B,S,SM,SM,139,1,3.463255814,0.016438356,5.781055899,0.2,0.001438849,24
146535_1,SUSC,W,W2,1,M,ASY,Mid-Atlantic,Delaware Bay,-74.97622786,38.98949771,3.0,4/13/2015,4/16/2015,103,106,W,2015,3,3.0,W,W,WD,W,139,1,3.463255814,0.008219178,5.781055899,0.2,0.001438849,7
146535_1,SUSC,S,S1,1,M,ASY,Mid-Atlantic,Delaware Bay,-70.63830895,42.00156657,11.0,4/21/2015,5/2/2015,111,122,S,2015,1,3.0,S,W,SM,SM,139,1,3.463255814,0.030136986,5.781055899,0.2,0.001438849,9
146535_1,SUSC,S,S2,1,M,ASY,Mid-Atlantic,Delaware Bay,-68.14114507,49.21275129,7.0,5/6/2015,5/13/2015,126,133,S,2015,16,1.0,S,S,SD,SM,139,1,3.463255814,0.019178082,5.781055899,0.2,0.001438849,15
146535_1,SUSC,S,S3,1,M,ASY,Mid-Atlantic,Delaware Bay,-69.71322126,48.04441758,9.0,5/15/2015,5/24/2015,135,144,S,2015,16,16.0,S,S,SD,SM,139,1,3.463255814,0.024657534,5.781055899,0.2,0.001438849,13
146536_1,SUSC,S,S1,1,F,ASY,Mid-Atlantic,Chesapeake Bay,-64.73867142,49.00672962,26.0,5/2/2015,5/28/2015,122,148,S,2015,12,7.0,S,W,SM,SM,139,1,3.463255814,0.071232877,8.638051044,0.2,0.001438849,15
146536_1,SUSC,B,B1,1,F,ASY,Mid-Atlantic,Chesapeake Bay,-62.24278155,54.38518119,61.0,5/29/2015,7/29/2015,149,210,B,2015,17,12.0,B,S,SM,SM,139,1,3.463255814,0.167123288,8.638051044,0.2,0.001438849,16
146536_1,SUSC,M,M1,1,F,ASY,Mid-Atlantic,Chesapeake Bay,-57.43005069,54.11051169,12.0,8/2/2015,8/14/2015,214,226,F,2015,17,17.0,F,B,WM,WM,139,1,3.463255814,0.032876712,8.638051044,0.2,0.001438849,16
146536_1,SUSC,M,M2,1,F,ASY,Mid-Atlantic,Chesapeake Bay,-68.69369389,48.40689601,60.0,8/23/2015,10/22/2015,235,295,F,2015,16,17.0,F,F,MD,WM,139,1,3.463255814,0.164383562,8.638051044,0.2,0.001438849,13
146537_1,SUSC,S,S1,1,M,ASY,Mid-Atlantic,Chesapeake Bay,-64.10971494,47.21072446,15.0,4/30/2015,5/15/2015,120,135,S,2015,12,7.0,S,W,SM,SM,139,1,3.463255814,0.04109589,5.781055899,0.1,0.000719424,14
146537_1,SUSC,S,S2,1,M,ASY,Mid-Atlantic,Chesapeake Bay,-68.85816306,48.88200293,5.0,5/18/2015,5/23/2015,138,143,S,2015,16,12.0,S,S,SD,SM,139,1,3.463255814,0.01369863,5.781055899,0.1,0.000719424,13
146537_1,SUSC,B,B1,1,M,ASY,Mid-Atlantic,Chesapeake Bay,-84.70010865,54.62498575,6.0,6/2/2015,6/8/2015,153,159,B,2015,30,16.0,B,S,SM,SM,139,1,3.463255814,0.016438356,5.781055899,0.1,0.000719424,23
146537_1,SUSC,M,M1,1,M,ASY,Mid-Atlantic,Chesapeake Bay,-86.85630987,56.00160758,12.0,6/11/2015,6/23/2015,162,174,F,2015,29,30.0,F,B,WM,WM,139,1,3.463255814,0.032876712,5.781055899,0.1,0.000719424,23
146537_1,SUSC,M,M2,1,M,ASY,Mid-Atlantic,Chesapeake Bay,-79.18632184,52.42328506,85.0,7/3/2015,9/26/2015,184,269,F,2015,14,29.0,F,F,MD,WM,139,1,3.463255814,0.232876712,5.781055899,0.1,0.000719424,19
146537_1,SUSC,M,M3,1,M,ASY,Mid-Atlantic,Chesapeake Bay,-69.59940051,47.88208534,16.0,9/30/2015,10/16/2015,273,289,F,2015,16,14.0,F,F,MD,WM,139,1,3.463255814,0.043835616,5.781055899,0.1,0.000719424,13
146537_1,SUSC,WM,St,1,M,ASY,Mid-Atlantic,Chesapeake Bay,-70.02585648,41.54404562,5.0,10/19/2015,10/24/2015,292,297,F,2015,1,16.0,F,F,MD,WM,139,1,3.463255814,0.01369863,5.781055899,0.1,0.000719424,8
146537_1,SUSC,W,W1,2,M,ASY,Mid-Atlantic,Chesapeake Bay,-76.1089622,38.1451629,30.04166667,10/27/2015,11/26/2015,300,330,W,2015,7,1.0,W,F,WM,WM,139,1,3.463255814,0.082305936,5.781055899,0.1,0.000719424,7
146537_1,SUSC,W,W2,2,M,ASY,Mid-Atlantic,Chesapeake Bay,-76.41551751,38.77299094,76.0,12/12/2015,2/26/2016,346,57,W,2015,7,7.0,W,W,WD,W,139,1,3.463255814,0.208219178,5.781055899,0.1,0.000719424,7
146538_1,SUSC,S,S1,1,M,ASY,Mid-Atlantic,Chesapeake Bay,-63.87139657,45.57845746,5.0,4/27/2015,5/2/2015,117,122,S,2015,12,7.0,S,W,SM,SM,139,1,3.463255814,0.01369863,5.781055899,0.166666667,0.001199041,14
146538_1,SUSC,S,S2,1,M,ASY,Mid-Atlantic,Chesapeake Bay,-64.76483407,47.57782473,5.0,5/3/2015,5/8/2015,123,128,S,2015,12,12.0,S,S,SD,SM,139,1,3.463255814,0.01369863,5.781055899,0.166666667,0.001199041,14
146538_1,SUSC,B,B1,1,M,ASY,Mid-Atlantic,Chesapeake Bay,-63.54349364,50.59915057,37.0,5/12/2015,6/18/2015,132,169,B,2015,15,12.0,B,S,SM,SM,139,1,3.463255814,0.101369863,5.781055899,0.166666667,0.001199041,15
146538_1,SUSC,M,M1,1,M,ASY,Mid-Atlantic,Chesapeake Bay,-66.61439448,58.25058352,8.0,6/25/2015,7/3/2015,176,184,F,2015,22,15.0,F,B,WM,WM,139,1,3.463255814,0.021917808,5.781055899,0.166666667,0.001199041,17
146538_1,SUSC,M,M2,1,M,ASY,Mid-Atlantic,Chesapeake Bay,-79.49749583,54.7289849,69.0,7/15/2015,9/22/2015,196,265,F,2015,23,22.0,F,F,MD,WM,139,1,3.463255814,0.189041096,5.781055899,0.166666667,0.001199041,19
146539_1,SUSC,S,S1,1,M,ASY,Mid-Atlantic,Chesapeake Bay,-70.05638193,41.64341819,14.0,4/30/2015,5/14/2015,120,134,S,2015,1,7.0,S,W,SM,SM,139,1,3.463255814,0.038356164,5.781055899,0.25,0.001798561,8
146539_1,SUSC,S,S2,1,M,ASY,Mid-Atlantic,Chesapeake Bay,-61.13430606,45.33106585,3.0,5/15/2015,5/18/2015,135,138,S,2015,13,1.0,S,S,SD,SM,139,1,3.463255814,0.008219178,5.781055899,0.25,0.001798561,14
146539_1,SUSC,M,M1,1,M,ASY,Mid-Atlantic,Chesapeake Bay,-66.61712121,49.71940398,10.0,6/4/2015,6/14/2015,155,165,F,2015,15,13.0,F,S,SM,SM,139,1,3.463255814,0.02739726,5.781055899,0.25,0.001798561,15
146540_1,SUSC,S,S1,1,M,ASY,Mid-Atlantic,Chesapeake Bay,-79.25245774,42.7322896,16.0,4/27/2015,5/13/2015,117,133,S,2015,9,7.0,S,W,SM,SM,139,1,3.463255814,0.043835616,5.781055899,0.142857143,0.001027749,12
146540_1,SUSC,M,M1,1,M,ASY,Mid-Atlantic,Chesapeake Bay,-102.6293557,64.9761624,26.0,6/14/2015,7/10/2015,165,191,F,2015,21,9.0,F,S,SM,SM,139,1,3.463255814,0.071232877,5.781055899,0.142857143,0.001027749,2
146540_1,SUSC,M,M2,1,M,ASY,Mid-Atlantic,Chesapeake Bay,-100.0206441,63.99063043,6.0,7/13/2015,7/19/2015,194,200,F,2015,25,21.0,F,F,MD,WM,139,1,3.463255814,0.016438356,5.781055899,0.142857143,0.001027749,2
146540_1,SUSC,M,M3,1,M,ASY,Mid-Atlantic,Chesapeake Bay,-87.42344016,56.059905,6.0,8/1/2015,8/7/2015,213,219,F,2015,29,25.0,F,F,MD,WM,139,1,3.463255814,0.016438356,5.781055899,0.142857143,0.001027749,23
146540_1,SUSC,M,M4,1,M,ASY,Mid-Atlantic,Chesapeake Bay,-79.65512223,54.24129701,24.0,8/14/2015,9/7/2015,226,250,F,2015,23,29.0,F,F,MD,WM,139,1,3.463255814,0.065753425,5.781055899,0.142857143,0.001027749,19
146540_1,SUSC,M,M5,1,M,ASY,Mid-Atlantic,Chesapeake Bay,-77.7940735,59.52349734,46.0,9/12/2015,10/28/2015,255,301,F,2015,19,23.0,F,F,MD,WM,139,1,3.463255814,0.126027397,5.781055899,0.142857143,0.001027749,21
146541_1,SUSC,S,S1,1,F,ASY,Mid-Atlantic,Chesapeake Bay,-68.20057245,44.48213896,6.0,5/8/2015,5/14/2015,128,134,S,2015,5,7.0,S,W,SM,SM,139,1,3.463255814,0.016438356,8.638051044,0.2,0.001438849,9
146541_1,SUSC,S,S2,1,F,ASY,Mid-Atlantic,Chesapeake Bay,-64.62084834,49.64704689,19.0,5/15/2015,6/3/2015,135,154,S,2015,12,5.0,S,S,SD,SM,139,1,3.463255814,0.052054795,8.638051044,0.2,0.001438849,15
146541_1,SUSC,B,B1,1,F,ASY,Mid-Atlantic,Chesapeake Bay,-69.14415652,55.22718678,47.0,6/12/2015,7/29/2015,163,210,B,2015,22,12.0,B,S,SM,SM,139,1,3.463255814,0.128767123,8.638051044,0.2,0.001438849,18
146541_1,SUSC,M,M1,1,F,ASY,Mid-Atlantic,Chesapeake Bay,-60.62130734,54.30785648,20.0,8/4/2015,8/24/2015,216,236,F,2015,17,22.0,F,B,WM,WM,139,1,3.463255814,0.054794521,8.638051044,0.2,0.001438849,16
146542_1,SUSC,S,S1,1,M,ASY,South-Atlantic Bight,Pamlico Sound,-70.17893141,41.36884538,16.0,4/1/2015,4/17/2015,91,107,S,2015,1,8.0,S,W,SM,SM,139,1,3.463255814,0.043835616,5.781055899,0.111111111,0.000799361,8
146542_1,SUSC,S,S2,1,M,ASY,South-Atlantic Bight,Pamlico Sound,-65.00173532,47.62560693,30.0,4/23/2015,5/23/2015,113,143,S,2015,12,1.0,S,S,SD,SM,139,1,3.463255814,0.082191781,5.781055899,0.111111111,0.000799361,14
146542_1,SUSC,B,B1,1,M,ASY,South-Atlantic Bight,Pamlico Sound,-98.68292242,59.3979212,15.0,6/8/2015,6/23/2015,159,174,B,2015,18,12.0,B,S,SM,SM,139,1,3.463255814,0.04109589,5.781055899,0.111111111,0.000799361,24
146542_1,SUSC,M,M1,1,M,ASY,South-Atlantic Bight,Pamlico Sound,-79.04892707,52.16285055,59.0,7/7/2015,9/4/2015,188,247,F,2015,14,18.0,F,B,WM,WM,139,1,3.463255814,0.161643836,5.781055899,0.111111111,0.000799361,19
146542_1,SUSC,M,M2,1,M,ASY,South-Atlantic Bight,Pamlico Sound,-68.87777778,48.72664426,16.0,9/13/2015,9/29/2015,256,272,F,2015,16,14.0,F,F,MD,WM,139,1,3.463255814,0.043835616,5.781055899,0.111111111,0.000799361,13
146542_1,SUSC,M,M3,1,M,ASY,South-Atlantic Bight,Pamlico Sound,-63.13278295,46.13586517,35.04166667,10/4/2015,11/8/2015,277,312,F,2015,12,16.0,F,F,MD,WM,139,1,3.463255814,0.096004566,5.781055899,0.111111111,0.000799361,14
146542_1,SUSC,W,W1,2,M,ASY,South-Atlantic Bight,Pamlico Sound,-75.84256204,37.93045759,19.0,11/16/2015,12/5/2015,320,339,W,2015,7,12.0,W,F,WM,WM,139,1,3.463255814,0.052054795,5.781055899,0.111111111,0.000799361,7
146542_1,SUSC,W,W2,2,M,ASY,South-Atlantic Bight,Pamlico Sound,-76.31888593,35.24661437,37.0,12/6/2015,1/12/2016,340,12,W,2015,8,7.0,W,W,WD,W,139,1,3.463255814,0.101369863,5.781055899,0.111111111,0.000799361,7
146544_1,SUSC,S,S1,1,M,ASY,South-Atlantic Bight,Pamlico Sound,-65.05833804,47.88899319,17.0,4/20/2015,5/7/2015,110,127,S,2015,12,8.0,S,W,SM,SM,139,1,3.463255814,0.046575342,5.781055899,0.1,0.000719424,15
146544_1,SUSC,S,S2,1,M,ASY,South-Atlantic Bight,Pamlico Sound,-68.14320217,49.07699847,11.0,5/8/2015,5/19/2015,128,139,S,2015,16,12.0,S,S,SD,SM,139,1,3.463255814,0.030136986,5.781055899,0.1,0.000719424,15
146544_1,SUSC,B,B1,1,M,ASY,South-Atlantic Bight,Pamlico Sound,-70.82711657,52.7846558,8.0,5/24/2015,6/1/2015,144,152,B,2015,20,16.0,B,S,SM,SM,139,1,3.463255814,0.021917808,5.781055899,0.1,0.000719424,20
146544_1,SUSC,M,M1,1,M,ASY,South-Atlantic Bight,Pamlico Sound,-79.40159041,51.94269988,65.0,6/8/2015,8/12/2015,159,224,F,2015,14,20.0,F,B,WM,WM,139,1,3.463255814,0.178082192,5.781055899,0.1,0.000719424,19
146544_1,SUSC,M,M2,1,M,ASY,South-Atlantic Bight,Pamlico Sound,-79.74314689,57.11933483,52.0,8/17/2015,10/8/2015,229,281,F,2015,23,14.0,F,F,MD,WM,139,1,3.463255814,0.142465753,5.781055899,0.1,0.000719424,22
146544_1,SUSC,WM,St,1,M,ASY,South-Atlantic Bight,Pamlico Sound,-79.0937702,54.90252363,3.0,10/11/2015,10/14/2015,284,287,F,2015,23,23.0,F,F,MD,WM,139,1,3.463255814,0.008219178,5.781055899,0.1,0.000719424,19
146544_1,SUSC,W,W1,2,M,ASY,South-Atlantic Bight,Pamlico Sound,-70.3193711,41.74178138,26.04166667,10/19/2015,11/14/2015,292,318,W,2015,1,23.0,W,F,WM,WM,139,1,3.463255814,0.071347032,5.781055899,0.1,0.000719424,9
146544_1,SUSC,W,W2,2,M,ASY,South-Atlantic Bight,Pamlico Sound,-76.09375971,37.78315519,44.0,11/18/2015,1/1/2016,322,1,W,2015,7,1.0,W,W,WD,W,139,1,3.463255814,0.120547945,5.781055899,0.1,0.000719424,7
146544_1,SUSC,W,W3,2,M,ASY,South-Atlantic Bight,Pamlico Sound,-76.26774918,37.65917824,44.0,1/2/2016,2/15/2016,2,46,W,2016,7,7.0,W,W,WD,W,139,1,3.463255814,0.120547945,5.781055899,0.1,0.000719424,7
146545_1,SUSC,W,W2,1,M,ASY,South-Atlantic Bight,Pamlico Sound,-76.37589309,35.29903654,31.0,3/16/2015,4/16/2015,75,106,W,2015,8,8.0,W,W,WD,W,139,1,3.463255814,0.084931507,5.781055899,0.25,0.001798561,7
146545_1,SUSC,S,S1,1,M,ASY,South-Atlantic Bight,Pamlico Sound,-64.83096443,46.89653891,11.0,4/19/2015,4/30/2015,109,120,S,2015,12,8.0,S,W,SM,SM,139,1,3.463255814,0.030136986,5.781055899,0.25,0.001798561,14
146545_1,SUSC,SM,St,1,M,ASY,South-Atlantic Bight,Pamlico Sound,-65.23803643,48.12001648,3.0,5/4/2015,5/7/2015,124,127,S,2015,12,12.0,S,S,SD,SM,139,1,3.463255814,0.008219178,5.781055899,0.25,0.001798561,15
146546_1,SUSC,S,S1,1,M,ASY,South-Atlantic Bight,Pamlico Sound,-70.48227371,41.26802281,14.0,4/19/2015,5/3/2015,109,123,S,2015,1,8.0,S,W,SM,SM,139,1,3.463255814,0.038356164,5.781055899,0.1,0.000719424,8
146546_1,SUSC,S,S2,1,M,ASY,South-Atlantic Bight,Pamlico Sound,-69.85258835,41.32450176,3.0,5/4/2015,5/7/2015,124,127,S,2015,1,1.0,S,S,SD,SM,139,1,3.463255814,0.008219178,5.781055899,0.1,0.000719424,8
146546_1,SUSC,S,S3,1,M,ASY,South-Atlantic Bight,Pamlico Sound,-60.55960729,47.01979472,4.0,5/9/2015,5/13/2015,129,133,S,2015,13,1.0,S,S,SD,SM,139,1,3.463255814,0.010958904,5.781055899,0.1,0.000719424,15
146546_1,SUSC,S,S4,1,M,ASY,South-Atlantic Bight,Pamlico Sound,-64.34572163,50.26583691,21.0,5/16/2015,6/6/2015,136,157,S,2015,15,13.0,S,S,SD,SM,139,1,3.463255814,0.057534247,5.781055899,0.1,0.000719424,15
146546_1,SUSC,B,B1,1,M,ASY,South-Atlantic Bight,Pamlico Sound,-61.64809494,54.90559406,33.0,6/10/2015,7/13/2015,161,194,B,2015,17,15.0,B,S,SM,SM,139,1,3.463255814,0.090410959,5.781055899,0.1,0.000719424,16
146546_1,SUSC,M,M1,1,M,ASY,South-Atlantic Bight,Pamlico Sound,-69.07801557,48.63407428,42.0,7/23/2015,9/3/2015,204,246,F,2015,16,17.0,F,B,WM,WM,139,1,3.463255814,0.115068493,5.781055899,0.1,0.000719424,13
146546_1,SUSC,M,M2,1,M,ASY,South-Atlantic Bight,Pamlico Sound,-68.01843919,49.14705301,11.0,9/4/2015,9/15/2015,247,258,F,2015,16,16.0,F,F,MD,WM,139,1,3.463255814,0.030136986,5.781055899,0.1,0.000719424,15
146546_1,SUSC,M,M3,1,M,ASY,South-Atlantic Bight,Pamlico Sound,-66.11750961,50.15821327,30.0,9/16/2015,10/16/2015,259,289,F,2015,15,16.0,F,F,MD,WM,139,1,3.463255814,0.082191781,5.781055899,0.1,0.000719424,15
146546_1,SUSC,W,W1,2,M,ASY,South-Atlantic Bight,Pamlico Sound,-75.83693866,37.79597653,35.04166667,10/19/2015,11/23/2015,292,327,W,2015,7,15.0,W,F,WM,WM,139,1,3.463255814,0.096004566,5.781055899,0.1,0.000719424,7
20657_1,SUSC,W,W2,1,M,AHY,Mid-Atlantic,Chesapeake Bay,-74.86919154,39.16056393,5.0,5/24/2001,5/29/2001,144,149,W,2001,3,7.0,W,W,WD,W,139,1,3.463255814,0.01369863,5.781055899,0.2,0.001438849,7
20657_1,SUSC,S,S1,1,M,AHY,Mid-Atlantic,Chesapeake Bay,-72.00574805,41.04586518,8.0,5/30/2001,6/7/2001,150,158,S,2001,2,3.0,S,W,SM,SM,139,1,3.463255814,0.021917808,5.781055899,0.2,0.001438849,8
20657_1,SUSC,S,S2,1,M,AHY,Mid-Atlantic,Chesapeake Bay,-69.87799588,43.71006646,10.0,6/9/2001,6/19/2001,160,170,S,2001,5,2.0,S,S,SD,SM,139,1,3.463255814,0.02739726,5.781055899,0.2,0.001438849,9
20657_1,SUSC,S,S3,1,M,AHY,Mid-Atlantic,Chesapeake Bay,-64.76557876,46.69518784,6.0,6/20/2001,6/26/2001,171,177,S,2001,12,5.0,S,S,SD,SM,139,1,3.463255814,0.016438356,5.781055899,0.2,0.001438849,14
20658_1,SUSC,S,S1,1,M,AHY,Mid-Atlantic,Chesapeake Bay,-64.85796267,47.10903078,7.0,4/30/2001,5/7/2001,120,127,S,2001,12,7.0,S,W,SM,SM,139,1,3.463255814,0.019178082,5.781055899,0.125,0.000899281,14
20658_1,SUSC,S,S2,1,M,AHY,Mid-Atlantic,Chesapeake Bay,-64.81831503,48.38722528,9.0,5/8/2001,5/17/2001,128,137,S,2001,12,12.0,S,S,SD,SM,139,1,3.463255814,0.024657534,5.781055899,0.125,0.000899281,15
20658_1,SUSC,S,S3,1,M,AHY,Mid-Atlantic,Chesapeake Bay,-66.28942284,50.11884318,4.0,5/18/2001,5/22/2001,138,142,S,2001,15,12.0,S,S,SD,SM,139,1,3.463255814,0.010958904,5.781055899,0.125,0.000899281,15
20658_1,SUSC,B,B1,1,M,AHY,Mid-Atlantic,Chesapeake Bay,-68.73239439,55.19478973,33.0,5/25/2001,6/27/2001,145,178,B,2001,22,15.0,B,S,SM,SM,139,1,3.463255814,0.090410959,5.781055899,0.125,0.000899281,18
20658_1,SUSC,M,M1,1,M,AHY,Mid-Atlantic,Chesapeake Bay,-69.99541279,56.53018063,14.0,7/10/2001,7/24/2001,191,205,F,2001,22,22.0,F,B,WM,WM,139,1,3.463255814,0.038356164,5.781055899,0.125,0.000899281,17
20658_1,SUSC,M,M2,1,M,AHY,Mid-Atlantic,Chesapeake Bay,-69.19690959,56.23097832,9.0,7/25/2001,8/3/2001,206,215,F,2001,22,22.0,F,F,MD,WM,139,1,3.463255814,0.024657534,5.781055899,0.125,0.000899281,17
20658_1,SUSC,M,M3,1,M,AHY,Mid-Atlantic,Chesapeake Bay,-68.79773035,55.57041476,12.0,8/4/2001,8/16/2001,216,228,F,2001,22,22.0,F,F,MD,WM,139,1,3.463255814,0.032876712,5.781055899,0.125,0.000899281,18
20660_1,SUSC,S,S1,1,M,SY,Mid-Atlantic,Chesapeake Bay,-66.42128384,50.0397803,7.0,5/17/2002,5/24/2002,137,144,S,2002,15,7.0,S,W,SM,SM,139,1,3.463255814,0.019178082,5.781055899,0.125,0.000899281,15
20660_1,SUSC,B,B1,1,M,SY,Mid-Atlantic,Chesapeake Bay,-63.89388615,54.71909836,26.0,5/31/2002,6/26/2002,151,177,B,2002,15,15.0,B,S,SM,SM,139,1,3.463255814,0.071232877,5.781055899,0.125,0.000899281,18
20660_1,SUSC,M,M1,1,M,SY,Mid-Atlantic,Chesapeake Bay,-69.46801816,47.92719276,91.0,7/3/2002,10/2/2002,184,275,F,2002,16,15.0,F,B,WM,WM,139,1,3.463255814,0.249315068,5.781055899,0.125,0.000899281,13
20660_1,SUSC,M,M2,1,M,SY,Mid-Atlantic,Chesapeake Bay,-69.46263177,48.01745947,13.0,10/3/2002,10/16/2002,276,289,F,2002,16,16.0,F,F,MD,WM,139,1,3.463255814,0.035616438,5.781055899,0.125,0.000899281,13
20660_1,SUSC,W,W1,2,M,SY,Mid-Atlantic,Chesapeake Bay,-75.84319067,37.91145964,15.04166667,10/23/2002,11/7/2002,296,311,W,2002,7,16.0,W,F,WM,WM,139,1,3.463255814,0.041210046,5.781055899,0.125,0.000899281,7
20660_1,SUSC,W,W2,2,M,SY,Mid-Atlantic,Chesapeake Bay,-76.13058498,38.11123088,57.0,11/8/2002,1/4/2003,312,4,W,2002,7,7.0,W,W,WD,W,139,1,3.463255814,0.156164384,5.781055899,0.125,0.000899281,7
20660_1,SUSC,W,W3,2,M,SY,Mid-Atlantic,Chesapeake Bay,-76.07183984,37.68882888,43.0,1/5/2003,2/17/2003,5,48,W,2003,7,7.0,W,W,WD,W,139,1,3.463255814,0.117808219,5.781055899,0.125,0.000899281,7
20661_1,SUSC,S,S1,1,M,SY,Mid-Atlantic,Chesapeake Bay,-69.69214673,43.81909839,5.0,5/5/2002,5/10/2002,125,130,S,2002,5,7.0,S,W,SM,SM,139,1,3.463255814,0.01369863,5.781055899,0.111111111,0.000799361,9
20661_1,SUSC,S,S2,1,M,SY,Mid-Atlantic,Chesapeake Bay,-66.32397696,50.10247435,19.0,5/27/2002,6/15/2002,147,166,S,2002,15,5.0,S,S,SD,SM,139,1,3.463255814,0.052054795,5.781055899,0.111111111,0.000799361,15
20661_1,SUSC,M,M1,1,M,SY,Mid-Atlantic,Chesapeake Bay,-69.18473017,48.55494353,67.0,6/20/2002,8/26/2002,171,238,F,2002,16,15.0,F,S,SM,SM,139,1,3.463255814,0.183561644,5.781055899,0.111111111,0.000799361,13
20661_1,SUSC,M,M2,1,M,SY,Mid-Atlantic,Chesapeake Bay,-69.0768998,48.68247151,60.0,8/27/2002,10/26/2002,239,299,F,2002,16,16.0,F,F,MD,WM,139,1,3.463255814,0.164383562,5.781055899,0.111111111,0.000799361,13
20661_1,SUSC,WM,St,1,M,SY,Mid-Atlantic,Chesapeake Bay,-70.56125156,41.9372632,8.0,11/4/2002,11/12/2002,308,316,F,2002,1,16.0,F,F,MD,WM,139,1,3.463255814,0.021917808,5.781055899,0.111111111,0.000799361,9
20661_1,SUSC,W,W1,2,M,SY,Mid-Atlantic,Chesapeake Bay,-74.35605567,39.46972564,11.0,11/21/2002,12/2/2002,325,336,W,2002,3,1.0,W,F,WM,WM,139,1,3.463255814,0.030136986,5.781055899,0.111111111,0.000799361,7
20661_1,SUSC,W,W2,2,M,SY,Mid-Atlantic,Chesapeake Bay,-76.27355076,37.89101225,55.0,12/9/2002,2/2/2003,343,33,W,2002,7,3.0,W,W,WD,W,139,1,3.463255814,0.150684932,5.781055899,0.111111111,0.000799361,7
20661_1,SUSC,W,W3,2,M,SY,Mid-Atlantic,Chesapeake Bay,-75.85781563,37.68385701,41.0,2/3/2003,3/16/2003,34,75,W,2003,7,7.0,W,W,WD,W,139,1,3.463255814,0.112328767,5.781055899,0.111111111,0.000799361,7
20666_1,SUSC,S,S1,1,M,AHY,Mid-Atlantic,Chesapeake Bay,-64.41984321,50.1148245,15.0,5/1/2002,5/16/2002,121,136,S,2002,15,7.0,S,W,SM,SM,139,1,3.463255814,0.04109589,5.781055899,0.125,0.000899281,15
20666_1,SUSC,B,B1,1,M,AHY,Mid-Atlantic,Chesapeake Bay,-95.23245656,57.93923053,17.0,6/3/2002,6/20/2002,154,171,B,2002,18,15.0,B,S,SM,SM,139,1,3.463255814,0.046575342,5.781055899,0.125,0.000899281,24
20666_1,SUSC,M,M1,1,M,AHY,Mid-Atlantic,Chesapeake Bay,-78.70311801,58.8732972,56.0,7/2/2002,8/27/2002,183,239,F,2002,19,18.0,F,B,WM,WM,139,1,3.463255814,0.153424658,5.781055899,0.125,0.000899281,22
20666_1,SUSC,M,M2,1,M,AHY,Mid-Atlantic,Chesapeake Bay,-77.76129635,60.59114346,16.0,9/3/2002,9/19/2002,246,262,F,2002,19,19.0,F,F,MD,WM,139,1,3.463255814,0.043835616,5.781055899,0.125,0.000899281,21
20666_1,SUSC,WM,St,1,M,AHY,Mid-Atlantic,Chesapeake Bay,-63.93497554,45.97164306,3.0,9/29/2002,10/2/2002,272,275,F,2002,12,19.0,F,F,MD,WM,139,1,3.463255814,0.008219178,5.781055899,0.125,0.000899281,14
20666_1,SUSC,W,W1,2,M,AHY,Mid-Atlantic,Chesapeake Bay,-67.51610671,44.66910929,15.0,10/8/2002,10/23/2002,281,296,W,2002,5,12.0,W,F,WM,WM,139,1,3.463255814,0.04109589,5.781055899,0.125,0.000899281,9
20666_1,SUSC,W,W2,2,M,AHY,Mid-Atlantic,Chesapeake Bay,-76.15806275,37.72964436,86.0,10/31/2002,1/25/2003,304,25,W,2002,7,5.0,W,W,WD,W,139,1,3.463255814,0.235616438,5.781055899,0.125,0.000899281,7
20667_1,SUSC,S,S1,1,M,SY,Mid-Atlantic,Chesapeake Bay,-65.60391112,48.63834404,8.0,5/12/2002,5/20/2002,132,140,S,2002,31,7.0,S,W,SM,SM,139,1,3.463255814,0.021917808,5.781055899,0.142857143,0.001027749,15
20667_1,SUSC,S,S2,1,M,SY,Mid-Atlantic,Chesapeake Bay,-66.06390012,50.22079867,17.0,5/22/2002,6/8/2002,142,159,S,2002,15,31.0,S,S,SD,SM,139,1,3.463255814,0.046575342,5.781055899,0.142857143,0.001027749,15
20667_1,SUSC,M,M1,1,M,SY,Mid-Atlantic,Chesapeake Bay,-78.75904314,52.38310766,9.0,6/20/2002,6/29/2002,171,180,F,2002,14,15.0,F,S,SM,SM,139,1,3.463255814,0.024657534,5.781055899,0.142857143,0.001027749,19
20667_1,SUSC,M,M2,1,M,SY,Mid-Atlantic,Chesapeake Bay,-79.67843238,51.98318893,64.0,6/30/2002,9/2/2002,181,245,F,2002,14,14.0,F,F,MD,WM,139,1,3.463255814,0.175342466,5.781055899,0.142857143,0.001027749,19
20667_1,SUSC,M,M3,1,M,SY,Mid-Atlantic,Chesapeake Bay,-76.72785677,57.34381304,43.0,9/11/2002,10/24/2002,254,297,F,2002,19,14.0,F,F,MD,WM,139,1,3.463255814,0.117808219,5.781055899,0.142857143,0.001027749,20
20667_1,SUSC,W,W1,2,M,SY,Mid-Atlantic,Chesapeake Bay,-76.41139413,37.47406405,107.0,11/6/2002,2/21/2003,310,52,W,2002,7,19.0,W,F,WM,WM,139,1,3.463255814,0.293150685,5.781055899,0.142857143,0.001027749,7
20668_1,SUSC,S,S1,1,M,SY,Mid-Atlantic,Chesapeake Bay,-64.51607885,46.25573908,7.0,4/23/2002,4/30/2002,113,120,S,2002,12,7.0,S,W,SM,SM,139,1,3.463255814,0.019178082,5.781055899,0.1,0.000719424,14
20668_1,SUSC,S,S2,1,M,SY,Mid-Atlantic,Chesapeake Bay,-66.30746515,50.08597133,18.0,5/8/2002,5/26/2002,128,146,S,2002,15,12.0,S,S,SD,SM,139,1,3.463255814,0.049315068,5.781055899,0.1,0.000719424,15
20668_1,SUSC,B,B1,1,M,SY,Mid-Atlantic,Chesapeake Bay,-68.95887669,55.52957254,11.0,6/12/2002,6/23/2002,163,174,B,2002,22,15.0,B,S,SM,SM,139,1,3.463255814,0.030136986,5.781055899,0.1,0.000719424,18
20668_1,SUSC,M,M1,1,M,SY,Mid-Atlantic,Chesapeake Bay,-57.96998493,54.10057604,60.0,6/29/2002,8/28/2002,180,240,F,2002,17,22.0,F,B,WM,WM,139,1,3.463255814,0.164383562,5.781055899,0.1,0.000719424,16
20668_1,SUSC,M,M2,1,M,SY,Mid-Atlantic,Chesapeake Bay,-59.04310038,53.94214148,23.0,8/29/2002,9/21/2002,241,264,F,2002,17,17.0,F,F,MD,WM,139,1,3.463255814,0.063013699,5.781055899,0.1,0.000719424,16
20668_1,SUSC,M,M3,1,M,SY,Mid-Atlantic,Chesapeake Bay,-68.61762933,48.90271019,17.0,9/26/2002,10/13/2002,269,286,F,2002,16,17.0,F,F,MD,WM,139,1,3.463255814,0.046575342,5.781055899,0.1,0.000719424,13
20668_1,SUSC,W,W1,2,M,SY,Mid-Atlantic,Chesapeake Bay,-75.88303179,37.73385736,140.0416667,10/25/2002,3/14/2003,298,73,W,2002,7,16.0,W,F,WM,WM,139,1,3.463255814,0.383675799,5.781055899,0.1,0.000719424,7
20668_1,SUSC,W,W2,2,M,SY,Mid-Atlantic,Chesapeake Bay,-76.08425924,37.43331021,29.0,1/24/2003,2/22/2003,24,53,W,2003,7,7.0,W,W,WD,W,139,1,3.463255814,0.079452055,5.781055899,0.1,0.000719424,7
20668_1,SUSC,W,W3,2,M,SY,Mid-Atlantic,Chesapeake Bay,-72.98935012,39.52712634,12.95833333,4/4/2003,4/17/2003,94,107,W,2003,2,7.0,W,W,WD,W,139,1,3.463255814,0.035502283,5.781055899,0.1,0.000719424,8
20669_1,SUSC,S,S1,1,M,AHY,Mid-Atlantic,Chesapeake Bay,-80.09991324,42.5785711,12.0,4/29/2001,5/11/2001,119,131,S,2001,9,7.0,S,W,SM,SM,139,1,3.463255814,0.032876712,5.781055899,0.5,0.003597122,12
36936_1,SUSC,S,S2,1,M,AHY,Quebec,Chaleur Bay,-66.11644722,47.96520686,29.0,5/22/2010,6/20/2010,142,171,S,2010,31,31.0,S,S,SD,SM,139,1,3.463255814,0.079452055,5.781055899,0.166666667,0.001199041,15
36936_1,SUSC,M,M1,1,M,AHY,Quebec,Chaleur Bay,-58.14777409,54.10948612,68.0,6/27/2010,9/3/2010,178,246,F,2010,17,31.0,F,S,SM,SM,139,1,3.463255814,0.18630137,5.781055899,0.166666667,0.001199041,16
36936_1,SUSC,M,M2,1,M,AHY,Quebec,Chaleur Bay,-58.83203105,54.04658807,10.0,9/4/2010,9/14/2010,247,257,F,2010,17,17.0,F,F,MD,WM,139,1,3.463255814,0.02739726,5.781055899,0.166666667,0.001199041,16
36936_1,SUSC,M,M3,1,M,AHY,Quebec,Chaleur Bay,-64.43944925,46.99651896,13.0,9/22/2010,10/5/2010,265,278,F,2010,12,17.0,F,F,MD,WM,139,1,3.463255814,0.035616438,5.781055899,0.166666667,0.001199041,14
36936_1,SUSC,W,W1,1,M,AHY,Quebec,Chaleur Bay,-65.93995171,44.57068366,28.0,10/10/2010,11/7/2010,283,311,W,2010,5,12.0,W,F,WM,WM,139,1,3.463255814,0.076712329,5.781055899,0.166666667,0.001199041,14
40772_1,SUSC,S,S1,1,F,AHY,Mid-Atlantic,Chesapeake Bay,-66.09485369,50.19639599,7.0,5/3/2004,5/10/2004,124,131,S,2004,15,7.0,S,W,SM,SM,139,1,3.463255814,0.019178082,8.638051044,0.142857143,0.001027749,15
40772_1,SUSC,B,B1,1,F,AHY,Mid-Atlantic,Chesapeake Bay,-59.1542534,52.82390012,97.0,5/17/2004,8/22/2004,138,235,B,2004,17,15.0,B,S,SM,SM,139,1,3.463255814,0.265753425,8.638051044,0.142857143,0.001027749,16
40772_1,SUSC,M,M1,1,F,AHY,Mid-Atlantic,Chesapeake Bay,-66.24683711,50.20668128,44.0,9/8/2004,10/22/2004,252,296,F,2004,15,17.0,F,B,WM,WM,139,1,3.463255814,0.120547945,8.638051044,0.142857143,0.001027749,15
40772_1,SUSC,WM,St,1,F,AHY,Mid-Atlantic,Chesapeake Bay,-69.97346951,41.50866893,3.0,11/4/2004,11/7/2004,309,312,F,2004,1,15.0,F,F,MD,WM,139,1,3.463255814,0.008219178,8.638051044,0.142857143,0.001027749,8
40772_1,SUSC,W,W1,2,F,AHY,Mid-Atlantic,Chesapeake Bay,-76.40451129,38.69757698,106.0,11/16/2004,3/2/2005,321,61,W,2004,7,1.0,W,F,WM,WM,139,1,3.463255814,0.290410959,8.638051044,0.142857143,0.001027749,7
40772_1,SUSC,W,W2,2,F,AHY,Mid-Atlantic,Chesapeake Bay,-76.24977962,38.87198597,27.0,12/29/2004,1/25/2005,364,25,W,2004,7,7.0,W,W,WD,W,139,1,3.463255814,0.073972603,8.638051044,0.142857143,0.001027749,7
40774_2,SUSC,W,W2,1,F,AHY,Mid-Atlantic,Chesapeake Bay,-76.13740036,38.1998104,21.0,5/6/2005,5/27/2005,126,147,W,2005,7,7.0,W,W,WD,W,139,1,3.463255814,0.057534247,8.638051044,0.2,0.001438849,7
40774_2,SUSC,S,S1,1,F,AHY,Mid-Atlantic,Chesapeake Bay,-72.10586727,40.99640706,19.0,5/31/2005,6/19/2005,151,170,S,2005,2,7.0,S,W,SM,SM,139,1,3.463255814,0.052054795,8.638051044,0.2,0.001438849,8
40774_2,SUSC,S,S2,1,F,AHY,Mid-Atlantic,Chesapeake Bay,-67.55297588,44.60029577,23.0,6/24/2005,7/17/2005,175,198,S,2005,5,2.0,S,S,SD,SM,139,1,3.463255814,0.063013699,8.638051044,0.2,0.001438849,9
40774_2,SUSC,M,M1,1,F,AHY,Mid-Atlantic,Chesapeake Bay,-69.11734159,48.20211827,84.0,7/22/2005,10/14/2005,203,287,F,2005,16,5.0,F,S,SM,SM,139,1,3.463255814,0.230136986,8.638051044,0.2,0.001438849,13
40775_1,SUSC,S,S1,1,F,AHY,Mid-Atlantic,Chesapeake Bay,-65.85999083,50.23641626,6.0,5/3/2004,5/9/2004,124,130,S,2004,15,7.0,S,W,SM,SM,139,1,3.463255814,0.016438356,8.638051044,0.142857143,0.001027749,15
40775_1,SUSC,S,S2,1,F,AHY,Mid-Atlantic,Chesapeake Bay,-62.16271674,50.11642962,10.0,5/14/2004,5/24/2004,135,145,S,2004,15,15.0,S,S,SD,SM,139,1,3.463255814,0.02739726,8.638051044,0.142857143,0.001027749,15
40775_1,SUSC,B,B1,1,F,AHY,Mid-Atlantic,Chesapeake Bay,-66.04339282,54.44787931,56.0,5/30/2004,7/25/2004,151,207,B,2004,15,15.0,B,S,SM,SM,139,1,3.463255814,0.153424658,8.638051044,0.142857143,0.001027749,18
40775_1,SUSC,M,M1,1,F,AHY,Mid-Atlantic,Chesapeake Bay,-61.01210554,56.25617457,70.0,7/29/2004,10/7/2004,211,281,F,2004,17,15.0,F,B,WM,WM,139,1,3.463255814,0.191780822,8.638051044,0.142857143,0.001027749,16
40775_1,SUSC,M,M2,1,F,AHY,Mid-Atlantic,Chesapeake Bay,-64.88493466,47.18599805,15.0,10/14/2004,10/29/2004,288,303,F,2004,12,17.0,F,F,MD,WM,139,1,3.463255814,0.04109589,8.638051044,0.142857143,0.001027749,14
40775_1,SUSC,W,W1,2,F,AHY,Mid-Atlantic,Chesapeake Bay,-76.3587392,38.09389345,103.0,11/5/2004,2/16/2005,310,47,W,2004,7,12.0,W,F,WM,WM,139,1,3.463255814,0.282191781,8.638051044,0.142857143,0.001027749,7
49434_1,SUSC,S,S1,1,F,AHY,Quebec,Chaleur Bay,-67.86965167,49.15619544,25.0,5/1/2004,5/26/2004,122,147,S,2004,16,7.0,S,W,SM,SM,139,1,3.463255814,0.068493151,8.638051044,0.125,0.000899281,15
49434_1,SUSC,BM,St,1,F,AHY,Quebec,Chaleur Bay,-97.40754275,58.68779427,2.0,6/6/2004,6/8/2004,158,160,S,2004,18,16.0,S,S,SD,SM,139,1,3.463255814,0.005479452,8.638051044,0.125,0.000899281,24
49434_1,SUSC,B,B1,1,F,AHY,Quebec,Chaleur Bay,-101.4157892,60.39023029,49.0,6/10/2004,7/29/2004,162,211,B,2004,21,18.0,B,S,SM,SM,139,1,3.463255814,0.134246575,8.638051044,0.125,0.000899281,5
49434_1,SUSC,M,M1,1,F,AHY,Quebec,Chaleur Bay,-88.18830249,56.46496496,5.0,8/3/2004,8/8/2004,216,221,F,2004,29,21.0,F,B,WM,WM,139,1,3.463255814,0.01369863,8.638051044,0.125,0.000899281,23
49434_1,SUSC,M,M2,1,F,AHY,Quebec,Chaleur Bay,-79.01857074,52.48381632,8.0,8/11/2004,8/19/2004,224,232,F,2004,14,29.0,F,F,MD,WM,139,1,3.463255814,0.021917808,8.638051044,0.125,0.000899281,19
49434_1,SUSC,M,M3,1,F,AHY,Quebec,Chaleur Bay,-68.15938276,49.11718472,70.04166667,8/23/2004,11/1/2004,236,306,F,2004,16,14.0,F,F,MD,WM,139,1,3.463255814,0.191894977,8.638051044,0.125,0.000899281,15
49434_1,SUSC,W,W1,2,F,AHY,Quebec,Chaleur Bay,-76.41268147,38.4062252,68.0,11/7/2004,1/14/2005,312,14,W,2004,7,16.0,W,F,WM,WM,139,1,3.463255814,0.18630137,8.638051044,0.125,0.000899281,7
49436_2,SUSC,S,S1,1,F,AHY,Quebec,Chaleur Bay,-64.73396427,47.44273693,12.0,5/5/2005,5/17/2005,125,137,S,2005,12,3.0,S,W,SM,SM,139,1,3.463255814,0.032876712,8.638051044,0.166666667,0.001199041,14
49436_2,SUSC,BM,St,1,F,AHY,Quebec,Chaleur Bay,-68.06269567,48.84436868,2.0,5/19/2005,5/21/2005,139,141,S,2005,16,12.0,S,S,SD,SM,139,1,3.463255814,0.005479452,8.638051044,0.166666667,0.001199041,13
49436_2,SUSC,B,B1,1,F,AHY,Quebec,Chaleur Bay,-74.62142579,52.98585604,49.0,5/25/2005,7/13/2005,145,194,B,2005,20,16.0,B,S,SM,SM,139,1,3.463255814,0.134246575,8.638051044,0.166666667,0.001199041,20
49436_2,SUSC,M,M1,1,F,AHY,Quebec,Chaleur Bay,-69.11973733,48.20333946,54.0,7/19/2005,9/11/2005,200,254,F,2005,16,20.0,F,B,WM,WM,139,1,3.463255814,0.147945205,8.638051044,0.166666667,0.001199041,13
49436_2,SUSC,M,M2,1,F,AHY,Quebec,Chaleur Bay,-68.61711794,48.84693421,23.0,9/12/2005,10/5/2005,255,278,F,2005,16,16.0,F,F,MD,WM,139,1,3.463255814,0.063013699,8.638051044,0.166666667,0.001199041,13
49439_2,SUSC,S,S1,1,F,AHY,Mid-Atlantic,Chesapeake Bay,-66.22916201,50.23482068,18.0,5/4/2005,5/22/2005,124,142,S,2005,15,7.0,S,W,SM,SM,139,1,3.463255814,0.049315068,8.638051044,0.25,0.001798561,15
49439_2,SUSC,B,B1,1,F,AHY,Mid-Atlantic,Chesapeake Bay,-63.07688819,56.00608266,39.0,5/27/2005,7/5/2005,147,186,B,2005,15,15.0,B,S,SM,SM,139,1,3.463255814,0.106849315,8.638051044,0.25,0.001798561,16
49439_2,SUSC,M,M1,1,F,AHY,Mid-Atlantic,Chesapeake Bay,-61.37895531,56.12829893,93.0,7/7/2005,10/8/2005,188,281,F,2005,17,15.0,F,B,WM,WM,139,1,3.463255814,0.254794521,8.638051044,0.25,0.001798561,16
65561_1,SUSC,M,M2,1,M,ASY,New Foundland/Labrador,Labrador,-60.72246821,55.86876974,33.0,8/13/2006,9/15/2006,225,258,F,2006,17,17.0,F,F,MD,WM,139,1,3.463255814,0.090410959,5.781055899,0.142857143,0.001027749,16
65561_1,SUSC,M,M3,1,M,ASY,New Foundland/Labrador,Labrador,-59.1157776,54.12283678,27.0,9/19/2006,10/16/2006,262,289,F,2006,17,17.0,F,F,MD,WM,139,1,3.463255814,0.073972603,5.781055899,0.142857143,0.001027749,16
65561_1,SUSC,W,W1,1,M,ASY,New Foundland/Labrador,Labrador,-70.8089806,41.26647226,13.04166667,10/26/2006,11/8/2006,299,312,W,2006,2,17.0,W,F,WM,WM,139,1,3.463255814,0.035730594,5.781055899,0.142857143,0.001027749,8
65561_1,SUSC,W,W2,1,M,ASY,New Foundland/Labrador,Labrador,-76.08646246,37.80933433,15.0,11/16/2006,12/1/2006,320,335,W,2006,7,2.0,W,W,WD,W,139,1,3.463255814,0.04109589,5.781055899,0.142857143,0.001027749,7
65561_1,SUSC,W,W3,1,M,ASY,New Foundland/Labrador,Labrador,-75.97524508,37.60631842,43.0,12/2/2006,1/14/2007,336,14,W,2006,7,7.0,W,W,WD,W,139,1,3.463255814,0.117808219,5.781055899,0.142857143,0.001027749,7
65561_1,SUSC,W,W4,1,M,ASY,New Foundland/Labrador,Labrador,-76.53674729,35.10556585,58.95833333,1/17/2007,3/17/2007,17,76,W,2007,8,7.0,W,W,WD,W,139,1,3.463255814,0.16152968,5.781055899,0.142857143,0.001027749,7
65562_1,SUSC,M,M2,1,M,ASY,New Foundland/Labrador,Labrador,-61.61279326,56.24109724,26.0,9/18/2006,10/14/2006,261,287,F,2006,17,17.0,F,F,MD,WM,139,1,3.463255814,0.071232877,5.781055899,0.1,0.000719424,16
65562_1,SUSC,W,W1,1,M,ASY,New Foundland/Labrador,Labrador,-68.11442902,49.23161299,15.04166667,10/23/2006,11/7/2006,296,311,W,2006,16,17.0,W,F,WM,WM,139,1,3.463255814,0.041210046,5.781055899,0.1,0.000719424,15
65562_1,SUSC,W,W2,1,M,ASY,New Foundland/Labrador,Labrador,-70.16141923,41.22936957,32.0,11/13/2006,12/15/2006,317,349,W,2006,1,16.0,W,W,WD,W,139,1,3.463255814,0.087671233,5.781055899,0.1,0.000719424,8
65562_1,SUSC,W,W3,1,M,ASY,New Foundland/Labrador,Labrador,-75.11573436,38.99334848,103.9583333,12/19/2006,4/2/2007,353,92,W,2006,3,1.0,W,W,WD,W,139,1,3.463255814,0.284817352,5.781055899,0.1,0.000719424,7
65562_1,SUSC,S,S1,1,M,ASY,New Foundland/Labrador,Labrador,-71.89413991,40.96572049,5.0,4/5/2007,4/10/2007,95,100,S,2007,2,3.0,S,W,SM,SM,139,1,3.463255814,0.01369863,5.781055899,0.1,0.000719424,8
65562_1,SUSC,S,S2,1,M,ASY,New Foundland/Labrador,Labrador,-70.71613925,42.99162375,6.0,4/13/2007,4/19/2007,103,109,S,2007,6,2.0,S,S,SD,SM,139,1,3.463255814,0.016438356,5.781055899,0.1,0.000719424,9
65562_1,SUSC,S,S3,1,M,ASY,New Foundland/Labrador,Labrador,-70.96554116,41.09669523,6.0,4/23/2007,4/29/2007,113,119,S,2007,2,6.0,S,S,SD,SM,139,1,3.463255814,0.016438356,5.781055899,0.1,0.000719424,8
65562_1,SUSC,BM,St,1,M,ASY,New Foundland/Labrador,Labrador,-65.24302075,49.08633604,17.0,5/3/2007,5/20/2007,123,140,S,2007,12,2.0,S,S,SD,SM,139,1,3.463255814,0.046575342,5.781055899,0.1,0.000719424,15
65562_1,SUSC,B,B1,1,M,ASY,New Foundland/Labrador,Labrador,-65.04890723,54.56315068,18.0,5/24/2007,6/11/2007,144,162,B,2007,15,12.0,B,S,SM,SM,139,1,3.463255814,0.049315068,5.781055899,0.1,0.000719424,18
65563_1,SUSC,M,M2,1,M,ASY,New Foundland/Labrador,Labrador,-61.13690654,56.76993548,14.0,9/17/2006,10/1/2006,260,274,F,2006,17,17.0,F,F,MD,WM,139,1,3.463255814,0.038356164,5.781055899,0.071428571,0.000513875,16
65563_1,SUSC,W,W1,1,M,ASY,New Foundland/Labrador,Labrador,-70.90156886,42.45539255,13.0,10/11/2006,10/24/2006,284,297,W,2006,6,17.0,W,F,WM,WM,139,1,3.463255814,0.035616438,5.781055899,0.071428571,0.000513875,9
65563_1,SUSC,W,W2,1,M,ASY,New Foundland/Labrador,Labrador,-70.33430877,41.37053677,5.041666667,10/27/2006,11/1/2006,300,305,W,2006,1,6.0,W,W,WD,W,139,1,3.463255814,0.013812785,5.781055899,0.071428571,0.000513875,8
65563_1,SUSC,W,W3,1,M,ASY,New Foundland/Labrador,Labrador,-71.58622415,41.44750039,7.0,11/4/2006,11/11/2006,308,315,W,2006,2,1.0,W,W,WD,W,139,1,3.463255814,0.019178082,5.781055899,0.071428571,0.000513875,8
65563_1,SUSC,W,W4,1,M,ASY,New Foundland/Labrador,Labrador,-76.14415719,37.72919602,23.0,11/14/2006,12/7/2006,318,341,W,2006,7,2.0,W,W,WD,W,139,1,3.463255814,0.063013699,5.781055899,0.071428571,0.000513875,7
65563_1,SUSC,W,W5,1,M,ASY,New Foundland/Labrador,Labrador,-76.00653418,37.26424172,129.9583333,12/8/2006,4/17/2007,342,107,W,2006,7,7.0,W,W,WD,W,139,1,3.463255814,0.356050228,5.781055899,0.071428571,0.000513875,7
65563_1,SUSC,SM,St,1,M,ASY,New Foundland/Labrador,Labrador,-64.40656346,46.47869633,3.0,4/23/2007,4/26/2007,113,116,S,2007,12,7.0,S,W,SM,SM,139,1,3.463255814,0.008219178,5.781055899,0.071428571,0.000513875,14
65563_1,SUSC,S,S1,1,M,ASY,New Foundland/Labrador,Labrador,-67.29683543,49.20808547,11.0,5/1/2007,5/12/2007,121,132,S,2007,16,12.0,S,S,SD,SM,139,1,3.463255814,0.030136986,5.781055899,0.071428571,0.000513875,15
65563_1,SUSC,S,S2,1,M,ASY,New Foundland/Labrador,Labrador,-69.07149404,48.31800116,12.0,5/14/2007,5/26/2007,134,146,S,2007,16,16.0,S,S,SD,SM,139,1,3.463255814,0.032876712,5.781055899,0.071428571,0.000513875,13
65563_1,SUSC,S,S3,1,M,ASY,New Foundland/Labrador,Labrador,-62.54832662,50.24716518,3.0,5/31/2007,6/3/2007,151,154,S,2007,15,16.0,S,S,SD,SM,139,1,3.463255814,0.008219178,5.781055899,0.071428571,0.000513875,15
65563_1,SUSC,B,B1,1,M,ASY,New Foundland/Labrador,Labrador,-58.56397451,53.97157853,7.0,6/8/2007,6/15/2007,159,166,B,2007,17,15.0,B,S,SM,SM,139,1,3.463255814,0.019178082,5.781055899,0.071428571,0.000513875,16
65563_1,SUSC,M,M1,2,M,ASY,New Foundland/Labrador,Labrador,-60.57037439,55.92275895,10.0,6/19/2007,6/29/2007,170,180,F,2007,17,17.0,F,B,WM,WM,139,1,3.463255814,0.02739726,5.781055899,0.071428571,0.000513875,16
65563_1,SUSC,M,M2,2,M,ASY,New Foundland/Labrador,Labrador,-61.52541034,56.39633334,40.0,7/2/2007,8/11/2007,183,223,F,2007,17,17.0,F,F,MD,WM,139,1,3.463255814,0.109589041,5.781055899,0.071428571,0.000513875,16
65564_1,SUSC,M,M4,2,M,ASY,New Foundland/Labrador,Labrador,-62.69502302,58.29134045,16.0,9/26/2006,10/12/2006,269,285,F,2006,22,17.0,F,F,MD,WM,139,1,3.463255814,0.043835616,5.781055899,0.045454545,0.000327011,17
65564_1,SUSC,WM,St,2,M,ASY,New Foundland/Labrador,Labrador,-63.78089986,52.77660364,12.0,10/15/2006,10/27/2006,288,300,F,2006,15,22.0,F,F,MD,WM,139,1,3.463255814,0.032876712,5.781055899,0.045454545,0.000327011,18
65564_1,SUSC,W,W1,2,M,ASY,New Foundland/Labrador,Labrador,-68.46409998,48.95496951,20.04166667,10/29/2006,11/18/2006,302,322,W,2006,16,15.0,W,F,WM,WM,139,1,3.463255814,0.054908676,5.781055899,0.045454545,0.000327011,13
65564_1,SUSC,W,W2,2,M,ASY,New Foundland/Labrador,Labrador,-70.55889852,41.37385377,17.0,11/23/2006,12/10/2006,327,344,W,2006,1,16.0,W,W,WD,W,139,1,3.463255814,0.046575342,5.781055899,0.045454545,0.000327011,8
65564_1,SUSC,W,W3,2,M,ASY,New Foundland/Labrador,Labrador,-72.2089979,41.16056997,68.0,12/12/2006,2/18/2007,346,49,W,2006,2,1.0,W,W,WD,W,139,1,3.463255814,0.18630137,5.781055899,0.045454545,0.000327011,8
65564_1,SUSC,W,W4,2,M,ASY,New Foundland/Labrador,Labrador,-71.86127303,41.1277304,19.0,2/19/2007,3/10/2007,50,69,W,2007,2,2.0,W,W,WD,W,139,1,3.463255814,0.052054795,5.781055899,0.045454545,0.000327011,8
65564_1,SUSC,S,S1,2,M,ASY,New Foundland/Labrador,Labrador,-75.09038208,39.05805926,24.0,3/13/2007,4/6/2007,72,96,S,2007,3,2.0,S,W,SM,SM,139,1,3.463255814,0.065753425,5.781055899,0.045454545,0.000327011,7
65564_1,SUSC,S,S2,2,M,ASY,New Foundland/Labrador,Labrador,-66.15095872,48.26952602,7.0,4/11/2007,4/18/2007,101,108,S,2007,31,3.0,S,S,SD,SM,139,1,3.463255814,0.019178082,5.781055899,0.045454545,0.000327011,15
65564_1,SUSC,S,S3,2,M,ASY,New Foundland/Labrador,Labrador,-64.18430069,48.80596846,6.0,4/21/2007,4/27/2007,111,117,S,2007,12,31.0,S,S,SD,SM,139,1,3.463255814,0.016438356,5.781055899,0.045454545,0.000327011,15
65564_1,SUSC,S,S4,2,M,ASY,New Foundland/Labrador,Labrador,-64.98933244,50.27341218,20.0,4/29/2007,5/19/2007,119,139,S,2007,15,12.0,S,S,SD,SM,139,1,3.463255814,0.054794521,5.781055899,0.045454545,0.000327011,15
65564_1,SUSC,B,B1,2,M,ASY,New Foundland/Labrador,Labrador,-71.20231737,54.24631876,1.0,5/24/2007,5/25/2007,144,145,B,2007,20,15.0,B,S,SM,SM,139,1,3.463255814,0.002739726,5.781055899,0.045454545,0.000327011,20
65564_1,SUSC,M,M1,3,M,ASY,New Foundland/Labrador,Labrador,-77.45756674,55.3341175,7.0,5/31/2007,6/7/2007,151,158,F,2007,19,20.0,F,B,WM,WM,139,1,3.463255814,0.019178082,5.781055899,0.045454545,0.000327011,20
65564_1,SUSC,M,M2,3,M,ASY,New Foundland/Labrador,Labrador,-87.57308844,56.26240049,21.0,6/13/2007,7/4/2007,164,185,F,2007,29,19.0,F,F,MD,WM,139,1,3.463255814,0.057534247,5.781055899,0.045454545,0.000327011,23
65564_1,SUSC,M,M3,3,M,ASY,New Foundland/Labrador,Labrador,-82.21648848,54.26451579,7.0,7/9/2007,7/16/2007,190,197,F,2007,30,29.0,F,F,MD,WM,139,1,3.463255814,0.019178082,5.781055899,0.045454545,0.000327011,19
65564_1,SUSC,M,M4,3,M,ASY,New Foundland/Labrador,Labrador,-77.65161289,56.40550279,66.0,7/21/2007,9/25/2007,202,268,F,2007,19,30.0,F,F,MD,WM,139,1,3.463255814,0.180821918,5.781055899,0.045454545,0.000327011,22
65564_1,SUSC,M,M5,3,M,ASY,New Foundland/Labrador,Labrador,-68.13679828,49.11009825,26.0,9/29/2007,10/25/2007,272,298,F,2007,16,19.0,F,F,MD,WM,139,1,3.463255814,0.071232877,5.781055899,0.045454545,0.000327011,15
65564_1,SUSC,W,W1,3,M,ASY,New Foundland/Labrador,Labrador,-70.32507046,41.42795949,10.04166667,10/29/2007,11/8/2007,302,312,W,2007,1,16.0,W,F,WM,WM,139,1,3.463255814,0.027511416,5.781055899,0.045454545,0.000327011,8
65564_1,SUSC,W,W2,3,M,ASY,New Foundland/Labrador,Labrador,-75.12399924,38.99307213,114.0,11/12/2007,3/5/2008,316,65,W,2007,3,1.0,W,W,WD,W,139,1,3.463255814,0.312328767,5.781055899,0.045454545,0.000327011,7
65564_1,SUSC,S,S1,3,M,ASY,New Foundland/Labrador,Labrador,-72.45460965,41.17990961,34.0,3/10/2008,4/13/2008,70,104,S,2008,2,3.0,S,W,SM,SM,139,1,3.463255814,0.093150685,5.781055899,0.045454545,0.000327011,8
65564_1,SUSC,S,S2,3,M,ASY,New Foundland/Labrador,Labrador,-68.00128918,48.76389884,21.0,4/19/2008,5/10/2008,110,131,S,2008,16,2.0,S,S,SD,SM,139,1,3.463255814,0.057534247,5.781055899,0.045454545,0.000327011,13
65564_1,SUSC,B,B1,3,M,ASY,New Foundland/Labrador,Labrador,-72.91808554,52.48459831,26.0,5/15/2008,6/10/2008,136,162,B,2008,20,16.0,B,S,SM,SM,139,1,3.463255814,0.071232877,5.781055899,0.045454545,0.000327011,20
65567_1,SUSC,M,M2,1,M,ASY,New Foundland/Labrador,Labrador,-61.33061754,56.13654507,42.0,8/14/2006,9/25/2006,226,268,F,2006,17,17.0,F,F,MD,WM,139,1,3.463255814,0.115068493,5.781055899,0.166666667,0.001199041,16
65567_1,SUSC,M,M3,1,M,ASY,New Foundland/Labrador,Labrador,-65.69747516,50.24097942,3.0,10/4/2006,10/7/2006,277,280,F,2006,15,17.0,F,F,MD,WM,139,1,3.463255814,0.008219178,5.781055899,0.166666667,0.001199041,15
65567_1,SUSC,M,M4,1,M,ASY,New Foundland/Labrador,Labrador,-65.68625724,44.6845272,21.04166667,10/12/2006,11/2/2006,285,306,F,2006,5,15.0,F,F,MD,WM,139,1,3.463255814,0.057648402,5.781055899,0.166666667,0.001199041,14
65567_1,SUSC,WM,St,1,M,ASY,New Foundland/Labrador,Labrador,-74.42924907,37.46920972,2.0,11/6/2006,11/8/2006,310,312,F,2006,3,5.0,F,F,MD,WM,139,1,3.463255814,0.005479452,5.781055899,0.166666667,0.001199041,7
65567_1,SUSC,W,W1,1,M,ASY,New Foundland/Labrador,Labrador,-76.21066826,37.27147226,6.0,11/11/2006,11/17/2006,315,321,W,2006,7,3.0,W,F,WM,WM,139,1,3.463255814,0.016438356,5.781055899,0.166666667,0.001199041,7
65570_1,SUSC,M,M2,1,M,ASY,New Foundland/Labrador,Labrador,-66.06460998,50.16323176,8.0,10/8/2006,10/16/2006,281,289,F,2006,15,17.0,F,F,MD,WM,139,1,3.463255814,0.021917808,5.781055899,0.5,0.003597122,15
65572_1,SUSC,M,M2,1,M,ASY,New Foundland/Labrador,Labrador,-61.77369389,56.26160247,26.0,8/31/2006,9/26/2006,243,269,F,2006,17,17.0,F,F,MD,WM,139,1,3.463255814,0.071232877,5.781055899,0.25,0.001798561,16
65572_1,SUSC,M,M4,1,M,ASY,New Foundland/Labrador,Labrador,-64.00634662,46.03745395,46.04166667,10/4/2006,11/19/2006,277,323,F,2006,12,17.0,F,F,MD,WM,139,1,3.463255814,0.126141553,5.781055899,0.25,0.001798561,14
65572_1,SUSC,W,W1,1,M,ASY,New Foundland/Labrador,Labrador,-70.22339775,41.31809563,141.9583333,11/23/2006,4/14/2007,327,104,W,2006,1,12.0,W,F,WM,WM,139,1,3.463255814,0.388926941,5.781055899,0.25,0.001798561,8
102347_1,WWSC,S,S1,1,M,ASY,Southern New England,Rhode Island,-68.77868511,44.28181959,9.0,5/15/2011,5/24/2011,135,144,S,2011,5,2.0,S,W,SM,SM,83,1,6.769090909,0.024657534,19.390625,0.090909091,0.00109529,9
102347_1,WWSC,S,S2,1,M,ASY,Southern New England,Rhode Island,-66.11228231,45.18591754,3.0,5/30/2011,6/2/2011,150,153,S,2011,5,5.0,S,S,SD,SM,83,1,6.769090909,0.008219178,19.390625,0.090909091,0.00109529,14
102347_1,WWSC,M,M1,1,M,ASY,Southern New England,Rhode Island,-65.27472379,47.96310402,12.0,6/7/2011,6/19/2011,158,170,F,2011,12,5.0,F,S,SM,SM,83,1,6.769090909,0.032876712,19.390625,0.090909091,0.00109529,15
102347_1,WWSC,M,M2,1,M,ASY,Southern New England,Rhode Island,-68.89595086,48.63101201,120.0,6/24/2011,10/22/2011,175,295,F,2011,16,12.0,F,F,MD,WM,83,1,6.769090909,0.328767123,19.390625,0.090909091,0.00109529,13
102347_1,WWSC,W,W1,2,M,ASY,Southern New England,Rhode Island,-71.04335986,41.46143995,143.0,11/3/2011,3/25/2012,307,85,W,2011,2,16.0,W,F,WM,WM,83,1,6.769090909,0.391780822,19.390625,0.090909091,0.00109529,8
102347_1,WWSC,W,W2,2,M,ASY,Southern New England,Rhode Island,-69.878171,40.82824354,44.0,4/1/2012,5/15/2012,92,136,W,2012,1,2.0,W,W,WD,W,83,1,6.769090909,0.120547945,19.390625,0.090909091,0.00109529,8
102347_1,WWSC,B,B1,2,M,ASY,Southern New England,Rhode Island,-99.47582406,57.64688242,1.0,6/15/2012,6/16/2012,167,168,B,2012,21,1.0,B,W,SM,SM,83,1,6.769090909,0.002739726,19.390625,0.090909091,0.00109529,24
102347_1,WWSC,M,M1,2,M,ASY,Southern New England,Rhode Island,-79.11980024,52.18964524,59.0,7/17/2012,9/14/2012,199,258,F,2012,14,21.0,F,B,WM,WM,83,1,6.769090909,0.161643836,19.390625,0.090909091,0.00109529,19
102347_1,WWSC,M,M2,2,M,ASY,Southern New England,Rhode Island,-80.13943104,51.71361459,22.0,9/18/2012,10/10/2012,262,284,F,2012,14,14.0,F,F,MD,WM,83,1,6.769090909,0.060273973,19.390625,0.090909091,0.00109529,19
102347_1,WWSC,W,W1,3,M,ASY,Southern New England,Rhode Island,-70.86248773,41.29038362,92.04166667,10/23/2012,1/23/2013,297,23,W,2012,2,14.0,W,F,WM,WM,83,1,6.769090909,0.25216895,19.390625,0.090909091,0.00109529,8
102356_1,WWSC,S,S1,1,F,HY,Gulf of Maine,Merrimack River,-67.08715974,44.88811157,40.0,4/21/2011,5/31/2011,111,151,S,2011,5,5.0,S,W,SM,SM,83,1,6.769090909,0.109589041,10.39944134,0.111111111,0.001338688,14
102356_1,WWSC,M,M1,1,F,HY,Gulf of Maine,Merrimack River,-63.79609891,46.14864511,209.0416667,6/13/2011,1/8/2012,164,8,F,2011,12,5.0,F,S,SM,SM,83,1,6.769090909,0.572716895,10.39944134,0.111111111,0.001338688,14
102356_1,WWSC,M,M2,1,F,HY,Gulf of Maine,Merrimack River,-63.55865352,46.16878189,19.0,9/26/2011,10/15/2011,269,288,F,2011,12,12.0,F,F,MD,WM,83,1,6.769090909,0.052054795,10.39944134,0.111111111,0.001338688,14
102356_1,WWSC,W,W1,2,F,HY,Gulf of Maine,Merrimack River,-65.77213396,43.54647199,112.9583333,1/18/2012,5/10/2012,18,131,W,2012,5,12.0,W,F,WM,WM,83,1,6.769090909,0.309474886,10.39944134,0.111111111,0.001338688,14
102356_1,WWSC,B,B1,2,F,HY,Gulf of Maine,Merrimack River,-79.36792982,54.43823289,43.0,5/30/2012,7/12/2012,151,194,B,2012,23,5.0,B,W,SM,SM,83,1,6.769090909,0.117808219,10.39944134,0.111111111,0.001338688,19
102356_1,WWSC,M,M1,2,F,HY,Gulf of Maine,Merrimack River,-79.43769647,54.1320284,73.0,7/23/2012,10/4/2012,205,278,F,2012,23,23.0,F,B,WM,WM,83,1,6.769090909,0.2,10.39944134,0.111111111,0.001338688,19
102356_1,WWSC,M,M2,2,F,HY,Gulf of Maine,Merrimack River,-68.89633732,48.77669493,7.0,10/25/2012,11/1/2012,299,306,F,2012,16,23.0,F,F,MD,WM,83,1,6.769090909,0.019178082,10.39944134,0.111111111,0.001338688,13
102356_1,WWSC,W,W1,3,F,HY,Gulf of Maine,Merrimack River,-65.58015956,43.50181447,7.0,1/1/2013,1/8/2013,1,8,W,2013,5,16.0,W,F,WM,WM,83,1,6.769090909,0.019178082,10.39944134,0.111111111,0.001338688,14
112575_1,WWSC,W,W2,1,F,ATY,Great Lakes,Lake Ontario,-78.29204754,43.37631457,52.0,3/24/2013,5/15/2013,83,135,W,2013,10,9.0,W,W,WD,W,83,1,6.769090909,0.142465753,10.39944134,0.142857143,0.00172117,12
112575_1,WWSC,BM,St,1,F,ATY,Great Lakes,Lake Ontario,-89.90951818,54.15140381,2.0,5/26/2013,5/28/2013,146,148,S,2013,29,10.0,S,W,SM,SM,83,1,6.769090909,0.005479452,10.39944134,0.142857143,0.00172117,23
112575_1,WWSC,B,B1,1,F,ATY,Great Lakes,Lake Ontario,-94.34719213,57.6319646,16.0,6/3/2013,6/19/2013,154,170,B,2013,18,29.0,B,S,SM,SM,83,1,6.769090909,0.043835616,10.39944134,0.142857143,0.00172117,24
112575_1,WWSC,B,B2,1,F,ATY,Great Lakes,Lake Ontario,-93.82481223,58.24736607,94.0,6/20/2013,9/22/2013,171,265,B,2013,18,18.0,B,B,BD,B,83,1,6.769090909,0.257534247,10.39944134,0.142857143,0.00172117,24
112575_1,WWSC,M,M1,1,F,ATY,Great Lakes,Lake Ontario,-81.26589921,53.50380053,17.0,9/30/2013,10/17/2013,273,290,F,2013,14,18.0,F,B,WM,WM,83,1,6.769090909,0.046575342,10.39944134,0.142857143,0.00172117,19
112575_1,WWSC,W,W1,2,F,ATY,Great Lakes,Lake Ontario,-86.38333883,45.20147646,27.04166667,10/21/2013,11/17/2013,294,321,W,2013,11,14.0,W,F,WM,WM,83,1,6.769090909,0.074086758,10.39944134,0.142857143,0.00172117,10
115880_1,WWSC,W,W1,1,M,ASY,Quebec,St. Lawrence River,-69.97867848,41.28653645,165.9583333,11/14/2012,4/29/2013,319,119,W,2012,1,16.0,W,F,WM,WM,83,1,6.769090909,0.454680365,19.390625,0.333333333,0.004016064,8
115880_1,WWSC,S,S1,1,M,ASY,Quebec,St. Lawrence River,-68.39082983,48.94318728,17.0,5/15/2013,6/1/2013,135,152,S,2013,16,1.0,S,W,SM,SM,83,1,6.769090909,0.046575342,19.390625,0.333333333,0.004016064,13
115882_1,WWSC,W,W1,1,F,ASY,Quebec,St. Lawrence River,-70.8000871,41.30139837,19.04166667,10/28/2012,11/16/2012,302,321,W,2012,2,16.0,W,F,WM,WM,83,1,6.769090909,0.05216895,10.39944134,0.142857143,0.00172117,8
115882_1,WWSC,W,W2,1,F,ASY,Quebec,St. Lawrence River,-71.8849111,41.07686227,116.9583333,11/19/2012,3/16/2013,324,75,W,2012,2,2.0,W,W,WD,W,83,1,6.769090909,0.32043379,10.39944134,0.142857143,0.00172117,8
115882_1,WWSC,S,S1,1,F,ASY,Quebec,St. Lawrence River,-70.15518328,41.05971768,55.0,3/20/2013,5/14/2013,79,134,S,2013,1,2.0,S,W,SM,SM,83,1,6.769090909,0.150684932,10.39944134,0.142857143,0.00172117,8
115882_1,WWSC,B,B1,1,F,ASY,Quebec,St. Lawrence River,-78.85752177,54.82321787,89.0,5/30/2013,8/27/2013,150,239,B,2013,23,1.0,B,S,SM,SM,83,1,6.769090909,0.243835616,10.39944134,0.142857143,0.00172117,19
115882_1,WWSC,M,M1,2,F,ASY,Quebec,St. Lawrence River,-69.04139534,48.68734927,57.0,9/3/2013,10/30/2013,246,303,F,2013,16,23.0,F,B,WM,WM,83,1,6.769090909,0.156164384,10.39944134,0.142857143,0.00172117,13
115882_1,WWSC,W,W1,2,F,ASY,Quebec,St. Lawrence River,-71.87997757,41.12204911,12.0,11/7/2013,11/19/2013,311,323,W,2013,2,16.0,W,F,WM,WM,83,1,6.769090909,0.032876712,10.39944134,0.142857143,0.00172117,8
115883_1,WWSC,W,W1,1,M,ASY,Quebec,St. Lawrence River,-70.05974306,41.04031806,195.0,10/27/2012,5/10/2013,301,130,W,2012,1,16.0,W,F,WM,WM,83,1,6.769090909,0.534246575,19.390625,0.25,0.003012048,8
115883_1,WWSC,M,M1,2,M,ASY,Quebec,St. Lawrence River,-79.84855688,54.66484615,3.0,6/12/2013,6/15/2013,163,166,F,2013,23,1.0,F,W,SM,SM,83,1,6.769090909,0.008219178,19.390625,0.25,0.003012048,19
115883_1,WWSC,M,M2,2,M,ASY,Quebec,St. Lawrence River,-79.60499103,54.81339707,3.0,8/19/2013,8/22/2013,231,234,F,2013,23,23.0,F,F,MD,WM,83,1,6.769090909,0.008219178,19.390625,0.25,0.003012048,19
115884_1,WWSC,W,W1,1,F,ASY,Quebec,St. Lawrence River,-66.09864098,44.41162663,177.0,10/14/2012,4/9/2013,288,99,W,2012,5,16.0,W,F,WM,WM,83,1,6.769090909,0.484931507,10.39944134,0.142857143,0.00172117,14
115884_1,WWSC,S,S1,1,F,ASY,Quebec,St. Lawrence River,-63.93481062,46.28232951,10.0,4/18/2013,4/28/2013,108,118,S,2013,12,5.0,S,W,SM,SM,83,1,6.769090909,0.02739726,10.39944134,0.142857143,0.00172117,14
115884_1,WWSC,S,S2,1,F,ASY,Quebec,St. Lawrence River,-64.5849407,50.30523695,5.0,5/9/2013,5/14/2013,129,134,S,2013,15,12.0,S,S,SD,SM,83,1,6.769090909,0.01369863,10.39944134,0.142857143,0.00172117,15
115884_1,WWSC,B,B1,1,F,ASY,Quebec,St. Lawrence River,-97.19716941,56.452323,25.0,6/12/2013,7/7/2013,163,188,B,2013,18,15.0,B,S,SM,SM,83,1,6.769090909,0.068493151,10.39944134,0.142857143,0.00172117,24
115884_1,WWSC,M,M1,2,F,ASY,Quebec,St. Lawrence River,-69.25736662,48.50143623,40.0,8/10/2013,9/19/2013,222,262,F,2013,16,18.0,F,B,WM,WM,83,1,6.769090909,0.109589041,10.39944134,0.142857143,0.00172117,13
115884_1,WWSC,W,W1,2,F,ASY,Quebec,St. Lawrence River,-66.13852333,44.6653317,37.04166667,10/10/2013,11/16/2013,283,320,W,2013,5,16.0,W,F,WM,WM,83,1,6.769090909,0.101484018,10.39944134,0.142857143,0.00172117,14
115885_1,WWSC,W,W1,1,M,ASY,Quebec,St. Lawrence River,-73.59967548,40.93259993,94.04166667,11/1/2012,2/3/2013,306,34,W,2012,2,16.0,W,F,WM,WM,83,1,6.769090909,0.257648402,19.390625,0.1,0.001204819,8
115885_1,WWSC,W,W2,1,M,ASY,Quebec,St. Lawrence River,-73.19756966,40.98931815,65.95833333,2/12/2013,4/19/2013,43,109,W,2013,2,2.0,W,W,WD,W,83,1,6.769090909,0.180707763,19.390625,0.1,0.001204819,8
115885_1,WWSC,S,S1,1,M,ASY,Quebec,St. Lawrence River,-80.13610761,42.59833255,24.0,4/23/2013,5/17/2013,113,137,S,2013,9,2.0,S,W,SM,SM,83,1,6.769090909,0.065753425,19.390625,0.1,0.001204819,12
115885_1,WWSC,B,B1,1,M,ASY,Quebec,St. Lawrence River,-105.2787854,57.27161777,21.0,6/5/2013,6/26/2013,156,177,B,2013,21,9.0,B,S,SM,SM,83,1,6.769090909,0.057534247,19.390625,0.1,0.001204819,5
115885_1,WWSC,M,M1,2,M,ASY,Quebec,St. Lawrence River,-89.82050047,57.16656622,8.0,7/5/2013,7/13/2013,186,194,F,2013,29,21.0,F,B,WM,WM,83,1,6.769090909,0.021917808,19.390625,0.1,0.001204819,23
115885_1,WWSC,M,M2,2,M,ASY,Quebec,St. Lawrence River,-83.32720355,55.27900298,47.0,7/18/2013,9/3/2013,199,246,F,2013,30,29.0,F,F,MD,WM,83,1,6.769090909,0.128767123,19.390625,0.1,0.001204819,23
115885_1,WWSC,M,M3,2,M,ASY,Quebec,St. Lawrence River,-82.26392727,55.03560299,31.0,9/8/2013,10/9/2013,251,282,F,2013,30,30.0,F,F,MD,WM,83,1,6.769090909,0.084931507,19.390625,0.1,0.001204819,19
115885_1,WWSC,W,W1,2,M,ASY,Quebec,St. Lawrence River,-70.33376646,41.28361165,9.0,10/22/2013,10/31/2013,295,304,W,2013,1,30.0,W,F,WM,WM,83,1,6.769090909,0.024657534,19.390625,0.1,0.001204819,8
115885_1,WWSC,W,W2,2,M,ASY,Quebec,St. Lawrence River,-71.82891137,41.09141429,17.04166667,11/2/2013,11/19/2013,306,323,W,2013,2,1.0,W,W,WD,W,83,1,6.769090909,0.046689498,19.390625,0.1,0.001204819,8
115887_1,WWSC,W,W1,1,F,ASY,Quebec,St. Lawrence River,-70.11271054,41.1090091,62.0,11/21/2012,1/22/2013,326,22,W,2012,1,16.0,W,F,WM,WM,83,1,6.769090909,0.169863014,10.39944134,0.142857143,0.00172117,8
115887_1,WWSC,W,W2,1,F,ASY,Quebec,St. Lawrence River,-71.76050676,41.02626404,44.95833333,1/27/2013,3/13/2013,27,72,W,2013,2,1.0,W,W,WD,W,83,1,6.769090909,0.123173516,10.39944134,0.142857143,0.00172117,8
115887_1,WWSC,S,S1,1,F,ASY,Quebec,St. Lawrence River,-70.14871575,41.00782319,66.0,3/17/2013,5/22/2013,76,142,S,2013,1,2.0,S,W,SM,SM,83,1,6.769090909,0.180821918,10.39944134,0.142857143,0.00172117,8
115887_1,WWSC,S,S2,1,F,ASY,Quebec,St. Lawrence River,-70.74380165,42.46056191,17.0,5/27/2013,6/13/2013,147,164,S,2013,6,1.0,S,S,SD,SM,83,1,6.769090909,0.046575342,10.39944134,0.142857143,0.00172117,9
115887_1,WWSC,M,M1,2,F,ASY,Quebec,St. Lawrence River,-67.60864623,44.49346456,93.0,6/18/2013,9/19/2013,169,262,F,2013,5,6.0,F,S,SM,SM,83,1,6.769090909,0.254794521,10.39944134,0.142857143,0.00172117,9
115887_1,WWSC,M,M2,2,F,ASY,Quebec,St. Lawrence River,-66.98358155,45.09642215,53.04166667,9/24/2013,11/16/2013,267,320,F,2013,5,5.0,F,F,MD,WM,83,1,6.769090909,0.145319635,10.39944134,0.142857143,0.00172117,14
115889_1,WWSC,W,W1,1,M,ASY,Quebec,St. Lawrence River,-67.0068621,44.9956981,20.0,1/6/2013,1/26/2013,6,26,W,2013,5,16.0,W,F,WM,WM,83,1,6.769090909,0.054794521,19.390625,0.5,0.006024096,14
115890_1,WWSC,W,W1,1,F,ASY,Quebec,St. Lawrence River,-72.62212961,41.04607359,167.9583333,11/11/2012,4/28/2013,316,118,W,2012,2,16.0,W,F,WM,WM,83,1,6.769090909,0.460159817,10.39944134,0.125,0.001506024,8
115890_1,WWSC,S,S1,1,F,ASY,Quebec,St. Lawrence River,-76.78695928,43.94983118,15.0,5/2/2013,5/17/2013,122,137,S,2013,10,2.0,S,W,SM,SM,83,1,6.769090909,0.04109589,10.39944134,0.125,0.001506024,12
115890_1,WWSC,B,B1,1,F,ASY,Quebec,St. Lawrence River,-119.3558116,65.71327563,6.0,6/3/2013,6/9/2013,154,160,B,2013,28,10.0,B,S,SM,SM,83,1,6.769090909,0.016438356,10.39944134,0.125,0.001506024,3
115890_1,WWSC,B,B2,1,F,ASY,Quebec,St. Lawrence River,-119.0680824,65.63589015,7.0,6/21/2013,6/28/2013,172,179,B,2013,28,28.0,B,B,BD,B,83,1,6.769090909,0.019178082,10.39944134,0.125,0.001506024,3
115890_1,WWSC,B,B3,1,F,ASY,Quebec,St. Lawrence River,-119.753003,65.72654018,75.0,7/16/2013,9/29/2013,197,272,B,2013,28,28.0,B,B,BD,B,83,1,6.769090909,0.205479452,10.39944134,0.125,0.001506024,3
115890_1,WWSC,M,M1,2,F,ASY,Quebec,St. Lawrence River,-69.18586733,48.55175361,12.0,10/13/2013,10/25/2013,286,298,F,2013,16,28.0,F,B,WM,WM,83,1,6.769090909,0.032876712,10.39944134,0.125,0.001506024,13
115890_1,WWSC,W,W1,2,F,ASY,Quebec,St. Lawrence River,-72.51323804,41.05572976,13.0,11/6/2013,11/19/2013,310,323,W,2013,2,16.0,W,F,WM,WM,83,1,6.769090909,0.035616438,10.39944134,0.125,0.001506024,8
115891_1,WWSC,W,W1,1,M,ASY,Quebec,St. Lawrence River,-70.5106089,41.87713892,148.9583333,11/11/2012,4/9/2013,316,99,W,2012,1,16.0,W,F,WM,WM,83,1,6.769090909,0.408105023,19.390625,0.142857143,0.00172117,9
115891_1,WWSC,S,S1,1,M,ASY,Quebec,St. Lawrence River,-68.80065642,48.60532239,41.0,4/20/2013,5/31/2013,110,151,S,2013,16,1.0,S,W,SM,SM,83,1,6.769090909,0.112328767,19.390625,0.142857143,0.00172117,13
115891_1,WWSC,M,M1,2,M,ASY,Quebec,St. Lawrence River,-65.58865107,50.27773378,5.0,6/9/2013,6/14/2013,160,165,F,2013,15,16.0,F,S,SM,SM,83,1,6.769090909,0.01369863,19.390625,0.142857143,0.00172117,15
115891_1,WWSC,M,M2,2,M,ASY,Quebec,St. Lawrence River,-64.48427327,50.2735326,3.0,6/19/2013,6/22/2013,170,173,F,2013,15,15.0,F,F,MD,WM,83,1,6.769090909,0.008219178,19.390625,0.142857143,0.00172117,15
115891_1,WWSC,M,M3,2,M,ASY,Quebec,St. Lawrence River,-67.04938279,49.75444462,5.0,6/30/2013,7/5/2013,181,186,F,2013,15,15.0,F,F,MD,WM,83,1,6.769090909,0.01369863,19.390625,0.142857143,0.00172117,15
115891_1,WWSC,M,M4,2,M,ASY,Quebec,St. Lawrence River,-68.98629037,48.33492288,95.0,7/10/2013,10/13/2013,191,286,F,2013,16,15.0,F,F,MD,WM,83,1,6.769090909,0.260273973,19.390625,0.142857143,0.00172117,13
115892_1,WWSC,M,M2,1,M,ASY,Quebec,St. Lawrence River,-65.62504528,47.69842882,20.0,10/15/2012,11/4/2012,289,309,F,2012,31,16.0,F,F,MD,WM,83,1,6.769090909,0.054794521,19.390625,0.142857143,0.00172117,15
115892_1,WWSC,W,W1,1,M,ASY,Quebec,St. Lawrence River,-63.40058992,46.51786165,49.0,11/8/2012,12/27/2012,313,362,W,2012,12,31.0,W,F,WM,WM,83,1,6.769090909,0.134246575,19.390625,0.142857143,0.00172117,14
115892_1,WWSC,W,W2,1,M,ASY,Quebec,St. Lawrence River,-69.99042774,41.25011616,122.9583333,1/5/2013,5/8/2013,5,128,W,2013,1,12.0,W,W,WD,W,83,1,6.769090909,0.336872146,19.390625,0.142857143,0.00172117,8
115892_1,WWSC,S,S1,1,M,ASY,Quebec,St. Lawrence River,-64.80553753,47.16151516,4.0,5/15/2013,5/19/2013,135,139,S,2013,12,1.0,S,W,SM,SM,83,1,6.769090909,0.010958904,19.390625,0.142857143,0.00172117,14
115892_1,WWSC,M,M1,2,M,ASY,Quebec,St. Lawrence River,-69.11026781,48.60497339,86.0,5/26/2013,8/20/2013,146,232,F,2013,16,12.0,F,S,SM,SM,83,1,6.769090909,0.235616438,19.390625,0.142857143,0.00172117,13
115892_1,WWSC,M,M2,2,M,ASY,Quebec,St. Lawrence River,-63.66045191,46.57555929,80.04166667,8/28/2013,11/16/2013,240,320,F,2013,12,16.0,F,F,MD,WM,83,1,6.769090909,0.219292237,19.390625,0.142857143,0.00172117,14
115893_1,WWSC,W,W1,1,F,ASY,Quebec,St. Lawrence River,-70.11042816,41.26031915,177.9583333,11/12/2012,5/9/2013,317,129,W,2012,1,16.0,W,F,WM,WM,83,1,6.769090909,0.487557078,10.39944134,0.333333333,0.004016064,8
115893_1,WWSC,M,M1,2,F,ASY,Quebec,St. Lawrence River,-63.08063464,46.11304186,62.0,5/28/2013,7/29/2013,148,210,F,2013,12,1.0,F,W,SM,SM,83,1,6.769090909,0.169863014,10.39944134,0.333333333,0.004016064,14
115894_1,WWSC,W,W1,1,M,ASY,Quebec,St. Lawrence River,-70.08860759,41.17880474,189.9583333,11/8/2012,5/17/2013,313,137,W,2012,1,16.0,W,F,WM,WM,83,1,6.769090909,0.52043379,19.390625,0.25,0.003012048,8
115894_1,WWSC,S,S1,1,M,ASY,Quebec,St. Lawrence River,-68.50285993,48.94712616,36.0,5/27/2013,7/2/2013,147,183,S,2013,16,1.0,S,W,SM,SM,83,1,6.769090909,0.098630137,19.390625,0.25,0.003012048,13
115894_1,WWSC,M,M1,2,M,ASY,Quebec,St. Lawrence River,-68.61124196,49.0067828,100.0,7/15/2013,10/23/2013,196,296,F,2013,16,16.0,F,S,SM,SM,83,1,6.769090909,0.273972603,19.390625,0.25,0.003012048,13
127913_1,WWSC,S,S1,1,F,ASY,Gulf of Maine,Boston Harbor,-64.1939861,46.45046662,5.0,4/26/2013,5/1/2013,116,121,S,2013,12,6.0,S,W,SM,SM,83,1,6.769090909,0.01369863,10.39944134,0.2,0.002409639,14
127913_1,WWSC,S,S2,1,F,ASY,Gulf of Maine,Boston Harbor,-64.38525195,48.19091257,18.0,5/5/2013,5/23/2013,125,143,S,2013,12,12.0,S,S,SD,SM,83,1,6.769090909,0.049315068,10.39944134,0.2,0.002409639,15
127913_1,WWSC,B,B1,1,F,ASY,Gulf of Maine,Boston Harbor,-103.6863876,58.70605645,60.0,6/3/2013,8/2/2013,154,214,B,2013,21,12.0,B,S,SM,SM,83,1,6.769090909,0.164383562,10.39944134,0.2,0.002409639,5
127913_1,WWSC,M,M1,1,F,ASY,Gulf of Maine,Boston Harbor,-79.37963777,54.0681017,31.0,8/9/2013,9/9/2013,221,252,F,2013,23,21.0,F,B,WM,WM,83,1,6.769090909,0.084931507,10.39944134,0.2,0.002409639,19
127914_1,WWSC,S,S1,1,F,ASY,Gulf of Maine,Boston Harbor,-76.86831321,43.93968365,21.0,4/26/2013,5/17/2013,116,137,S,2013,10,6.0,S,W,SM,SM,83,1,6.769090909,0.057534247,10.39944134,0.166666667,0.002008032,12
127914_1,WWSC,BM,St,1,F,ASY,Gulf of Maine,Boston Harbor,-80.72573559,52.66247803,20.0,5/24/2013,6/13/2013,144,164,S,2013,14,10.0,S,S,SD,SM,83,1,6.769090909,0.054794521,10.39944134,0.166666667,0.002008032,19
127914_1,WWSC,B,B1,1,F,ASY,Gulf of Maine,Boston Harbor,-98.71182,57.80437678,36.0,6/19/2013,7/25/2013,170,206,B,2013,21,14.0,B,S,SM,SM,83,1,6.769090909,0.098630137,10.39944134,0.166666667,0.002008032,24
127914_1,WWSC,MM,St,1,F,ASY,Gulf of Maine,Boston Harbor,-82.28499596,54.46120472,2.0,8/12/2013,8/14/2013,224,226,F,2013,30,21.0,F,B,WM,WM,83,1,6.769090909,0.005479452,10.39944134,0.166666667,0.002008032,19
127914_1,WWSC,M,M1,1,F,ASY,Gulf of Maine,Boston Harbor,-79.44433196,52.07324782,57.0,8/18/2013,10/14/2013,230,287,F,2013,14,30.0,F,F,MD,WM,83,1,6.769090909,0.156164384,10.39944134,0.166666667,0.002008032,19
129761_2,WWSC,W,W2,1,F,SY,"Long Island Sound, NY",Long Island Sound,-73.26864012,40.96551979,13.0,4/15/2014,4/28/2014,105,118,W,2014,2,2.0,W,W,WD,W,83,1,6.769090909,0.035616438,10.39944134,0.25,0.003012048,8
129761_2,WWSC,S,S1,1,F,SY,"Long Island Sound, NY",Long Island Sound,-64.81827639,50.15774498,16.0,5/7/2014,5/23/2014,127,143,S,2014,15,2.0,S,W,SM,SM,83,1,6.769090909,0.043835616,10.39944134,0.25,0.003012048,15
129761_2,WWSC,B,B1,1,F,SY,"Long Island Sound, NY",Long Island Sound,-107.3641003,59.22286876,22.0,5/29/2014,6/20/2014,149,171,B,2014,21,15.0,B,S,SM,SM,83,1,6.769090909,0.060273973,10.39944134,0.25,0.003012048,5
133393_1,WWSC,S,S1,1,F,SY,Southern New England,Long Island Sound,-79.83758827,42.42002617,17.0,5/6/2014,5/23/2014,126,143,S,2014,9,2.0,S,W,SM,SM,83,1,6.769090909,0.046575342,10.39944134,0.1,0.001204819,12
133393_1,WWSC,BM,St,1,F,SY,Southern New England,Long Island Sound,-122.1028208,60.93556348,2.0,6/5/2014,6/7/2014,156,158,S,2014,28,9.0,S,S,SD,SM,83,1,6.769090909,0.005479452,10.39944134,0.1,0.001204819,3
133393_1,WWSC,B,B1,1,F,SY,Southern New England,Long Island Sound,-122.3904529,63.37459673,9.0,6/15/2014,6/24/2014,166,175,B,2014,28,28.0,B,S,SM,SM,83,1,6.769090909,0.024657534,10.39944134,0.1,0.001204819,3
133393_1,WWSC,M,M1,1,F,SY,Southern New England,Long Island Sound,-79.74741016,51.89782179,22.0,8/12/2014,9/3/2014,224,246,F,2014,14,28.0,F,B,WM,WM,83,1,6.769090909,0.060273973,10.39944134,0.1,0.001204819,19
133393_1,WWSC,M,M2,1,F,SY,Southern New England,Long Island Sound,-79.50673781,52.2630109,35.0,9/4/2014,10/9/2014,247,282,F,2014,14,14.0,F,F,MD,WM,83,1,6.769090909,0.095890411,10.39944134,0.1,0.001204819,19
133393_1,WWSC,M,M3,1,F,SY,Southern New England,Long Island Sound,-79.97004931,51.75049986,19.0,10/10/2014,10/29/2014,283,302,F,2014,14,14.0,F,F,MD,WM,83,1,6.769090909,0.052054795,10.39944134,0.1,0.001204819,19
133393_1,WWSC,W,W1,2,F,SY,Southern New England,Long Island Sound,-72.09167517,41.0390415,135.9583333,11/25/2014,4/10/2015,329,100,W,2014,2,14.0,W,F,WM,WM,83,1,6.769090909,0.372488584,10.39944134,0.1,0.001204819,8
133393_1,WWSC,S,S1,2,F,SY,Southern New England,Long Island Sound,-80.34927776,42.69143855,3.0,4/22/2015,4/25/2015,112,115,S,2015,9,2.0,S,W,SM,SM,83,1,6.769090909,0.008219178,10.39944134,0.1,0.001204819,12
133393_1,WWSC,BM,St,2,F,SY,Southern New England,Long Island Sound,-97.51170082,54.0801629,2.0,5/22/2015,5/24/2015,142,144,S,2015,18,9.0,S,S,SD,SM,83,1,6.769090909,0.005479452,10.39944134,0.1,0.001204819,24
144955_1,WWSC,W,W2,1,F,AHY,Southern New England,Cape Cod Bay,-70.07800151,40.97428803,40.0,12/8/2015,1/17/2016,342,17,W,2015,1,1.0,W,W,WD,W,83,1,6.769090909,0.109589041,10.39944134,0.125,0.001506024,8
144955_1,WWSC,W,W3,1,F,AHY,Southern New England,Cape Cod Bay,-71.98302724,41.21930646,66.95833333,1/21/2016,3/28/2016,21,88,W,2016,2,1.0,W,W,WD,W,83,1,6.769090909,0.183447489,10.39944134,0.125,0.001506024,8
144955_1,WWSC,S,S1,1,F,AHY,Southern New England,Cape Cod Bay,-69.96029018,40.72879837,40.0,4/1/2016,5/11/2016,92,132,S,2016,1,2.0,S,W,SM,SM,83,1,6.769090909,0.109589041,10.39944134,0.125,0.001506024,8
144955_1,WWSC,B,B1,1,F,AHY,Southern New England,Cape Cod Bay,-95.22986556,56.09527843,83.0,6/5/2016,8/27/2016,157,240,B,2016,18,1.0,B,S,SM,SM,83,1,6.769090909,0.22739726,10.39944134,0.125,0.001506024,24
144955_1,WWSC,M,M1,1,F,AHY,Southern New England,Cape Cod Bay,-80.50932562,52.93039184,66.04166667,9/12/2016,11/17/2016,256,322,F,2016,14,18.0,F,B,WM,WM,83,1,6.769090909,0.180936073,10.39944134,0.125,0.001506024,19
144955_1,WWSC,M,M2,1,F,AHY,Southern New England,Cape Cod Bay,-81.15303372,53.33473213,34.0,9/22/2016,10/26/2016,266,300,F,2016,14,14.0,F,F,MD,WM,83,1,6.769090909,0.093150685,10.39944134,0.125,0.001506024,19
144955_1,WWSC,W,W1,2,F,AHY,Southern New England,Cape Cod Bay,-82.21058709,48.04775172,10.0,11/26/2016,12/6/2016,331,341,W,2016,14,14.0,W,F,WM,WM,83,1,6.769090909,0.02739726,10.39944134,0.125,0.001506024,11
144956_1,WWSC,W,W2,1,F,AHY,Southern New England,Cape Cod Bay,-70.03075668,41.98164084,139.9583333,1/3/2016,5/22/2016,3,143,W,2016,1,1.0,W,W,WD,W,83,1,6.769090909,0.383447489,10.39944134,0.1,0.001204819,9
144956_1,WWSC,S,S1,1,F,AHY,Southern New England,Cape Cod Bay,-69.14861607,48.53883298,27.0,5/31/2016,6/27/2016,152,179,S,2016,16,1.0,S,W,SM,SM,83,1,6.769090909,0.073972603,10.39944134,0.1,0.001204819,13
144956_1,WWSC,M,M1,1,F,AHY,Southern New England,Cape Cod Bay,-68.97584096,48.71916854,82.0,7/2/2016,9/22/2016,184,266,F,2016,16,16.0,F,S,SM,SM,83,1,6.769090909,0.224657534,10.39944134,0.1,0.001204819,13
144956_1,WWSC,M,M2,1,F,AHY,Southern New England,Cape Cod Bay,-64.6631173,47.81284346,61.04166667,9/29/2016,11/29/2016,273,334,F,2016,12,16.0,F,F,MD,WM,83,1,6.769090909,0.167237443,10.39944134,0.1,0.001204819,15
144956_1,WWSC,W,W1,2,F,AHY,Southern New England,Cape Cod Bay,-61.89725969,46.40232508,30.0,12/9/2016,1/8/2017,344,8,W,2016,13,12.0,W,F,WM,WM,83,1,6.769090909,0.082191781,10.39944134,0.1,0.001204819,15
144956_1,WWSC,W,W2,2,F,AHY,Southern New England,Cape Cod Bay,-70.06339122,42.01061607,95.95833333,1/18/2017,4/24/2017,18,114,W,2017,1,13.0,W,W,WD,W,83,1,6.769090909,0.262899543,10.39944134,0.1,0.001204819,9
144956_1,WWSC,S,S1,2,F,AHY,Southern New England,Cape Cod Bay,-64.68983622,48.29792078,9.0,5/9/2017,5/18/2017,129,138,S,2017,12,1.0,S,W,SM,SM,83,1,6.769090909,0.024657534,10.39944134,0.1,0.001204819,15
144956_1,WWSC,B,B1,2,F,AHY,Southern New England,Cape Cod Bay,-110.5650134,60.7848152,4.0,6/16/2017,6/20/2017,167,171,B,2017,24,12.0,B,S,SM,SM,83,1,6.769090909,0.010958904,10.39944134,0.1,0.001204819,4
144956_1,WWSC,B,B2,2,F,AHY,Southern New England,Cape Cod Bay,-110.7442057,60.89227962,4.0,7/1/2017,7/5/2017,182,186,B,2017,24,24.0,B,B,BD,B,83,1,6.769090909,0.010958904,10.39944134,0.1,0.001204819,4
144957_1,WWSC,W,W2,1,F,AHY,Southern New England,Cape Cod Bay,-70.48797271,41.23620099,58.0,3/16/2016,5/13/2016,76,134,W,2016,1,1.0,W,W,WD,W,83,1,6.769090909,0.15890411,10.39944134,0.166666667,0.002008032,8
144957_1,WWSC,S,S1,1,F,AHY,Southern New England,Cape Cod Bay,-80.66450447,51.9008832,8.0,5/21/2016,5/29/2016,142,150,S,2016,14,1.0,S,W,SM,SM,83,1,6.769090909,0.021917808,10.39944134,0.166666667,0.002008032,19
144957_1,WWSC,B,B1,1,F,AHY,Southern New England,Cape Cod Bay,-96.41330712,58.48259288,27.0,6/12/2016,7/9/2016,164,191,B,2016,18,14.0,B,S,SM,SM,83,1,6.769090909,0.073972603,10.39944134,0.166666667,0.002008032,24
144957_1,WWSC,M,M1,1,F,AHY,Southern New England,Cape Cod Bay,-79.58715323,56.73608911,80.0,8/1/2016,10/20/2016,214,294,F,2016,23,18.0,F,B,WM,WM,83,1,6.769090909,0.219178082,10.39944134,0.166666667,0.002008032,22
144957_1,WWSC,W,W1,2,F,AHY,Southern New England,Cape Cod Bay,-70.14292955,42.07801625,54.04166667,10/29/2016,12/22/2016,303,357,W,2016,1,23.0,W,F,WM,WM,83,1,6.769090909,0.148059361,10.39944134,0.166666667,0.002008032,9
144958_1,WWSC,W,W2,1,F,AHY,Southern New England,Cape Cod Bay,-71.85668937,41.12962245,108.0,11/19/2015,3/6/2016,323,66,W,2015,2,1.0,W,W,WD,W,83,1,6.769090909,0.295890411,10.39944134,0.1,0.001204819,8
144958_1,WWSC,W,W3,1,F,AHY,Southern New England,Cape Cod Bay,-70.05819169,40.92679151,68.95833333,3/10/2016,5/18/2016,70,139,W,2016,1,2.0,W,W,WD,W,83,1,6.769090909,0.188926941,10.39944134,0.1,0.001204819,8
144958_1,WWSC,S,S1,1,F,AHY,Southern New England,Cape Cod Bay,-108.7373872,61.08884517,7.0,6/7/2016,6/14/2016,159,166,S,2016,24,1.0,S,W,SM,SM,83,1,6.769090909,0.019178082,10.39944134,0.1,0.001204819,4
144958_1,WWSC,B,B1,1,F,AHY,Southern New England,Cape Cod Bay,-109.9247385,61.66136491,23.0,6/18/2016,7/11/2016,170,193,B,2016,24,24.0,B,S,SM,SM,83,1,6.769090909,0.063013699,10.39944134,0.1,0.001204819,4
144958_1,WWSC,M,M1,1,F,AHY,Southern New England,Cape Cod Bay,-80.80902445,53.01750435,79.0,7/24/2016,10/11/2016,206,285,F,2016,14,24.0,F,B,WM,WM,83,1,6.769090909,0.216438356,10.39944134,0.1,0.001204819,19
144958_1,WWSC,W,W1,2,F,AHY,Southern New England,Cape Cod Bay,-69.91602513,41.52428906,174.0,10/24/2016,4/16/2017,298,106,W,2016,1,14.0,W,F,WM,WM,83,1,6.769090909,0.476712329,10.39944134,0.1,0.001204819,8
144958_1,WWSC,W,W2,2,F,AHY,Southern New England,Cape Cod Bay,-70.1851676,41.07484655,26.0,4/17/2017,5/13/2017,107,133,W,2017,1,1.0,W,W,WD,W,83,1,6.769090909,0.071232877,10.39944134,0.1,0.001204819,8
144958_1,WWSC,BM,St,2,F,AHY,Southern New England,Cape Cod Bay,-111.7610307,61.58046557,1.0,6/3/2017,6/4/2017,154,155,S,2017,24,1.0,S,W,SM,SM,83,1,6.769090909,0.002739726,10.39944134,0.1,0.001204819,4
144958_1,WWSC,B,B1,2,F,AHY,Southern New England,Cape Cod Bay,-109.8409838,62.07978228,19.0,6/16/2017,7/5/2017,167,186,B,2017,24,24.0,B,S,SM,SM,83,1,6.769090909,0.052054795,10.39944134,0.1,0.001204819,4
144959_1,WWSC,W,W2,1,F,AHY,Southern New England,Cape Cod Bay,-70.87840059,42.25982826,102.0,11/13/2015,2/23/2016,317,54,W,2015,6,1.0,W,W,WD,W,83,1,6.769090909,0.279452055,10.39944134,0.5,0.006024096,9
144961_1,WWSC,W,W2,1,F,AHY,Southern New England,Cape Cod Bay,-69.83851564,41.23732168,74.0,12/17/2015,2/29/2016,351,60,W,2015,1,1.0,W,W,WD,W,83,1,6.769090909,0.202739726,10.39944134,0.090909091,0.00109529,8
144961_1,WWSC,S,S1,1,F,AHY,Southern New England,Cape Cod Bay,-72.59902895,40.66976846,4.0,3/5/2016,3/9/2016,65,69,S,2016,2,1.0,S,W,SM,SM,83,1,6.769090909,0.010958904,10.39944134,0.090909091,0.00109529,8
144961_1,WWSC,S,S2,1,F,AHY,Southern New England,Cape Cod Bay,-69.81385197,40.95162094,61.0,3/15/2016,5/15/2016,75,136,S,2016,1,2.0,S,S,SD,SM,83,1,6.769090909,0.167123288,10.39944134,0.090909091,0.00109529,8
144961_1,WWSC,B,B1,1,F,AHY,Southern New England,Cape Cod Bay,-110.4577081,61.29281857,55.0,6/12/2016,8/6/2016,164,219,B,2016,24,1.0,B,S,SM,SM,83,1,6.769090909,0.150684932,10.39944134,0.090909091,0.00109529,4
144961_1,WWSC,MM,St,1,F,AHY,Southern New England,Cape Cod Bay,-90.01245642,56.95355863,2.0,8/20/2016,8/22/2016,233,235,F,2016,29,24.0,F,B,WM,WM,83,1,6.769090909,0.005479452,10.39944134,0.090909091,0.00109529,23
144961_1,WWSC,M,M1,1,F,AHY,Southern New England,Cape Cod Bay,-79.39994616,54.1174074,57.0,9/2/2016,10/29/2016,246,303,F,2016,23,29.0,F,F,MD,WM,83,1,6.769090909,0.156164384,10.39944134,0.090909091,0.00109529,19
144961_1,WWSC,W,W1,2,F,AHY,Southern New England,Cape Cod Bay,-69.83532306,41.22552036,110.0,11/7/2016,2/25/2017,312,56,W,2016,1,23.0,W,F,WM,WM,83,1,6.769090909,0.301369863,10.39944134,0.090909091,0.00109529,8
144961_1,WWSC,W,W2,2,F,AHY,Southern New England,Cape Cod Bay,-69.9795201,40.77912816,76.95833333,2/26/2017,5/14/2017,57,134,W,2017,1,1.0,W,W,WD,W,83,1,6.769090909,0.210844749,10.39944134,0.090909091,0.00109529,8
144961_1,WWSC,BM,St,2,F,AHY,Southern New England,Cape Cod Bay,-79.39574623,51.90120555,1.0,5/24/2017,5/25/2017,144,145,S,2017,14,1.0,S,W,SM,SM,83,1,6.769090909,0.002739726,10.39944134,0.090909091,0.00109529,19
144961_1,WWSC,B,B1,2,F,AHY,Southern New England,Cape Cod Bay,-110.5963055,61.32936437,22.0,6/14/2017,7/6/2017,165,187,B,2017,24,14.0,B,S,SM,SM,83,1,6.769090909,0.060273973,10.39944134,0.090909091,0.00109529,4
144962_1,WWSC,W,W2,1,F,AHY,Southern New England,Cape Cod Bay,-69.90283825,41.42206652,154.9583333,12/6/2015,5/9/2016,340,130,W,2015,1,1.0,W,W,WD,W,83,1,6.769090909,0.424543379,10.39944134,0.090909091,0.00109529,8
144962_1,WWSC,W,W3,1,F,AHY,Southern New England,Cape Cod Bay,-71.86543541,41.09887892,30.0,2/2/2016,3/3/2016,33,63,W,2016,2,1.0,W,W,WD,W,83,1,6.769090909,0.082191781,10.39944134,0.090909091,0.00109529,8
144962_1,WWSC,S,S1,1,F,AHY,Southern New England,Cape Cod Bay,-81.05204284,52.13966507,8.0,5/15/2016,5/23/2016,136,144,S,2016,14,2.0,S,W,SM,SM,83,1,6.769090909,0.021917808,10.39944134,0.090909091,0.00109529,19
144962_1,WWSC,B,B1,1,F,AHY,Southern New England,Cape Cod Bay,-106.9996408,62.09878694,83.0,6/10/2016,9/1/2016,162,245,B,2016,24,14.0,B,S,SM,SM,83,1,6.769090909,0.22739726,10.39944134,0.090909091,0.00109529,2
144962_1,WWSC,M,M1,1,F,AHY,Southern New England,Cape Cod Bay,-79.61471574,54.22121076,71.04166667,9/20/2016,11/30/2016,264,335,F,2016,23,24.0,F,B,WM,WM,83,1,6.769090909,0.194634703,10.39944134,0.090909091,0.00109529,19
144962_1,WWSC,W,W1,2,F,AHY,Southern New England,Cape Cod Bay,-69.8051066,41.34618905,145.9583333,12/9/2016,5/4/2017,344,124,W,2016,1,23.0,W,F,WM,WM,83,1,6.769090909,0.399885845,10.39944134,0.090909091,0.00109529,8
144962_1,WWSC,W,W2,2,F,AHY,Southern New England,Cape Cod Bay,-71.7803067,41.04893526,5.0,3/28/2017,4/2/2017,87,92,W,2017,2,1.0,W,W,WD,W,83,1,6.769090909,0.01369863,10.39944134,0.090909091,0.00109529,8
144962_1,WWSC,S,S1,2,F,AHY,Southern New England,Cape Cod Bay,-68.78086679,49.0926554,4.0,5/11/2017,5/15/2017,131,135,S,2017,16,2.0,S,W,SM,SM,83,1,6.769090909,0.010958904,10.39944134,0.090909091,0.00109529,13
144962_1,WWSC,BM,St,2,F,AHY,Southern New England,Cape Cod Bay,-104.572076,62.26086145,4.0,6/4/2017,6/8/2017,155,159,S,2017,21,16.0,S,S,SD,SM,83,1,6.769090909,0.010958904,10.39944134,0.090909091,0.00109529,2
144962_1,WWSC,B,B1,2,F,AHY,Southern New England,Cape Cod Bay,-107.0112805,62.09931816,25.0,6/12/2017,7/7/2017,163,188,B,2017,24,21.0,B,S,SM,SM,83,1,6.769090909,0.068493151,10.39944134,0.090909091,0.00109529,2
144963_1,WWSC,W,W2,1,F,AHY,Southern New England,Cape Cod Bay,-71.87441547,41.06943875,114.0,11/17/2015,3/10/2016,321,70,W,2015,2,1.0,W,W,WD,W,83,1,6.769090909,0.312328767,10.39944134,0.1,0.001204819,8
144963_1,WWSC,W,W3,1,F,AHY,Southern New England,Cape Cod Bay,-70.36601895,41.34078733,31.0,3/14/2016,4/14/2016,74,105,W,2016,1,2.0,W,W,WD,W,83,1,6.769090909,0.084931507,10.39944134,0.1,0.001204819,8
144963_1,WWSC,W,W4,1,F,AHY,Southern New England,Cape Cod Bay,-69.84282294,41.17832503,26.0,4/20/2016,5/16/2016,111,137,W,2016,1,1.0,W,W,WD,W,83,1,6.769090909,0.071232877,10.39944134,0.1,0.001204819,8
144963_1,WWSC,B,B1,1,F,AHY,Southern New England,Cape Cod Bay,-91.23274937,56.12687455,46.0,6/11/2016,7/27/2016,163,209,B,2016,29,1.0,B,W,SM,SM,83,1,6.769090909,0.126027397,10.39944134,0.1,0.001204819,23
144963_1,WWSC,M,M1,1,F,AHY,Southern New England,Cape Cod Bay,-78.95220056,52.16688175,66.0,8/14/2016,10/19/2016,227,293,F,2016,14,29.0,F,B,WM,WM,83,1,6.769090909,0.180821918,10.39944134,0.1,0.001204819,19
144963_1,WWSC,WM,St,1,F,AHY,Southern New England,Cape Cod Bay,-67.9920157,48.09059859,4.0,10/31/2016,11/4/2016,305,309,F,2016,16,14.0,F,F,MD,WM,83,1,6.769090909,0.010958904,10.39944134,0.1,0.001204819,13
144963_1,WWSC,W,W1,2,F,AHY,Southern New England,Cape Cod Bay,-70.00606703,41.81399235,179.9583333,11/15/2016,5/14/2017,320,134,W,2016,1,16.0,W,F,WM,WM,83,1,6.769090909,0.49303653,10.39944134,0.1,0.001204819,9
144963_1,WWSC,W,W2,2,F,AHY,Southern New England,Cape Cod Bay,-69.96765699,40.70415688,62.95833333,2/23/2017,4/27/2017,54,117,W,2017,1,1.0,W,W,WD,W,83,1,6.769090909,0.172488584,10.39944134,0.1,0.001204819,8
144963_1,WWSC,B,B1,2,F,AHY,Southern New England,Cape Cod Bay,-93.20095296,56.12407835,1.0,6/20/2017,6/21/2017,171,172,B,2017,18,1.0,B,W,SM,SM,83,1,6.769090909,0.002739726,10.39944134,0.1,0.001204819,24
144979_1,WWSC,W,W2,1,F,AHY,Southern New England,Cape Cod Bay,-72.85023785,40.97509526,121.9583333,11/18/2015,3/19/2016,322,79,W,2015,2,1.0,W,W,WD,W,83,1,6.769090909,0.33413242,10.39944134,0.333333333,0.004016064,8
144979_1,WWSC,W,W3,1,F,AHY,Southern New England,Cape Cod Bay,-70.07536599,40.83296727,40.0,3/23/2016,5/2/2016,83,123,W,2016,1,2.0,W,W,WD,W,83,1,6.769090909,0.109589041,10.39944134,0.333333333,0.004016064,8
144980_1,WWSC,W,W1,1,F,AHY,Southern New England,Cape Cod Bay,-71.96158553,41.2729316,139.9583333,11/18/2015,4/6/2016,322,97,W,2015,2,1.0,W,F,WM,WM,83,1,6.769090909,0.383447489,10.39944134,0.333333333,0.004016064,8
144980_1,WWSC,B,B1,1,F,AHY,Southern New England,Cape Cod Bay,-125.5393904,67.54473864,17.0,6/20/2016,7/7/2016,172,189,B,2016,28,2.0,B,W,SM,SM,83,1,6.769090909,0.046575342,10.39944134,0.333333333,0.004016064,3
144981_1,WWSC,W,W2,1,F,AHY,Southern New England,Cape Cod Bay,-73.85966215,40.54751887,11.0,12/26/2015,1/6/2016,360,6,W,2015,2,1.0,W,W,WD,W,83,1,6.769090909,0.030136986,10.39944134,0.111111111,0.001338688,8
144981_1,WWSC,W,W3,1,F,AHY,Southern New England,Cape Cod Bay,-69.88297202,41.14097896,123.9583333,1/14/2016,5/17/2016,14,138,W,2016,1,2.0,W,W,WD,W,83,1,6.769090909,0.339611872,10.39944134,0.111111111,0.001338688,8
144981_1,WWSC,BM,St,1,F,AHY,Southern New England,Cape Cod Bay,-91.92024098,58.35285354,1.0,6/4/2016,6/5/2016,156,157,S,2016,18,1.0,S,W,SM,SM,83,1,6.769090909,0.002739726,10.39944134,0.111111111,0.001338688,24
144981_1,WWSC,B,B1,1,F,AHY,Southern New England,Cape Cod Bay,-93.75261174,58.35144404,41.0,6/13/2016,7/24/2016,165,206,B,2016,18,18.0,B,S,SM,SM,83,1,6.769090909,0.112328767,10.39944134,0.111111111,0.001338688,24
144981_1,WWSC,M,M1,1,F,AHY,Southern New England,Cape Cod Bay,-79.19787429,52.02720873,82.0,8/9/2016,10/30/2016,222,304,F,2016,14,18.0,F,B,WM,WM,83,1,6.769090909,0.224657534,10.39944134,0.111111111,0.001338688,19
144981_1,WWSC,W,W1,2,F,AHY,Southern New England,Cape Cod Bay,-69.96407213,41.85527734,25.0,11/8/2016,12/3/2016,313,338,W,2016,1,14.0,W,F,WM,WM,83,1,6.769090909,0.068493151,10.39944134,0.111111111,0.001338688,9
144981_1,WWSC,W,W2,2,F,AHY,Southern New England,Cape Cod Bay,-69.81758137,41.63972683,88.0,12/4/2016,3/2/2017,339,61,W,2016,1,1.0,W,W,WD,W,83,1,6.769090909,0.24109589,10.39944134,0.111111111,0.001338688,8
144981_1,WWSC,W,W3,2,F,AHY,Southern New England,Cape Cod Bay,-69.8446613,40.72895562,36.95833333,3/6/2017,4/12/2017,65,102,W,2017,1,1.0,W,W,WD,W,83,1,6.769090909,0.101255708,10.39944134,0.111111111,0.001338688,8
144982_2,WWSC,S,S1,1,F,AHY,Southern New England,Long Island Sound,-64.06592422,46.92634606,2.0,5/27/2016,5/29/2016,148,150,S,2016,12,2.0,S,W,SM,SM,83,1,6.769090909,0.005479452,10.39944134,0.2,0.002409639,14
144982_2,WWSC,M,M1,1,F,AHY,Southern New England,Long Island Sound,-69.12677381,48.53989207,108.0,6/7/2016,9/23/2016,159,267,F,2016,16,12.0,F,S,SM,SM,83,1,6.769090909,0.295890411,10.39944134,0.2,0.002409639,13
144982_2,WWSC,M,M2,1,F,AHY,Southern New England,Long Island Sound,-68.7684826,48.40202796,37.0,9/24/2016,10/31/2016,268,305,F,2016,16,16.0,F,F,MD,WM,83,1,6.769090909,0.101369863,10.39944134,0.2,0.002409639,13
144982_2,WWSC,W,W1,2,F,AHY,Southern New England,Long Island Sound,-70.0614915,40.98207525,109.0,11/9/2016,2/26/2017,314,57,W,2016,1,16.0,W,F,WM,WM,83,1,6.769090909,0.298630137,10.39944134,0.2,0.002409639,8
144983_1,WWSC,W,W2,1,F,AHY,Southern New England,Cape Cod Bay,-71.83109759,41.13173645,61.0,1/4/2016,3/5/2016,4,65,W,2016,2,1.0,W,W,WD,W,83,1,6.769090909,0.167123288,10.39944134,0.166666667,0.002008032,8
144983_1,WWSC,W,W3,1,F,AHY,Southern New England,Cape Cod Bay,-69.87152219,40.73168161,63.0,3/15/2016,5/17/2016,75,138,W,2016,1,2.0,W,W,WD,W,83,1,6.769090909,0.17260274,10.39944134,0.166666667,0.002008032,8
144983_1,WWSC,BM,St,1,F,AHY,Southern New England,Cape Cod Bay,-95.02550237,56.96742228,1.0,5/25/2016,5/26/2016,146,147,S,2016,18,1.0,S,W,SM,SM,83,1,6.769090909,0.002739726,10.39944134,0.166666667,0.002008032,24
144983_1,WWSC,B,B1,1,F,AHY,Southern New England,Cape Cod Bay,-102.6175065,58.4796326,51.0,5/31/2016,7/21/2016,152,203,B,2016,21,18.0,B,S,SM,SM,83,1,6.769090909,0.139726027,10.39944134,0.166666667,0.002008032,5
144983_1,WWSC,M,M1,1,F,AHY,Southern New England,Cape Cod Bay,-81.66305422,53.41477937,17.0,8/2/2016,8/19/2016,215,232,F,2016,30,21.0,F,B,WM,WM,83,1,6.769090909,0.046575342,10.39944134,0.166666667,0.002008032,19
144984_1,WWSC,S,S1,1,F,AHY,Southern New England,Cape Cod Bay,-78.55794643,52.55290094,8.0,5/22/2016,5/30/2016,143,151,S,2016,14,1.0,S,W,SM,SM,83,1,6.769090909,0.021917808,10.39944134,0.5,0.006024096,19
144986_1,WWSC,W,W2,1,F,AHY,Southern New England,Cape Cod Bay,-79.52409015,43.20941165,170.9583333,12/1/2015,5/20/2016,335,141,W,2015,9,1.0,W,W,WD,W,83,1,6.769090909,0.468378995,10.39944134,0.2,0.002409639,12
144986_1,WWSC,BM,St,1,F,AHY,Southern New England,Cape Cod Bay,-112.7773757,62.10883515,10.0,5/27/2016,6/6/2016,148,158,S,2016,24,9.0,S,W,SM,SM,83,1,6.769090909,0.02739726,10.39944134,0.2,0.002409639,4
144986_1,WWSC,B,B1,1,F,AHY,Southern New England,Cape Cod Bay,-125.5778617,60.2808473,4.0,6/16/2016,6/20/2016,168,172,B,2016,28,24.0,B,S,SM,SM,83,1,6.769090909,0.010958904,10.39944134,0.2,0.002409639,3
144986_1,WWSC,B,B2,1,F,AHY,Southern New England,Cape Cod Bay,-120.1399529,62.01674986,7.0,6/26/2016,7/3/2016,178,185,B,2016,28,28.0,B,B,BD,B,83,1,6.769090909,0.019178082,10.39944134,0.2,0.002409639,3
144987_1,WWSC,W,W2,1,F,AHY,Southern New England,Cape Cod Bay,-72.66423411,41.00825392,21.0,3/17/2016,4/7/2016,77,98,W,2016,2,1.0,W,W,WD,W,83,1,6.769090909,0.057534247,10.39944134,0.166666667,0.002008032,8
144987_1,WWSC,W,W3,1,F,AHY,Southern New England,Cape Cod Bay,-70.32867774,41.18388475,28.0,4/11/2016,5/9/2016,102,130,W,2016,1,2.0,W,W,WD,W,83,1,6.769090909,0.076712329,10.39944134,0.166666667,0.002008032,8
144987_1,WWSC,BM,St,1,F,AHY,Southern New England,Cape Cod Bay,-78.05806882,48.59884908,7.0,5/14/2016,5/21/2016,135,142,S,2016,14,1.0,S,W,SM,SM,83,1,6.769090909,0.019178082,10.39944134,0.166666667,0.002008032,11
144987_1,WWSC,B,B1,1,F,AHY,Southern New England,Cape Cod Bay,-112.7834978,62.80617159,12.0,5/31/2016,6/12/2016,152,164,B,2016,24,14.0,B,S,SM,SM,83,1,6.769090909,0.032876712,10.39944134,0.166666667,0.002008032,4
144987_1,WWSC,B,B2,1,F,AHY,Southern New England,Cape Cod Bay,-114.4200146,63.29354509,47.0,6/16/2016,8/2/2016,168,215,B,2016,24,24.0,B,B,BD,B,83,1,6.769090909,0.128767123,10.39944134,0.166666667,0.002008032,4
144988_1,WWSC,W,W2,1,F,AHY,Southern New England,Cape Cod Bay,-69.84527904,41.05865363,149.9583333,12/18/2015,5/16/2016,352,137,W,2015,1,1.0,W,W,WD,W,83,1,6.769090909,0.410844749,10.39944134,0.166666667,0.002008032,8
144988_1,WWSC,S,S1,1,F,AHY,Southern New England,Cape Cod Bay,-80.95671982,52.02828531,4.0,5/25/2016,5/29/2016,146,150,S,2016,14,1.0,S,W,SM,SM,83,1,6.769090909,0.010958904,10.39944134,0.166666667,0.002008032,19
144988_1,WWSC,B,B1,1,F,AHY,Southern New England,Cape Cod Bay,-104.5620838,64.79374789,63.0,6/12/2016,8/14/2016,164,227,B,2016,21,14.0,B,S,SM,SM,83,1,6.769090909,0.17260274,10.39944134,0.166666667,0.002008032,2
144988_1,WWSC,M,M1,1,F,AHY,Southern New England,Cape Cod Bay,-81.01846318,53.30854209,62.0,8/30/2016,10/31/2016,243,305,F,2016,14,21.0,F,B,WM,WM,83,1,6.769090909,0.169863014,10.39944134,0.166666667,0.002008032,19
144988_1,WWSC,W,W1,2,F,AHY,Southern New England,Cape Cod Bay,-69.84093146,41.22511236,100.0,11/9/2016,2/17/2017,314,48,W,2016,1,14.0,W,F,WM,WM,83,1,6.769090909,0.273972603,10.39944134,0.166666667,0.002008032,8
144989_1,WWSC,W,W2,1,F,AHY,Southern New England,Cape Cod Bay,-69.91462405,41.77052308,133.9583333,12/3/2015,4/15/2016,337,106,W,2015,1,1.0,W,W,WD,W,83,1,6.769090909,0.367009132,10.39944134,0.166666667,0.002008032,8
144989_1,WWSC,S,S1,1,F,AHY,Southern New England,Cape Cod Bay,-64.68832107,46.87187872,24.0,4/23/2016,5/17/2016,114,138,S,2016,12,1.0,S,W,SM,SM,83,1,6.769090909,0.065753425,10.39944134,0.166666667,0.002008032,14
144989_1,WWSC,BM,St,1,F,AHY,Southern New England,Cape Cod Bay,-94.7224541,56.59734925,3.0,5/31/2016,6/3/2016,152,155,S,2016,18,12.0,S,S,SD,SM,83,1,6.769090909,0.008219178,10.39944134,0.166666667,0.002008032,24
144989_1,WWSC,B,B1,1,F,AHY,Southern New England,Cape Cod Bay,-104.6448297,65.06206695,64.0,6/9/2016,8/12/2016,161,225,B,2016,21,18.0,B,S,SM,SM,83,1,6.769090909,0.175342466,10.39944134,0.166666667,0.002008032,2
144989_1,WWSC,M,M1,1,F,AHY,Southern New England,Cape Cod Bay,-93.45235602,61.89806257,44.0,8/20/2016,10/3/2016,233,277,F,2016,18,21.0,F,B,WM,WM,83,1,6.769090909,0.120547945,10.39944134,0.166666667,0.002008032,26
144990_1,WWSC,W,W2,1,F,AHY,Southern New England,Cape Cod Bay,-69.9265875,40.84680453,121.9583333,12/16/2015,4/16/2016,350,107,W,2015,1,1.0,W,W,WD,W,83,1,6.769090909,0.33413242,10.39944134,0.25,0.003012048,8
144990_1,WWSC,W,W3,1,F,AHY,Southern New England,Cape Cod Bay,-69.97201966,41.8874362,63.0,1/7/2016,3/10/2016,7,70,W,2016,1,1.0,W,W,WD,W,83,1,6.769090909,0.17260274,10.39944134,0.25,0.003012048,9
144990_1,WWSC,W,W4,1,F,AHY,Southern New England,Cape Cod Bay,-70.22185767,41.18681042,23.0,4/17/2016,5/10/2016,108,131,W,2016,1,1.0,W,W,WD,W,83,1,6.769090909,0.063013699,10.39944134,0.25,0.003012048,8
144991_1,WWSC,W,W2,1,F,AHY,Southern New England,Cape Cod Bay,-70.79524568,41.54520223,44.0,11/22/2015,1/5/2016,326,5,W,2015,2,1.0,W,W,WD,W,83,1,6.769090909,0.120547945,10.39944134,0.333333333,0.004016064,8
144991_1,WWSC,W,W3,1,F,AHY,Southern New England,Cape Cod Bay,-69.94571614,41.20384528,73.95833333,1/9/2016,3/23/2016,9,83,W,2016,1,2.0,W,W,WD,W,83,1,6.769090909,0.202625571,10.39944134,0.333333333,0.004016064,8
146133_1,WWSC,W,W1,1,F,SY,Quebec,St. Lawrence River,-69.92193299,41.6007335,31.04166667,10/12/2016,11/12/2016,286,317,W,2016,1,16.0,W,F,WM,WM,83,1,6.769090909,0.085045662,10.39944134,0.142857143,0.00172117,8
146133_1,WWSC,W,W2,1,F,SY,Quebec,St. Lawrence River,-72.26804804,40.89393916,29.0,11/21/2016,12/20/2016,326,355,W,2016,2,1.0,W,W,WD,W,83,1,6.769090909,0.079452055,10.39944134,0.142857143,0.00172117,8
146133_1,WWSC,W,W3,1,F,SY,Quebec,St. Lawrence River,-74.03267532,39.64077479,105.9583333,12/28/2016,4/13/2017,363,103,W,2016,3,2.0,W,W,WD,W,83,1,6.769090909,0.290296804,10.39944134,0.142857143,0.00172117,8
146133_1,WWSC,S,S1,1,F,SY,Quebec,St. Lawrence River,-70.34428651,41.1740985,29.0,4/17/2017,5/16/2017,107,136,S,2017,1,3.0,S,W,SM,SM,83,1,6.769090909,0.079452055,10.39944134,0.142857143,0.00172117,8
146133_1,WWSC,S,S2,1,F,SY,Quebec,St. Lawrence River,-69.17386789,48.54069568,4.0,5/25/2017,5/29/2017,145,149,S,2017,16,1.0,S,S,SD,SM,83,1,6.769090909,0.010958904,10.39944134,0.142857143,0.00172117,13
146133_1,WWSC,M,M1,2,F,SY,Quebec,St. Lawrence River,-64.21734724,50.2744464,5.0,6/7/2017,6/12/2017,158,163,F,2017,15,16.0,F,S,SM,SM,83,1,6.769090909,0.01369863,10.39944134,0.142857143,0.00172117,15
146134_1,WWSC,M,M2,1,F,SY,Quebec,St. Lawrence River,-68.5698492,48.91816289,50.0,9/17/2016,11/6/2016,261,311,F,2016,16,16.0,F,F,MD,WM,83,1,6.769090909,0.136986301,10.39944134,0.142857143,0.00172117,13
146134_1,WWSC,W,W1,1,F,SY,Quebec,St. Lawrence River,-70.09192292,42.01921316,101.0,11/18/2016,2/27/2017,323,58,W,2016,1,16.0,W,F,WM,WM,83,1,6.769090909,0.276712329,10.39944134,0.142857143,0.00172117,9
146134_1,WWSC,W,W2,1,F,SY,Quebec,St. Lawrence River,-70.25080707,41.93276961,53.95833333,2/28/2017,4/23/2017,59,113,W,2017,1,1.0,W,W,WD,W,83,1,6.769090909,0.14783105,10.39944134,0.142857143,0.00172117,9
146134_1,WWSC,S,S1,1,F,SY,Quebec,St. Lawrence River,-63.80050588,46.0824354,16.0,5/2/2017,5/18/2017,122,138,S,2017,12,1.0,S,W,SM,SM,83,1,6.769090909,0.043835616,10.39944134,0.142857143,0.00172117,14
146134_1,WWSC,BM,St,1,F,SY,Quebec,St. Lawrence River,-77.00179188,57.70815724,3.0,5/29/2017,6/1/2017,149,152,S,2017,19,12.0,S,S,SD,SM,83,1,6.769090909,0.008219178,10.39944134,0.142857143,0.00172117,20
146134_1,WWSC,B,B1,1,F,SY,Quebec,St. Lawrence River,-70.35795431,57.33253934,24.0,6/7/2017,7/1/2017,158,182,B,2017,22,19.0,B,S,SM,SM,83,1,6.769090909,0.065753425,10.39944134,0.142857143,0.00172117,17
146135_1,WWSC,W,W1,1,F,ATY,Quebec,St. Lawrence River,-70.06869538,41.03189467,56.04166667,11/6/2016,1/1/2017,311,1,W,2016,1,16.0,W,F,WM,WM,83,1,6.769090909,0.153538813,10.39944134,0.166666667,0.002008032,8
146135_1,WWSC,W,W2,1,F,ATY,Quebec,St. Lawrence River,-74.08430215,39.6312731,86.95833333,1/9/2017,4/6/2017,9,96,W,2017,3,1.0,W,W,WD,W,83,1,6.769090909,0.238242009,10.39944134,0.166666667,0.002008032,8
146135_1,WWSC,S,S1,1,F,ATY,Quebec,St. Lawrence River,-70.28547015,41.22498251,14.0,4/13/2017,4/27/2017,103,117,S,2017,1,3.0,S,W,SM,SM,83,1,6.769090909,0.038356164,10.39944134,0.166666667,0.002008032,8
146135_1,WWSC,S,S2,1,F,ATY,Quebec,St. Lawrence River,-67.29507006,49.35168339,21.0,5/5/2017,5/26/2017,125,146,S,2017,16,1.0,S,S,SD,SM,83,1,6.769090909,0.057534247,10.39944134,0.166666667,0.002008032,15
146135_1,WWSC,B,B1,1,F,ATY,Quebec,St. Lawrence River,-68.80716935,57.3217528,37.0,5/31/2017,7/7/2017,151,188,B,2017,22,16.0,B,S,SM,SM,83,1,6.769090909,0.101369863,10.39944134,0.166666667,0.002008032,17
146136_1,WWSC,M,M2,1,F,SY,Quebec,St. Lawrence River,-69.10474103,48.35613368,5.0,10/18/2016,10/23/2016,292,297,F,2016,16,16.0,F,F,MD,WM,83,1,6.769090909,0.01369863,10.39944134,0.125,0.001506024,13
146136_1,WWSC,M,M3,1,F,SY,Quebec,St. Lawrence River,-69.69702131,48.06601087,6.0,10/24/2016,10/30/2016,298,304,F,2016,16,16.0,F,F,MD,WM,83,1,6.769090909,0.016438356,10.39944134,0.125,0.001506024,13
146136_1,WWSC,W,W1,1,F,SY,Quebec,St. Lawrence River,-69.94915496,41.82336275,59.0,11/7/2016,1/5/2017,312,5,W,2016,1,16.0,W,F,WM,WM,83,1,6.769090909,0.161643836,10.39944134,0.125,0.001506024,9
146136_1,WWSC,W,W2,1,F,SY,Quebec,St. Lawrence River,-70.21748514,41.81851268,41.0,1/6/2017,2/16/2017,6,47,W,2017,1,1.0,W,W,WD,W,83,1,6.769090909,0.112328767,10.39944134,0.125,0.001506024,9
146136_1,WWSC,W,W3,1,F,SY,Quebec,St. Lawrence River,-69.6555485,41.39093524,61.95833333,2/17/2017,4/20/2017,48,110,W,2017,1,1.0,W,W,WD,W,83,1,6.769090909,0.169748858,10.39944134,0.125,0.001506024,8
146136_1,WWSC,W,W4,1,F,SY,Quebec,St. Lawrence River,-70.16991046,41.02015166,26.0,4/21/2017,5/17/2017,111,137,W,2017,1,1.0,W,W,WD,W,83,1,6.769090909,0.071232877,10.39944134,0.125,0.001506024,8
146136_1,WWSC,B,B1,1,F,SY,Quebec,St. Lawrence River,-108.4518804,61.21836377,33.0,6/4/2017,7/7/2017,155,188,B,2017,24,1.0,B,W,SM,SM,83,1,6.769090909,0.090410959,10.39944134,0.125,0.001506024,4
148339_1,WWSC,WM,St,1,F,SY,Quebec,St. Lawrence River,-62.66658906,45.67264214,0.0,11/11/2016,11/11/2016,316,316,F,2016,12,16.0,F,F,MD,WM,83,1,6.769090909,0.0,10.39944134,0.166666667,0.002008032,14
148339_1,WWSC,W,W1,1,F,SY,Quebec,St. Lawrence River,-61.18816341,46.37625913,97.0,11/14/2016,2/19/2017,319,50,W,2016,13,12.0,W,F,WM,WM,83,1,6.769090909,0.265753425,10.39944134,0.166666667,0.002008032,15
148339_1,WWSC,W,W2,1,F,SY,Quebec,St. Lawrence River,-60.40848008,46.31645904,77.95833333,2/21/2017,5/10/2017,52,130,W,2017,13,13.0,W,W,WD,W,83,1,6.769090909,0.213584475,10.39944134,0.166666667,0.002008032,15
148339_1,WWSC,S,S1,1,F,SY,Quebec,St. Lawrence River,-64.33960355,50.20149498,11.0,5/15/2017,5/26/2017,135,146,S,2017,15,13.0,S,W,SM,SM,83,1,6.769090909,0.030136986,10.39944134,0.166666667,0.002008032,15
148339_1,WWSC,B,B1,1,F,SY,Quebec,St. Lawrence River,-71.24153677,57.47700487,35.0,6/2/2017,7/7/2017,153,188,B,2017,20,15.0,B,S,SM,SM,83,1,6.769090909,0.095890411,10.39944134,0.166666667,0.002008032,17
157854_1,WWSC,S,S1,1,F,AHY,Southern New England,Long Island Sound,-76.75215393,43.88289294,17.0,5/13/2016,5/30/2016,134,151,S,2016,10,2.0,S,W,SM,SM,83,1,6.769090909,0.046575342,10.39944134,0.2,0.002409639,12
157854_1,WWSC,BM,St,1,F,AHY,Southern New England,Long Island Sound,-83.68695305,50.51356722,3.0,6/4/2016,6/7/2016,156,159,S,2016,14,10.0,S,S,SD,SM,83,1,6.769090909,0.008219178,10.39944134,0.2,0.002409639,11
157854_1,WWSC,B,B1,1,F,AHY,Southern New England,Long Island Sound,-94.52507342,56.39158833,42.0,6/12/2016,7/24/2016,164,206,B,2016,18,14.0,B,S,SM,SM,83,1,6.769090909,0.115068493,10.39944134,0.2,0.002409639,24
157854_1,WWSC,M,M1,2,F,AHY,Southern New England,Long Island Sound,-79.63580021,56.0265839,43.0,7/29/2016,9/10/2016,211,254,F,2016,23,18.0,F,B,WM,WM,83,1,6.769090909,0.117808219,10.39944134,0.2,0.002409639,22
157855_1,WWSC,S,S1,1,F,AHY,Southern New England,Long Island Sound,-80.30548447,50.34071924,10.0,5/18/2016,5/28/2016,139,149,S,2016,14,2.0,S,W,SM,SM,83,1,6.769090909,0.02739726,10.39944134,0.333333333,0.004016064,11
157855_1,WWSC,B,B1,1,F,AHY,Southern New England,Long Island Sound,-94.14545695,57.91079643,52.0,6/4/2016,7/26/2016,156,208,B,2016,18,14.0,B,S,SM,SM,83,1,6.769090909,0.142465753,10.39944134,0.333333333,0.004016064,24
157857_1,WWSC,W,W1,1,F,AHY,Quebec,St. Lawrence River,-65.43349998,43.50705375,151.9583333,11/28/2016,4/29/2017,333,119,W,2016,5,16.0,W,F,WM,WM,83,1,6.769090909,0.416324201,10.39944134,0.2,0.002409639,14
157857_1,WWSC,S,S1,1,F,AHY,Quebec,St. Lawrence River,-60.13523903,45.84633587,4.0,5/7/2017,5/11/2017,127,131,S,2017,13,5.0,S,W,SM,SM,83,1,6.769090909,0.010958904,10.39944134,0.2,0.002409639,15
157857_1,WWSC,S,S2,1,F,AHY,Quebec,St. Lawrence River,-61.21035315,47.5153848,6.0,5/14/2017,5/20/2017,134,140,S,2017,13,13.0,S,S,SD,SM,83,1,6.769090909,0.016438356,10.39944134,0.2,0.002409639,15
157857_1,WWSC,B,B1,1,F,AHY,Quebec,St. Lawrence River,-109.3242053,61.40300301,29.0,6/8/2017,7/7/2017,159,188,B,2017,24,13.0,B,S,SM,SM,83,1,6.769090909,0.079452055,10.39944134,0.2,0.002409639,4
157858_1,WWSC,W,W1,1,F,ASY,Quebec,St. Lawrence River,-70.69322417,41.53643083,50.04166667,10/18/2016,12/7/2016,292,342,W,2016,2,16.0,W,F,WM,WM,83,1,6.769090909,0.137100457,10.39944134,0.166666667,0.002008032,8
157858_1,WWSC,W,W2,1,F,ASY,Quebec,St. Lawrence River,-69.98802239,41.84419626,152.9583333,12/8/2016,5/10/2017,343,130,W,2016,1,2.0,W,W,WD,W,83,1,6.769090909,0.419063927,10.39944134,0.166666667,0.002008032,9
157858_1,WWSC,S,S1,1,F,ASY,Quebec,St. Lawrence River,-67.35224894,49.3240262,14.0,5/18/2017,6/1/2017,138,152,S,2017,16,1.0,S,W,SM,SM,83,1,6.769090909,0.038356164,10.39944134,0.166666667,0.002008032,15
157858_1,WWSC,S,S2,1,F,ASY,Quebec,St. Lawrence River,-79.93761402,53.32116682,7.0,6/8/2017,6/15/2017,159,166,S,2017,23,16.0,S,S,SD,SM,83,1,6.769090909,0.019178082,10.39944134,0.166666667,0.002008032,19
157858_1,WWSC,B,B1,1,F,ASY,Quebec,St. Lawrence River,-86.70063768,54.11878906,14.0,6/21/2017,7/5/2017,172,186,B,2017,29,23.0,B,S,SM,SM,83,1,6.769090909,0.038356164,10.39944134,0.166666667,0.002008032,23
157860_1,WWSC,W,W1,1,F,SY,Quebec,St. Lawrence River,-76.80222932,43.94369882,12.04166667,11/1/2016,11/13/2016,306,318,W,2016,10,16.0,W,F,WM,WM,83,1,6.769090909,0.032990868,10.39944134,0.166666667,0.002008032,12
157860_1,WWSC,W,W2,1,F,SY,Quebec,St. Lawrence River,-79.62241101,43.2381254,43.0,11/18/2016,12/31/2016,323,366,W,2016,9,10.0,W,W,WD,W,83,1,6.769090909,0.117808219,10.39944134,0.166666667,0.002008032,12
157860_1,WWSC,W,W3,1,F,SY,Quebec,St. Lawrence River,-76.83107181,43.93553698,44.0,1/5/2017,2/18/2017,5,49,W,2017,10,9.0,W,W,WD,W,83,1,6.769090909,0.120547945,10.39944134,0.166666667,0.002008032,12
157860_1,WWSC,W,W4,1,F,SY,Quebec,St. Lawrence River,-79.47460273,43.25406127,97.95833333,2/22/2017,5/31/2017,53,151,W,2017,9,10.0,W,W,WD,W,83,1,6.769090909,0.268378995,10.39944134,0.166666667,0.002008032,12
157860_1,WWSC,S,S1,1,F,SY,Quebec,St. Lawrence River,-76.60104964,43.91652785,30.0,6/4/2017,7/4/2017,155,185,S,2017,10,9.0,S,W,SM,SM,83,1,6.769090909,0.082191781,10.39944134,0.166666667,0.002008032,12
157861_1,WWSC,WM,St,1,F,ATY,Quebec,St. Lawrence River,-71.2736445,44.99317939,1.0,10/31/2016,11/1/2016,305,306,F,2016,6,16.0,F,F,MD,WM,83,1,6.769090909,0.002739726,10.39944134,0.25,0.003012048,9
157861_1,WWSC,W,W1,1,F,ATY,Quebec,St. Lawrence River,-68.50696341,44.21162051,202.9583333,11/9/2016,5/31/2017,314,151,W,2016,5,6.0,W,F,WM,WM,83,1,6.769090909,0.556050228,10.39944134,0.25,0.003012048,9
157861_1,WWSC,M,M1,2,F,ATY,Quebec,St. Lawrence River,-68.45889353,44.39445129,35.0,6/1/2017,7/6/2017,152,187,F,2017,5,5.0,F,W,SM,SM,83,1,6.769090909,0.095890411,10.39944134,0.25,0.003012048,9
157863_1,WWSC,W,W1,1,F,ATY,Quebec,St. Lawrence River,-70.05782827,40.99089678,54.0,11/10/2016,1/3/2017,315,3,W,2016,1,16.0,W,F,WM,WM,83,1,6.769090909,0.147945205,10.39944134,0.166666667,0.002008032,8
157863_1,WWSC,W,W2,1,F,ATY,Quebec,St. Lawrence River,-73.02835956,40.64906121,48.0,1/7/2017,2/24/2017,7,55,W,2017,2,1.0,W,W,WD,W,83,1,6.769090909,0.131506849,10.39944134,0.166666667,0.002008032,8
157863_1,WWSC,W,W3,1,F,ATY,Quebec,St. Lawrence River,-70.01658456,40.80476941,73.95833333,3/1/2017,5/14/2017,60,134,W,2017,1,2.0,W,W,WD,W,83,1,6.769090909,0.202625571,10.39944134,0.166666667,0.002008032,8
157863_1,WWSC,S,S1,1,F,ATY,Quebec,St. Lawrence River,-68.26960073,49.06203152,19.0,5/23/2017,6/11/2017,143,162,S,2017,16,1.0,S,W,SM,SM,83,1,6.769090909,0.052054795,10.39944134,0.166666667,0.002008032,13
157863_1,WWSC,M,M1,2,F,ATY,Quebec,St. Lawrence River,-68.84677951,48.76071292,22.0,6/12/2017,7/4/2017,163,185,F,2017,16,16.0,F,S,SM,SM,83,1,6.769090909,0.060273973,10.39944134,0.166666667,0.002008032,13
157864_1,WWSC,M,M2,1,F,SY,Quebec,St. Lawrence River,-68.73104834,48.44864073,43.0,9/22/2016,11/4/2016,266,309,F,2016,16,16.0,F,F,MD,WM,83,1,6.769090909,0.117808219,10.39944134,0.25,0.003012048,13
157864_1,WWSC,W,W1,1,F,SY,Quebec,St. Lawrence River,-70.05426859,41.96754584,170.9583333,11/9/2016,4/29/2017,314,119,W,2016,1,16.0,W,F,WM,WM,83,1,6.769090909,0.468378995,10.39944134,0.25,0.003012048,9
157864_1,WWSC,S,S1,1,F,SY,Quebec,St. Lawrence River,-69.05015528,48.51177743,62.0,5/4/2017,7/5/2017,124,186,S,2017,16,1.0,S,W,SM,SM,83,1,6.769090909,0.169863014,10.39944134,0.25,0.003012048,13
157865_1,WWSC,W,W1,1,F,SY,Quebec,St. Lawrence River,-69.94898025,41.4177384,191.0,11/4/2016,5/14/2017,309,134,W,2016,1,16.0,W,F,WM,WM,83,1,6.769090909,0.523287671,10.39944134,0.25,0.003012048,8
157865_1,WWSC,BM,St,1,F,SY,Quebec,St. Lawrence River,-97.89723055,54.90855341,1.0,5/25/2017,5/26/2017,145,146,S,2017,18,1.0,S,W,SM,SM,83,1,6.769090909,0.002739726,10.39944134,0.25,0.003012048,24
157865_1,WWSC,B,B1,1,F,SY,Quebec,St. Lawrence River,-115.335151,60.54662705,35.0,6/1/2017,7/6/2017,152,187,B,2017,24,18.0,B,S,SM,SM,83,1,6.769090909,0.095890411,10.39944134,0.25,0.003012048,4
157866_1,WWSC,W,W1,1,F,SY,Quebec,St. Lawrence River,-69.85745195,41.64187523,130.9583333,12/6/2016,4/16/2017,341,106,W,2016,1,16.0,W,F,WM,WM,83,1,6.769090909,0.358789954,10.39944134,0.2,0.002409639,8
157866_1,WWSC,W,W2,1,F,SY,Quebec,St. Lawrence River,-70.40517942,41.15449194,32.0,4/17/2017,5/19/2017,107,139,W,2017,1,1.0,W,W,WD,W,83,1,6.769090909,0.087671233,10.39944134,0.2,0.002409639,8
157866_1,WWSC,S,S1,1,F,SY,Quebec,St. Lawrence River,-65.9072219,50.29747589,5.0,5/27/2017,6/1/2017,147,152,S,2017,15,1.0,S,W,SM,SM,83,1,6.769090909,0.01369863,10.39944134,0.2,0.002409639,15
157866_1,WWSC,M,M1,2,F,SY,Quebec,St. Lawrence River,-79.34651839,54.54988129,25.0,6/11/2017,7/6/2017,162,187,F,2017,23,15.0,F,S,SM,SM,83,1,6.769090909,0.068493151,10.39944134,0.2,0.002409639,19
157867_1,WWSC,W,W1,1,F,ATY,Quebec,St. Lawrence River,-65.69963102,44.63398155,169.9583333,11/13/2016,5/2/2017,318,122,W,2016,5,16.0,W,F,WM,WM,83,1,6.769090909,0.465639269,10.39944134,0.2,0.002409639,14
157867_1,WWSC,S,S1,1,F,ATY,Quebec,St. Lawrence River,-66.36730971,50.11436363,12.0,5/9/2017,5/21/2017,129,141,S,2017,15,5.0,S,W,SM,SM,83,1,6.769090909,0.032876712,10.39944134,0.2,0.002409639,15
157867_1,WWSC,BM,St,1,F,ATY,Quebec,St. Lawrence River,-96.04953134,57.959805,5.0,5/30/2017,6/4/2017,150,155,S,2017,18,15.0,S,S,SD,SM,83,1,6.769090909,0.01369863,10.39944134,0.2,0.002409639,24
157867_1,WWSC,B,B1,1,F,ATY,Quebec,St. Lawrence River,-111.4276813,62.92634475,23.0,6/11/2017,7/4/2017,162,185,B,2017,24,18.0,B,S,SM,SM,83,1,6.769090909,0.063013699,10.39944134,0.2,0.002409639,4
157868_1,WWSC,W,W1,1,F,SY,Quebec,St. Lawrence River,-73.39389056,44.11813969,69.0,11/29/2016,2/6/2017,334,37,W,2016,6,16.0,W,F,WM,WM,83,1,6.769090909,0.189041096,10.39944134,0.25,0.003012048,9
157868_1,WWSC,W,W2,1,F,SY,Quebec,St. Lawrence River,-76.85029113,43.8416448,129.9583333,2/12/2017,6/22/2017,43,173,W,2017,10,6.0,W,W,WD,W,83,1,6.769090909,0.356050228,10.39944134,0.25,0.003012048,12
157868_1,WWSC,BM,St,1,F,SY,Quebec,St. Lawrence River,-75.35119923,45.54386321,3.0,6/27/2017,6/30/2017,178,181,S,2017,10,10.0,S,W,SM,SM,83,1,6.769090909,0.008219178,10.39944134,0.25,0.003012048,12
157869_1,WWSC,W,W1,1,F,SY,Quebec,St. Lawrence River,-72.27027631,41.16079182,4.0,10/12/2016,10/16/2016,286,290,W,2016,2,16.0,W,F,WM,WM,83,1,6.769090909,0.010958904,10.39944134,0.142857143,0.00172117,8
157869_1,WWSC,W,W2,1,F,SY,Quebec,St. Lawrence River,-70.73525113,42.68862247,31.04166667,10/20/2016,11/20/2016,294,325,W,2016,6,2.0,W,W,WD,W,83,1,6.769090909,0.085045662,10.39944134,0.142857143,0.00172117,9
157869_1,WWSC,W,W3,1,F,SY,Quebec,St. Lawrence River,-76.81837318,43.91491246,174.9583333,11/24/2016,5/18/2017,329,138,W,2016,10,6.0,W,W,WD,W,83,1,6.769090909,0.4793379,10.39944134,0.142857143,0.00172117,12
157869_1,WWSC,BM,St,1,F,SY,Quebec,St. Lawrence River,-100.7319285,57.47966115,3.0,5/27/2017,5/30/2017,147,150,S,2017,21,10.0,S,W,SM,SM,83,1,6.769090909,0.008219178,10.39944134,0.142857143,0.00172117,24
157869_1,WWSC,B,B1,1,F,SY,Quebec,St. Lawrence River,-106.3761415,59.34857319,9.0,6/2/2017,6/11/2017,153,162,B,2017,21,21.0,B,S,SM,SM,83,1,6.769090909,0.024657534,10.39944134,0.142857143,0.00172117,5
157869_1,WWSC,B,B2,1,F,SY,Quebec,St. Lawrence River,-96.29417215,57.47041695,20.0,6/15/2017,7/5/2017,166,186,B,2017,18,21.0,B,B,BD,B,83,1,6.769090909,0.054794521,10.39944134,0.142857143,0.00172117,24
157870_1,WWSC,W,W1,1,F,SY,Quebec,St. Lawrence River,-70.75422231,41.43063695,192.0,11/4/2016,5/15/2017,309,135,W,2016,2,16.0,W,F,WM,WM,83,1,6.769090909,0.526027397,10.39944134,0.5,0.006024096,8
157871_1,WWSC,W,W1,1,F,ATY,Quebec,St. Lawrence River,-72.82631417,40.99820951,153.9583333,11/18/2016,4/21/2017,323,111,W,2016,2,16.0,W,F,WM,WM,83,1,6.769090909,0.421803653,10.39944134,0.166666667,0.002008032,8
157871_1,WWSC,W,W2,1,F,ATY,Quebec,St. Lawrence River,-72.04536083,41.21305295,12.0,12/23/2016,1/4/2017,358,4,W,2016,2,2.0,W,W,WD,W,83,1,6.769090909,0.032876712,10.39944134,0.166666667,0.002008032,8
157871_1,WWSC,S,S1,1,F,ATY,Quebec,St. Lawrence River,-70.25285513,41.0351228,28.0,4/25/2017,5/23/2017,115,143,S,2017,1,2.0,S,W,SM,SM,83,1,6.769090909,0.076712329,10.39944134,0.166666667,0.002008032,8
157871_1,WWSC,B,B1,1,F,ATY,Quebec,St. Lawrence River,-91.02051557,56.61186731,15.0,6/5/2017,6/20/2017,156,171,B,2017,29,1.0,B,S,SM,SM,83,1,6.769090909,0.04109589,10.39944134,0.166666667,0.002008032,23
157871_1,WWSC,B,B2,1,F,ATY,Quebec,St. Lawrence River,-93.1480469,57.59258367,10.0,6/26/2017,7/6/2017,177,187,B,2017,18,29.0,B,B,BD,B,83,1,6.769090909,0.02739726,10.39944134,0.166666667,0.002008032,24
157872_1,WWSC,W,W1,1,F,ATY,Quebec,St. Lawrence River,-77.28389424,43.86897406,48.04166667,11/5/2016,12/23/2016,310,358,W,2016,10,16.0,W,F,WM,WM,83,1,6.769090909,0.131621005,10.39944134,0.166666667,0.002008032,12
157872_1,WWSC,W,W2,1,F,ATY,Quebec,St. Lawrence River,-79.57964962,43.22456968,43.0,12/27/2016,2/8/2017,362,39,W,2016,9,10.0,W,W,WD,W,83,1,6.769090909,0.117808219,10.39944134,0.166666667,0.002008032,12
157872_1,WWSC,W,W3,1,F,ATY,Quebec,St. Lawrence River,-76.83920975,43.93396173,94.95833333,2/13/2017,5/19/2017,44,139,W,2017,10,9.0,W,W,WD,W,83,1,6.769090909,0.260159817,10.39944134,0.166666667,0.002008032,12
157872_1,WWSC,BM,St,1,F,ATY,Quebec,St. Lawrence River,-94.08316807,55.40006823,2.0,5/26/2017,5/28/2017,146,148,S,2017,18,10.0,S,W,SM,SM,83,1,6.769090909,0.005479452,10.39944134,0.166666667,0.002008032,24
157872_1,WWSC,B,B1,1,F,ATY,Quebec,St. Lawrence River,-113.3723236,62.26606936,33.0,6/4/2017,7/7/2017,155,188,B,2017,24,18.0,B,S,SM,SM,83,1,6.769090909,0.090410959,10.39944134,0.166666667,0.002008032,4
157873_1,WWSC,W,W1,1,F,SY,Quebec,St. Lawrence River,-70.02309389,41.59477047,21.04166667,10/24/2016,11/14/2016,298,319,W,2016,1,16.0,W,F,WM,WM,83,1,6.769090909,0.057648402,10.39944134,0.142857143,0.00172117,8
157873_1,WWSC,W,W2,1,F,SY,Quebec,St. Lawrence River,-72.3163578,40.876664,90.0,11/23/2016,2/21/2017,328,52,W,2016,2,1.0,W,W,WD,W,83,1,6.769090909,0.246575342,10.39944134,0.142857143,0.00172117,8
157873_1,WWSC,W,W3,1,F,SY,Quebec,St. Lawrence River,-70.10413327,40.86640976,74.95833333,2/26/2017,5/12/2017,57,132,W,2017,1,2.0,W,W,WD,W,83,1,6.769090909,0.205365297,10.39944134,0.142857143,0.00172117,8
157873_1,WWSC,S,S1,1,F,SY,Quebec,St. Lawrence River,-67.29075954,49.49746857,15.0,5/21/2017,6/5/2017,141,156,S,2017,16,1.0,S,W,SM,SM,83,1,6.769090909,0.04109589,10.39944134,0.142857143,0.00172117,15
157873_1,WWSC,S,S2,1,F,SY,Quebec,St. Lawrence River,-69.07810306,48.62955143,5.0,6/12/2017,6/17/2017,163,168,S,2017,16,16.0,S,S,SD,SM,83,1,6.769090909,0.01369863,10.39944134,0.142857143,0.00172117,13
157873_1,WWSC,B,B1,1,F,SY,Quebec,St. Lawrence River,-69.29670233,53.09076388,12.0,6/23/2017,7/5/2017,174,186,B,2017,20,16.0,B,S,SM,SM,83,1,6.769090909,0.032876712,10.39944134,0.142857143,0.00172117,18
157874_1,WWSC,W,W1,1,F,SY,Quebec,St. Lawrence River,-69.97455177,41.58207512,221.0,10/14/2016,5/23/2017,288,143,W,2016,1,16.0,W,F,WM,WM,83,1,6.769090909,0.605479452,10.39944134,0.2,0.002409639,8
157874_1,WWSC,S,S1,1,F,SY,Quebec,St. Lawrence River,-79.03696092,54.92281215,11.0,5/31/2017,6/11/2017,151,162,S,2017,23,1.0,S,W,SM,SM,83,1,6.769090909,0.030136986,10.39944134,0.2,0.002409639,19
157874_1,WWSC,B,B1,1,F,SY,Quebec,St. Lawrence River,-88.55717066,56.30957941,8.0,6/17/2017,6/25/2017,168,176,B,2017,29,23.0,B,S,SM,SM,83,1,6.769090909,0.021917808,10.39944134,0.2,0.002409639,23
157874_1,WWSC,B,B2,1,F,SY,Quebec,St. Lawrence River,-93.62127611,56.5074405,7.0,6/29/2017,7/6/2017,180,187,B,2017,18,29.0,B,B,BD,B,83,1,6.769090909,0.019178082,10.39944134,0.2,0.002409639,24
157875_1,WWSC,W,W1,1,F,SY,Quebec,St. Lawrence River,-70.16837031,41.08356688,140.0,11/6/2016,3/26/2017,311,85,W,2016,1,16.0,W,F,WM,WM,83,1,6.769090909,0.383561644,10.39944134,0.333333333,0.004016064,8
157875_1,WWSC,W,W2,1,F,SY,Quebec,St. Lawrence River,-69.70820601,40.81083844,23.0,1/20/2017,2/12/2017,20,43,W,2017,1,1.0,W,W,WD,W,83,1,6.769090909,0.063013699,10.39944134,0.333333333,0.004016064,8
37774_1,WWSC,M,M2,1,M,ASY,Quebec,St. Lawrence River,-63.27097866,46.4638816,74.04166667,9/10/2010,11/23/2010,253,327,F,2010,12,16.0,F,F,MD,WM,83,1,6.769090909,0.202853881,19.390625,0.0625,0.000753012,14
37774_1,WWSC,W,W1,1,M,ASY,Quebec,St. Lawrence River,-70.78580186,42.91235463,108.9583333,12/4/2010,3/23/2011,338,82,W,2010,6,12.0,W,F,WM,WM,83,1,6.769090909,0.298515982,19.390625,0.0625,0.000753012,9
37774_1,WWSC,S,S1,1,M,ASY,Quebec,St. Lawrence River,-65.22113318,44.99094479,14.0,3/31/2011,4/14/2011,90,104,S,2011,5,6.0,S,W,SM,SM,83,1,6.769090909,0.038356164,19.390625,0.0625,0.000753012,14
37774_1,WWSC,S,S2,1,M,ASY,Quebec,St. Lawrence River,-63.52823495,46.13332286,40.0,4/18/2011,5/28/2011,108,148,S,2011,12,5.0,S,S,SD,SM,83,1,6.769090909,0.109589041,19.390625,0.0625,0.000753012,14
37774_1,WWSC,S,S3,1,M,ASY,Quebec,St. Lawrence River,-65.68201427,47.88648432,14.0,6/1/2011,6/15/2011,152,166,S,2011,31,12.0,S,S,SD,SM,83,1,6.769090909,0.038356164,19.390625,0.0625,0.000753012,15
37774_1,WWSC,M,M1,2,M,ASY,Quebec,St. Lawrence River,-69.25261049,48.49188992,65.0,6/23/2011,8/27/2011,174,239,F,2011,16,31.0,F,S,SM,SM,83,1,6.769090909,0.178082192,19.390625,0.0625,0.000753012,13
37774_1,WWSC,M,M2,2,M,ASY,Quebec,St. Lawrence River,-63.23743109,46.45159229,75.04166667,9/5/2011,11/19/2011,248,323,F,2011,12,16.0,F,F,MD,WM,83,1,6.769090909,0.205593607,19.390625,0.0625,0.000753012,14
37774_1,WWSC,W,W1,2,M,ASY,Quebec,St. Lawrence River,-70.7976797,42.84128758,102.9583333,11/30/2011,3/12/2012,334,72,W,2011,6,12.0,W,F,WM,WM,83,1,6.769090909,0.282077626,19.390625,0.0625,0.000753012,9
37774_1,WWSC,S,S1,2,M,ASY,Quebec,St. Lawrence River,-63.42389615,44.6040704,25.0,3/22/2012,4/16/2012,82,107,S,2012,13,6.0,S,W,SM,SM,83,1,6.769090909,0.068493151,19.390625,0.0625,0.000753012,14
37774_1,WWSC,S,S2,2,M,ASY,Quebec,St. Lawrence River,-63.24327726,46.46156436,5.0,4/20/2012,4/25/2012,111,116,S,2012,12,13.0,S,S,SD,SM,83,1,6.769090909,0.01369863,19.390625,0.0625,0.000753012,14
37774_1,WWSC,S,S3,2,M,ASY,Quebec,St. Lawrence River,-64.66951324,50.2620619,3.0,5/6/2012,5/9/2012,127,130,S,2012,15,12.0,S,S,SD,SM,83,1,6.769090909,0.008219178,19.390625,0.0625,0.000753012,15
37774_1,WWSC,S,S4,2,M,ASY,Quebec,St. Lawrence River,-65.72618316,50.27038278,8.0,5/13/2012,5/21/2012,134,142,S,2012,15,15.0,S,S,SD,SM,83,1,6.769090909,0.021917808,19.390625,0.0625,0.000753012,15
37774_1,WWSC,M,M1,3,M,ASY,Quebec,St. Lawrence River,-68.79707176,48.84470884,90.0,5/30/2012,8/28/2012,151,241,F,2012,16,15.0,F,S,SM,SM,83,1,6.769090909,0.246575342,19.390625,0.0625,0.000753012,13
37774_1,WWSC,M,M2,3,M,ASY,Quebec,St. Lawrence River,-63.1936984,46.44609789,23.0,9/6/2012,9/29/2012,250,273,F,2012,12,16.0,F,F,MD,WM,83,1,6.769090909,0.063013699,19.390625,0.0625,0.000753012,14
37774_1,WWSC,M,M3,3,M,ASY,Quebec,St. Lawrence River,-64.93437824,47.06441837,21.0,10/3/2012,10/24/2012,277,298,F,2012,12,12.0,F,F,MD,WM,83,1,6.769090909,0.057534247,19.390625,0.0625,0.000753012,14
39116_1,WWSC,W,W1,1,M,ASY,Quebec,St. Lawrence River,-72.55675142,41.08115874,158.9583333,11/8/2010,4/16/2011,312,106,W,2010,2,16.0,W,F,WM,WM,83,1,6.769090909,0.435502283,19.390625,0.055555556,0.000669344,8
39116_1,WWSC,S,S1,1,M,ASY,Quebec,St. Lawrence River,-66.97440483,49.80225253,34.0,4/25/2011,5/29/2011,115,149,S,2011,15,2.0,S,W,SM,SM,83,1,6.769090909,0.093150685,19.390625,0.055555556,0.000669344,15
39116_1,WWSC,M,M1,2,M,ASY,Quebec,St. Lawrence River,-69.09426547,48.62865595,149.0,6/4/2011,10/31/2011,155,304,F,2011,16,15.0,F,S,SM,SM,83,1,6.769090909,0.408219178,19.390625,0.055555556,0.000669344,13
39116_1,WWSC,W,W1,2,M,ASY,Quebec,St. Lawrence River,-70.21789692,41.84949795,28.0,11/12/2011,12/10/2011,316,344,W,2011,1,16.0,W,F,WM,WM,83,1,6.769090909,0.076712329,19.390625,0.055555556,0.000669344,9
39116_1,WWSC,W,W2,2,M,ASY,Quebec,St. Lawrence River,-73.02062822,40.97874328,58.0,12/16/2011,2/12/2012,350,43,W,2011,2,1.0,W,W,WD,W,83,1,6.769090909,0.15890411,19.390625,0.055555556,0.000669344,8
39116_1,WWSC,W,W3,2,M,ASY,Quebec,St. Lawrence River,-72.65330668,41.07145887,82.95833333,2/13/2012,5/6/2012,44,127,W,2012,2,2.0,W,W,WD,W,83,1,6.769090909,0.227283105,19.390625,0.055555556,0.000669344,8
39116_1,WWSC,S,S1,2,M,ASY,Quebec,St. Lawrence River,-81.05290402,52.73050094,8.0,5/20/2012,5/28/2012,141,149,S,2012,14,2.0,S,W,SM,SM,83,1,6.769090909,0.021917808,19.390625,0.055555556,0.000669344,19
39116_1,WWSC,B,B1,2,M,ASY,Quebec,St. Lawrence River,-88.82944078,56.4854096,41.0,6/8/2012,7/19/2012,160,201,B,2012,29,14.0,B,S,SM,SM,83,1,6.769090909,0.112328767,19.390625,0.055555556,0.000669344,23
39116_1,WWSC,M,M1,3,M,ASY,Quebec,St. Lawrence River,-80.62090132,52.968449,63.0,7/29/2012,9/30/2012,211,274,F,2012,14,29.0,F,B,WM,WM,83,1,6.769090909,0.17260274,19.390625,0.055555556,0.000669344,19
39116_1,WWSC,W,W1,3,M,ASY,Quebec,St. Lawrence River,-70.13657731,41.85604614,33.04166667,10/31/2012,12/3/2012,305,338,W,2012,1,14.0,W,F,WM,WM,83,1,6.769090909,0.090525114,19.390625,0.055555556,0.000669344,9
39116_1,WWSC,W,W2,3,M,ASY,Quebec,St. Lawrence River,-72.57912705,41.038499,95.95833333,12/8/2012,3/14/2013,343,73,W,2012,2,1.0,W,W,WD,W,83,1,6.769090909,0.262899543,19.390625,0.055555556,0.000669344,8
39116_1,WWSC,W,W3,3,M,ASY,Quebec,St. Lawrence River,-72.95929218,40.98904053,42.0,3/15/2013,4/26/2013,74,116,W,2013,2,2.0,W,W,WD,W,83,1,6.769090909,0.115068493,19.390625,0.055555556,0.000669344,8
39116_1,WWSC,BM,St,3,M,ASY,Quebec,St. Lawrence River,-71.57001984,50.26091081,3.0,5/12/2013,5/15/2013,132,135,S,2013,20,2.0,S,W,SM,SM,83,1,6.769090909,0.008219178,19.390625,0.055555556,0.000669344,13
39116_1,WWSC,B,B1,3,M,ASY,Quebec,St. Lawrence River,-96.41256556,58.51387084,6.0,6/18/2013,6/24/2013,169,175,B,2013,18,20.0,B,S,SM,SM,83,1,6.769090909,0.016438356,19.390625,0.055555556,0.000669344,24
39116_1,WWSC,M,M1,4,M,ASY,Quebec,St. Lawrence River,-81.94890979,53.46148014,4.0,7/6/2013,7/10/2013,187,191,F,2013,30,18.0,F,B,WM,WM,83,1,6.769090909,0.010958904,19.390625,0.055555556,0.000669344,19
39116_1,WWSC,M,M2,4,M,ASY,Quebec,St. Lawrence River,-80.64993631,52.8681761,58.0,7/13/2013,9/9/2013,194,252,F,2013,14,30.0,F,F,MD,WM,83,1,6.769090909,0.15890411,19.390625,0.055555556,0.000669344,19
39116_1,WWSC,M,M3,4,M,ASY,Quebec,St. Lawrence River,-68.93761028,48.78702929,63.04166667,9/18/2013,11/20/2013,261,324,F,2013,16,14.0,F,F,MD,WM,83,1,6.769090909,0.172716895,19.390625,0.055555556,0.000669344,13
39120_1,WWSC,W,W1,1,F,SY,Quebec,St. Lawrence River,-73.87856925,40.52521833,142.9583333,12/2/2010,4/24/2011,336,114,W,2010,2,16.0,W,F,WM,WM,83,1,6.769090909,0.391666667,10.39944134,0.1,0.001204819,8
39120_1,WWSC,S,S1,1,F,SY,Quebec,St. Lawrence River,-70.89043224,41.29322836,11.0,5/1/2011,5/12/2011,121,132,S,2011,2,2.0,S,W,SM,SM,83,1,6.769090909,0.030136986,10.39944134,0.1,0.001204819,8
39120_1,WWSC,S,S2,1,F,SY,Quebec,St. Lawrence River,-68.70941835,44.21073438,37.0,5/18/2011,6/24/2011,138,175,S,2011,5,2.0,S,S,SD,SM,83,1,6.769090909,0.101369863,10.39944134,0.1,0.001204819,9
39120_1,WWSC,M,M1,2,F,SY,Quebec,St. Lawrence River,-69.05640198,48.68944135,118.0,6/28/2011,10/24/2011,179,297,F,2011,16,5.0,F,S,SM,SM,83,1,6.769090909,0.323287671,10.39944134,0.1,0.001204819,13
39120_1,WWSC,W,W1,2,F,SY,Quebec,St. Lawrence River,-71.87555759,41.10888623,152.0,11/1/2011,4/1/2012,305,92,W,2011,2,16.0,W,F,WM,WM,83,1,6.769090909,0.416438356,10.39944134,0.1,0.001204819,8
39120_1,WWSC,S,S1,2,F,SY,Quebec,St. Lawrence River,-69.76869876,40.77340585,36.0,4/5/2012,5/11/2012,96,132,S,2012,1,2.0,S,W,SM,SM,83,1,6.769090909,0.098630137,10.39944134,0.1,0.001204819,8
39120_1,WWSC,BM,St,2,F,SY,Quebec,St. Lawrence River,-73.23863807,48.83645178,1.0,5/21/2012,5/22/2012,142,143,S,2012,20,1.0,S,S,SD,SM,83,1,6.769090909,0.002739726,10.39944134,0.1,0.001204819,13
39120_1,WWSC,B,B1,2,F,SY,Quebec,St. Lawrence River,-125.5844718,66.39752418,77.0,7/1/2012,9/16/2012,183,260,B,2012,28,20.0,B,S,SM,SM,83,1,6.769090909,0.210958904,10.39944134,0.1,0.001204819,3
39120_1,WWSC,W,W1,3,F,SY,Quebec,St. Lawrence River,-70.18278686,41.15709159,127.0416667,10/28/2012,3/4/2013,302,63,W,2012,1,28.0,W,B,WM,WM,83,1,6.769090909,0.348059361,10.39944134,0.1,0.001204819,8
39124_1,WWSC,W,W1,1,M,ASY,Quebec,St. Lawrence River,-70.03822244,41.38527216,100.0416667,10/13/2010,1/21/2011,286,21,W,2010,1,16.0,W,F,WM,WM,83,1,6.769090909,0.274086758,19.390625,0.083333333,0.001004016,8
39124_1,WWSC,W,W2,1,M,ASY,Quebec,St. Lawrence River,-71.97609203,41.04144099,45.0,1/27/2011,3/13/2011,27,72,W,2011,2,1.0,W,W,WD,W,83,1,6.769090909,0.123287671,19.390625,0.083333333,0.001004016,8
39124_1,WWSC,W,W3,1,M,ASY,Quebec,St. Lawrence River,-70.16028044,41.11637965,54.0,3/17/2011,5/10/2011,76,130,W,2011,1,2.0,W,W,WD,W,83,1,6.769090909,0.147945205,19.390625,0.083333333,0.001004016,8
39124_1,WWSC,S,S1,1,M,ASY,Quebec,St. Lawrence River,-68.93300044,48.76121289,9.0,5/20/2011,5/29/2011,140,149,S,2011,16,1.0,S,W,SM,SM,83,1,6.769090909,0.024657534,19.390625,0.083333333,0.001004016,13
39124_1,WWSC,M,M1,2,M,ASY,Quebec,St. Lawrence River,-82.28231753,54.28291891,48.0,7/1/2011,8/18/2011,182,230,F,2011,30,16.0,F,S,SM,SM,83,1,6.769090909,0.131506849,19.390625,0.083333333,0.001004016,19
39124_1,WWSC,M,M2,2,M,ASY,Quebec,St. Lawrence River,-80.18120004,51.75864738,7.0,8/31/2011,9/7/2011,243,250,F,2011,14,30.0,F,F,MD,WM,83,1,6.769090909,0.019178082,19.390625,0.083333333,0.001004016,19
39124_1,WWSC,W,W1,2,M,ASY,Quebec,St. Lawrence River,-69.99148975,41.38208377,157.9583333,11/17/2011,4/23/2012,321,114,W,2011,1,14.0,W,F,WM,WM,83,1,6.769090909,0.432762557,19.390625,0.083333333,0.001004016,8
39124_1,WWSC,S,S1,2,M,ASY,Quebec,St. Lawrence River,-70.14282557,40.62715649,0.0,5/12/2012,5/12/2012,133,133,S,2012,1,1.0,S,W,SM,SM,83,1,6.769090909,0.0,19.390625,0.083333333,0.001004016,8
39124_1,WWSC,M,M1,3,M,ASY,Quebec,St. Lawrence River,-80.37958369,53.71978102,50.0,7/19/2012,9/7/2012,201,251,F,2012,23,1.0,F,S,SM,SM,83,1,6.769090909,0.136986301,19.390625,0.083333333,0.001004016,19
39124_1,WWSC,W,W1,3,M,ASY,Quebec,St. Lawrence River,-70.16462841,42.82678389,137.9583333,11/19/2012,4/6/2013,324,96,W,2012,6,23.0,W,F,WM,WM,83,1,6.769090909,0.377968037,19.390625,0.083333333,0.001004016,9
39124_1,WWSC,S,S1,3,M,ASY,Quebec,St. Lawrence River,-69.27094392,45.32780122,0.0,6/6/2013,6/6/2013,157,157,S,2013,5,6.0,S,W,SM,SM,83,1,6.769090909,0.0,19.390625,0.083333333,0.001004016,9
39125_1,WWSC,W,W1,1,M,ASY,Quebec,St. Lawrence River,-70.94465633,42.4168831,155.0,10/27/2010,3/31/2011,300,90,W,2010,6,16.0,W,F,WM,WM,83,1,6.769090909,0.424657534,19.390625,0.111111111,0.001338688,9
39125_1,WWSC,W,W2,1,M,ASY,Quebec,St. Lawrence River,-70.5888269,41.83187366,18.0,4/7/2011,4/25/2011,97,115,W,2011,1,6.0,W,W,WD,W,83,1,6.769090909,0.049315068,19.390625,0.111111111,0.001338688,9
39125_1,WWSC,S,S1,1,M,ASY,Quebec,St. Lawrence River,-68.29110087,49.05735519,21.0,5/13/2011,6/3/2011,133,154,S,2011,16,1.0,S,W,SM,SM,83,1,6.769090909,0.057534247,19.390625,0.111111111,0.001338688,13
39125_1,WWSC,M,M1,2,M,ASY,Quebec,St. Lawrence River,-69.18285093,48.54245666,97.0,6/7/2011,9/12/2011,158,255,F,2011,16,16.0,F,S,SM,SM,83,1,6.769090909,0.265753425,19.390625,0.111111111,0.001338688,13
39125_1,WWSC,W,W1,2,M,ASY,Quebec,St. Lawrence River,-70.42317179,42.73416278,205.0,10/6/2011,4/28/2012,279,119,W,2011,6,16.0,W,F,WM,WM,83,1,6.769090909,0.561643836,19.390625,0.111111111,0.001338688,9
39125_1,WWSC,S,S1,2,M,ASY,Quebec,St. Lawrence River,-64.7756825,50.23858341,32.0,5/9/2012,6/10/2012,130,162,S,2012,15,6.0,S,W,SM,SM,83,1,6.769090909,0.087671233,19.390625,0.111111111,0.001338688,15
39125_1,WWSC,M,M1,3,M,ASY,Quebec,St. Lawrence River,-68.96461731,48.37905085,90.0,6/27/2012,9/25/2012,179,269,F,2012,16,15.0,F,S,SM,SM,83,1,6.769090909,0.246575342,19.390625,0.111111111,0.001338688,13
39125_1,WWSC,W,W1,3,M,ASY,Quebec,St. Lawrence River,-70.99927595,42.41402811,144.0,11/1/2012,3/25/2013,306,84,W,2012,6,16.0,W,F,WM,WM,83,1,6.769090909,0.394520548,19.390625,0.111111111,0.001338688,9
39158_1,WWSC,W,W1,1,F,SY,Quebec,St. Lawrence River,-71.55184843,41.14646388,15.04166667,11/5/2010,11/20/2010,309,324,W,2010,2,16.0,W,F,WM,WM,83,1,6.769090909,0.041210046,10.39944134,0.083333333,0.001004016,8
39158_1,WWSC,W,W2,1,F,SY,Quebec,St. Lawrence River,-73.18518494,40.62573031,87.0,11/24/2010,2/19/2011,328,50,W,2010,2,2.0,W,W,WD,W,83,1,6.769090909,0.238356164,10.39944134,0.083333333,0.001004016,8
39158_1,WWSC,W,W3,1,F,SY,Quebec,St. Lawrence River,-71.74184803,41.00253084,37.95833333,2/20/2011,3/30/2011,51,89,W,2011,2,2.0,W,W,WD,W,83,1,6.769090909,0.103995434,10.39944134,0.083333333,0.001004016,8
39158_1,WWSC,S,S1,1,F,SY,Quebec,St. Lawrence River,-70.46812893,41.23129895,37.0,4/8/2011,5/15/2011,98,135,S,2011,1,2.0,S,W,SM,SM,83,1,6.769090909,0.101369863,10.39944134,0.083333333,0.001004016,8
39158_1,WWSC,BM,St,1,F,SY,Quebec,St. Lawrence River,-68.58916374,44.55229117,3.0,5/20/2011,5/23/2011,140,143,S,2011,5,1.0,S,S,SD,SM,83,1,6.769090909,0.008219178,10.39944134,0.083333333,0.001004016,9
39158_1,WWSC,M,M1,2,F,SY,Quebec,St. Lawrence River,-69.09839293,48.50620322,143.0,6/8/2011,10/29/2011,159,302,F,2011,16,5.0,F,S,SM,SM,83,1,6.769090909,0.391780822,10.39944134,0.083333333,0.001004016,13
39158_1,WWSC,W,W1,2,F,SY,Quebec,St. Lawrence River,-72.1534513,41.07482432,166.0,10/30/2011,4/13/2012,303,104,W,2011,2,16.0,W,F,WM,WM,83,1,6.769090909,0.454794521,10.39944134,0.083333333,0.001004016,8
39158_1,WWSC,S,S1,2,F,SY,Quebec,St. Lawrence River,-69.72787155,40.80047989,13.0,4/17/2012,4/30/2012,108,121,S,2012,1,2.0,S,W,SM,SM,83,1,6.769090909,0.035616438,10.39944134,0.083333333,0.001004016,8
39158_1,WWSC,B,B1,2,F,SY,Quebec,St. Lawrence River,-112.9384027,62.12452953,50.0,6/7/2012,7/27/2012,159,209,B,2012,24,1.0,B,S,SM,SM,83,1,6.769090909,0.136986301,10.39944134,0.083333333,0.001004016,4
39158_1,WWSC,M,M1,3,F,SY,Quebec,St. Lawrence River,-68.96271478,48.74064338,74.04166667,9/9/2012,11/22/2012,253,327,F,2012,16,24.0,F,B,WM,WM,83,1,6.769090909,0.202853881,10.39944134,0.083333333,0.001004016,13
39158_1,WWSC,W,W1,3,F,SY,Quebec,St. Lawrence River,-70.1146327,41.04478864,147.9583333,11/30/2012,4/27/2013,335,117,W,2012,1,16.0,W,F,WM,WM,83,1,6.769090909,0.405365297,10.39944134,0.083333333,0.001004016,8
39173_1,WWSC,W,W1,1,M,ASY,Quebec,St. Lawrence River,-70.26251413,41.14703453,184.9583333,11/12/2010,5/16/2011,316,136,W,2010,1,16.0,W,F,WM,WM,83,1,6.769090909,0.50673516,19.390625,0.142857143,0.00172117,8
39173_1,WWSC,S,S1,1,M,ASY,Quebec,St. Lawrence River,-68.17412869,49.07727379,16.0,5/26/2011,6/11/2011,146,162,S,2011,16,1.0,S,W,SM,SM,83,1,6.769090909,0.043835616,19.390625,0.142857143,0.00172117,15
39173_1,WWSC,M,M1,2,M,ASY,Quebec,St. Lawrence River,-69.22304964,48.50774921,61.0,6/19/2011,8/19/2011,170,231,F,2011,16,16.0,F,S,SM,SM,83,1,6.769090909,0.167123288,19.390625,0.142857143,0.00172117,13
39173_1,WWSC,M,M2,2,M,ASY,Quebec,St. Lawrence River,-68.97497788,48.31409638,38.0,8/26/2011,10/3/2011,238,276,F,2011,16,16.0,F,F,MD,WM,83,1,6.769090909,0.104109589,19.390625,0.142857143,0.00172117,13
39173_1,WWSC,W,W1,2,M,ASY,Quebec,St. Lawrence River,-70.40888908,41.34930218,16.0,10/12/2011,10/28/2011,285,301,W,2011,1,16.0,W,F,WM,WM,83,1,6.769090909,0.043835616,19.390625,0.142857143,0.00172117,8
39173_1,WWSC,W,W2,2,M,ASY,Quebec,St. Lawrence River,-71.31674364,41.35541287,53.0,11/11/2011,1/3/2012,315,3,W,2011,2,1.0,W,W,WD,W,83,1,6.769090909,0.145205479,19.390625,0.142857143,0.00172117,8
39180_1,WWSC,W,W1,1,M,ASY,Quebec,St. Lawrence River,-77.34321398,43.89567355,15.04166667,11/6/2010,11/21/2010,310,325,W,2010,10,16.0,W,F,WM,WM,83,1,6.769090909,0.041210046,19.390625,0.071428571,0.000860585,12
39180_1,WWSC,W,W2,1,M,ASY,Quebec,St. Lawrence River,-79.65201849,43.25861706,108.0,11/25/2010,3/13/2011,329,72,W,2010,9,10.0,W,W,WD,W,83,1,6.769090909,0.295890411,19.390625,0.071428571,0.000860585,12
39180_1,WWSC,S,S1,1,M,ASY,Quebec,St. Lawrence River,-76.87972741,43.96545328,71.0,3/17/2011,5/27/2011,76,147,S,2011,10,9.0,S,W,SM,SM,83,1,6.769090909,0.194520548,19.390625,0.071428571,0.000860585,12
39180_1,WWSC,M,M1,2,M,ASY,Quebec,St. Lawrence River,-69.1514549,48.58823191,105.0,6/3/2011,9/16/2011,154,259,F,2011,16,10.0,F,S,SM,SM,83,1,6.769090909,0.287671233,19.390625,0.071428571,0.000860585,13
39180_1,WWSC,W,W1,2,M,ASY,Quebec,St. Lawrence River,-77.61495709,43.94279694,56.04166667,9/23/2011,11/18/2011,266,322,W,2011,10,16.0,W,F,WM,WM,83,1,6.769090909,0.153538813,19.390625,0.071428571,0.000860585,12
39180_1,WWSC,W,W2,2,M,ASY,Quebec,St. Lawrence River,-79.66550492,43.26762821,178.0,10/18/2011,4/13/2012,291,104,W,2011,9,10.0,W,W,WD,W,83,1,6.769090909,0.487671233,19.390625,0.071428571,0.000860585,12
39180_1,WWSC,W,W3,2,M,ASY,Quebec,St. Lawrence River,-76.86422247,44.01595838,0.0,4/23/2012,4/23/2012,114,114,W,2012,10,9.0,W,W,WD,W,83,1,6.769090909,0.0,19.390625,0.071428571,0.000860585,12
39180_1,WWSC,S,S1,2,M,ASY,Quebec,St. Lawrence River,-76.77925715,43.94375068,16.0,4/24/2012,5/10/2012,115,131,S,2012,10,10.0,S,W,SM,SM,83,1,6.769090909,0.043835616,19.390625,0.071428571,0.000860585,12
39180_1,WWSC,M,M1,3,M,ASY,Quebec,St. Lawrence River,-69.01611736,48.68928144,128.0,5/18/2012,9/23/2012,139,267,F,2012,16,10.0,F,S,SM,SM,83,1,6.769090909,0.350684932,19.390625,0.071428571,0.000860585,13
39180_1,WWSC,WM,St,3,M,ASY,Quebec,St. Lawrence River,-78.39497042,43.54002474,1.0,10/3/2012,10/4/2012,277,278,F,2012,10,16.0,F,F,MD,WM,83,1,6.769090909,0.002739726,19.390625,0.071428571,0.000860585,12
39180_1,WWSC,W,W1,3,M,ASY,Quebec,St. Lawrence River,-79.66762454,43.26017832,141.0416667,10/12/2012,3/2/2013,286,61,W,2012,9,10.0,W,F,WM,WM,83,1,6.769090909,0.386415525,19.390625,0.071428571,0.000860585,12
39180_1,WWSC,S,S1,3,M,ASY,Quebec,St. Lawrence River,-76.8762024,43.97075379,42.0,3/16/2013,4/27/2013,75,117,S,2013,10,9.0,S,W,SM,SM,83,1,6.769090909,0.115068493,19.390625,0.071428571,0.000860585,12
39180_1,WWSC,M,M1,4,M,ASY,Quebec,St. Lawrence River,-69.01389215,48.69845484,4.0,5/19/2013,5/23/2013,139,143,F,2013,16,10.0,F,S,SM,SM,83,1,6.769090909,0.010958904,19.390625,0.071428571,0.000860585,13
39274_1,WWSC,W,W1,1,M,ASY,Quebec,St. Lawrence River,-70.9706026,42.42466857,24.04166667,11/5/2010,11/29/2010,309,333,W,2010,6,16.0,W,F,WM,WM,83,1,6.769090909,0.06586758,19.390625,0.066666667,0.000803213,9
39274_1,WWSC,W,W2,1,M,ASY,Quebec,St. Lawrence River,-70.10568606,41.78850546,92.0,12/3/2010,3/5/2011,337,64,W,2010,1,6.0,W,W,WD,W,83,1,6.769090909,0.252054795,19.390625,0.066666667,0.000803213,9
39274_1,WWSC,W,W3,1,M,ASY,Quebec,St. Lawrence River,-70.93317623,42.6347056,84.95833333,3/9/2011,6/2/2011,68,153,W,2011,6,1.0,W,W,WD,W,83,1,6.769090909,0.232762557,19.390625,0.066666667,0.000803213,9
39274_1,WWSC,M,M1,2,M,ASY,Quebec,St. Lawrence River,-69.14423884,48.60343085,165.0416667,6/6/2011,11/18/2011,157,322,F,2011,16,6.0,F,W,SM,SM,83,1,6.769090909,0.45216895,19.390625,0.066666667,0.000803213,13
39274_1,WWSC,W,W1,2,M,ASY,Quebec,St. Lawrence River,-70.00635758,41.55690562,140.9583333,11/23/2011,4/12/2012,327,103,W,2011,1,16.0,W,F,WM,WM,83,1,6.769090909,0.386187215,19.390625,0.066666667,0.000803213,8
39274_1,WWSC,S,S1,2,M,ASY,Quebec,St. Lawrence River,-65.77635415,47.93558554,18.0,4/22/2012,5/10/2012,113,131,S,2012,31,1.0,S,W,SM,SM,83,1,6.769090909,0.049315068,19.390625,0.066666667,0.000803213,15
39274_1,WWSC,B,B1,2,M,ASY,Quebec,St. Lawrence River,-79.07500744,55.92094852,72.0,7/5/2012,9/15/2012,187,259,B,2012,19,31.0,B,S,SM,SM,83,1,6.769090909,0.197260274,19.390625,0.066666667,0.000803213,22
39274_1,WWSC,M,M1,3,M,ASY,Quebec,St. Lawrence River,-68.99446103,48.72365136,34.0,9/29/2012,11/2/2012,273,307,F,2012,16,19.0,F,B,WM,WM,83,1,6.769090909,0.093150685,19.390625,0.066666667,0.000803213,13
39274_1,WWSC,W,W1,3,M,ASY,Quebec,St. Lawrence River,-70.34832494,41.29176744,28.0,11/12/2012,12/10/2012,317,345,W,2012,1,16.0,W,F,WM,WM,83,1,6.769090909,0.076712329,19.390625,0.066666667,0.000803213,8
39274_1,WWSC,W,W2,3,M,ASY,Quebec,St. Lawrence River,-73.00058532,40.687502,22.0,12/18/2012,1/9/2013,353,9,W,2012,2,1.0,W,W,WD,W,83,1,6.769090909,0.060273973,19.390625,0.066666667,0.000803213,8
39274_1,WWSC,W,W3,3,M,ASY,Quebec,St. Lawrence River,-71.75362749,41.00290623,65.95833333,1/13/2013,3/20/2013,13,79,W,2013,2,2.0,W,W,WD,W,83,1,6.769090909,0.180707763,19.390625,0.066666667,0.000803213,8
39274_1,WWSC,S,S1,3,M,ASY,Quebec,St. Lawrence River,-70.2497796,41.13487719,12.0,3/26/2013,4/7/2013,85,97,S,2013,1,2.0,S,W,SM,SM,83,1,6.769090909,0.032876712,19.390625,0.066666667,0.000803213,8
39274_1,WWSC,B,B1,3,M,ASY,Quebec,St. Lawrence River,-85.63074782,53.62910851,24.0,6/3/2013,6/27/2013,154,178,B,2013,29,1.0,B,S,SM,SM,83,1,6.769090909,0.065753425,19.390625,0.066666667,0.000803213,23
39274_1,WWSC,M,M1,4,M,ASY,Quebec,St. Lawrence River,-79.12064094,52.53805244,10.0,8/18/2013,8/28/2013,230,240,F,2013,14,29.0,F,B,WM,WM,83,1,6.769090909,0.02739726,19.390625,0.066666667,0.000803213,19
39278_1,WWSC,M,M2,1,M,ASY,Quebec,St. Lawrence River,-69.22015734,48.51584523,91.04166667,9/6/2010,12/6/2010,249,340,F,2010,16,16.0,F,F,MD,WM,83,1,6.769090909,0.249429224,19.390625,0.333333333,0.004016064,13
39278_1,WWSC,W,W1,1,M,ASY,Quebec,St. Lawrence River,-65.3981603,49.24526016,23.0,12/25/2010,1/17/2011,359,17,W,2010,12,16.0,W,F,WM,WM,83,1,6.769090909,0.063013699,19.390625,0.333333333,0.004016064,15
39768_1,WWSC,W,W1,1,M,ASY,Quebec,St. Lawrence River,-77.26011898,43.85158238,13.04166667,11/7/2010,11/20/2010,311,324,W,2010,10,16.0,W,F,WM,WM,83,1,6.769090909,0.035730594,19.390625,0.04,0.000481928,12
39768_1,WWSC,W,W2,1,M,ASY,Quebec,St. Lawrence River,-79.25578191,43.28774508,42.0,11/23/2010,1/4/2011,327,4,W,2010,9,10.0,W,W,WD,W,83,1,6.769090909,0.115068493,19.390625,0.04,0.000481928,12
39768_1,WWSC,W,W3,1,M,ASY,Quebec,St. Lawrence River,-72.25257451,41.12233665,93.95833333,1/8/2011,4/12/2011,8,102,W,2011,2,9.0,W,W,WD,W,83,1,6.769090909,0.257420091,19.390625,0.04,0.000481928,8
39768_1,WWSC,S,S1,1,M,ASY,Quebec,St. Lawrence River,-76.89142264,43.97394096,32.0,4/19/2011,5/21/2011,109,141,S,2011,10,2.0,S,W,SM,SM,83,1,6.769090909,0.087671233,19.390625,0.04,0.000481928,12
39768_1,WWSC,S,S2,1,M,ASY,Quebec,St. Lawrence River,-69.05327997,48.72036172,18.0,6/1/2011,6/19/2011,152,170,S,2011,16,10.0,S,S,SD,SM,83,1,6.769090909,0.049315068,19.390625,0.04,0.000481928,13
39768_1,WWSC,M,M1,2,M,ASY,Quebec,St. Lawrence River,-59.46507597,50.49356885,7.0,6/29/2011,7/6/2011,180,187,F,2011,17,16.0,F,S,SM,SM,83,1,6.769090909,0.019178082,19.390625,0.04,0.000481928,15
39768_1,WWSC,M,M2,2,M,ASY,Quebec,St. Lawrence River,-60.36829242,55.6531877,78.0,7/12/2011,9/28/2011,193,271,F,2011,17,17.0,F,F,MD,WM,83,1,6.769090909,0.21369863,19.390625,0.04,0.000481928,16
39768_1,WWSC,M,M3,2,M,ASY,Quebec,St. Lawrence River,-68.98723946,48.74301332,17.0,10/9/2011,10/26/2011,282,299,F,2011,16,17.0,F,F,MD,WM,83,1,6.769090909,0.046575342,19.390625,0.04,0.000481928,13
39768_1,WWSC,W,W1,2,M,ASY,Quebec,St. Lawrence River,-79.62943649,43.26318509,23.04166667,11/5/2011,11/28/2011,309,332,W,2011,9,16.0,W,F,WM,WM,83,1,6.769090909,0.063127854,19.390625,0.04,0.000481928,12
39768_1,WWSC,W,W2,2,M,ASY,Quebec,St. Lawrence River,-72.14568687,41.08299842,130.9583333,12/5/2011,4/14/2012,339,105,W,2011,2,9.0,W,W,WD,W,83,1,6.769090909,0.358789954,19.390625,0.04,0.000481928,8
39768_1,WWSC,S,S1,2,M,ASY,Quebec,St. Lawrence River,-76.97289833,43.93293178,18.0,4/21/2012,5/9/2012,112,130,S,2012,10,2.0,S,W,SM,SM,83,1,6.769090909,0.049315068,19.390625,0.04,0.000481928,12
39768_1,WWSC,B,B1,2,M,ASY,Quebec,St. Lawrence River,-110.0215139,61.65635836,14.0,5/28/2012,6/11/2012,149,163,B,2012,24,10.0,B,S,SM,SM,83,1,6.769090909,0.038356164,19.390625,0.04,0.000481928,4
39768_1,WWSC,M,M1,3,M,ASY,Quebec,St. Lawrence River,-100.4654211,58.73414255,5.0,7/1/2012,7/6/2012,183,188,F,2012,21,24.0,F,B,WM,WM,83,1,6.769090909,0.01369863,19.390625,0.04,0.000481928,24
39768_1,WWSC,M,M2,3,M,ASY,Quebec,St. Lawrence River,-101.4214783,57.51309388,23.0,7/10/2012,8/2/2012,192,215,F,2012,21,21.0,F,F,MD,WM,83,1,6.769090909,0.063013699,19.390625,0.04,0.000481928,24
39768_1,WWSC,M,M3,3,M,ASY,Quebec,St. Lawrence River,-96.37096676,56.980976,15.0,8/6/2012,8/21/2012,219,234,F,2012,18,21.0,F,F,MD,WM,83,1,6.769090909,0.04109589,19.390625,0.04,0.000481928,24
39768_1,WWSC,M,M4,3,M,ASY,Quebec,St. Lawrence River,-79.53160134,54.30652614,9.0,8/29/2012,9/7/2012,242,251,F,2012,23,18.0,F,F,MD,WM,83,1,6.769090909,0.024657534,19.390625,0.04,0.000481928,19
39768_1,WWSC,M,M5,3,M,ASY,Quebec,St. Lawrence River,-68.8894014,48.8005288,67.04166667,9/15/2012,11/21/2012,259,326,F,2012,16,23.0,F,F,MD,WM,83,1,6.769090909,0.183675799,19.390625,0.04,0.000481928,13
39768_1,WWSC,WM,St,3,M,ASY,Quebec,St. Lawrence River,-69.80739458,41.3482633,4.0,11/29/2012,12/3/2012,334,338,F,2012,1,16.0,F,F,MD,WM,83,1,6.769090909,0.010958904,19.390625,0.04,0.000481928,8
39768_1,WWSC,W,W1,3,M,ASY,Quebec,St. Lawrence River,-72.83527425,40.77057322,21.0,12/8/2012,12/29/2012,343,364,W,2012,2,1.0,W,F,WM,WM,83,1,6.769090909,0.057534247,19.390625,0.04,0.000481928,8
39768_1,WWSC,W,W2,3,M,ASY,Quebec,St. Lawrence River,-72.16446371,41.08538211,103.9583333,12/30/2012,4/13/2013,365,103,W,2012,2,2.0,W,W,WD,W,83,1,6.769090909,0.284817352,19.390625,0.04,0.000481928,8
39768_1,WWSC,S,S1,3,M,ASY,Quebec,St. Lawrence River,-76.87219269,43.96344741,25.0,4/18/2013,5/13/2013,108,133,S,2013,10,2.0,S,W,SM,SM,83,1,6.769090909,0.068493151,19.390625,0.04,0.000481928,12
39768_1,WWSC,BM,St,3,M,ASY,Quebec,St. Lawrence River,-89.73195202,53.87028605,3.0,5/28/2013,5/31/2013,148,151,S,2013,29,10.0,S,S,SD,SM,83,1,6.769090909,0.008219178,19.390625,0.04,0.000481928,23
39768_1,WWSC,B,B1,3,M,ASY,Quebec,St. Lawrence River,-91.81779126,55.95159941,10.0,6/6/2013,6/16/2013,157,167,B,2013,29,29.0,B,S,SM,SM,83,1,6.769090909,0.02739726,19.390625,0.04,0.000481928,23
39768_1,WWSC,M,M1,4,M,ASY,Quebec,St. Lawrence River,-79.4413314,56.40034412,35.0,6/26/2013,7/31/2013,177,212,F,2013,23,29.0,F,B,WM,WM,83,1,6.769090909,0.095890411,19.390625,0.04,0.000481928,22
39839_1,WWSC,M,M2,1,F,SY,Quebec,St. Lawrence River,-68.7928255,48.86847172,40.0,9/19/2010,10/29/2010,262,302,F,2010,16,16.0,F,F,MD,WM,83,1,6.769090909,0.109589041,10.39944134,0.2,0.002409639,13
39839_1,WWSC,WM,St,1,F,SY,Quebec,St. Lawrence River,-71.52496505,41.24326312,2.0,11/5/2010,11/7/2010,309,311,F,2010,2,16.0,F,F,MD,WM,83,1,6.769090909,0.005479452,10.39944134,0.2,0.002409639,8
39839_1,WWSC,W,W1,1,F,SY,Quebec,St. Lawrence River,-72.84877059,41.21311544,174.9583333,11/11/2010,5/5/2011,315,125,W,2010,2,2.0,W,F,WM,WM,83,1,6.769090909,0.4793379,10.39944134,0.2,0.002409639,8
39839_1,WWSC,S,S1,1,F,SY,Quebec,St. Lawrence River,-70.8903465,42.44100952,19.0,5/9/2011,5/28/2011,129,148,S,2011,6,2.0,S,W,SM,SM,83,1,6.769090909,0.052054795,10.39944134,0.2,0.002409639,9
40128_1,WWSC,W,W1,1,M,ASY,Quebec,St. Lawrence River,-62.93918158,46.42487253,18.0,11/17/2010,12/5/2010,321,339,W,2010,12,16.0,W,F,WM,WM,83,1,6.769090909,0.049315068,19.390625,0.076923077,0.000926784,14
40128_1,WWSC,W,W2,1,M,ASY,Quebec,St. Lawrence River,-58.77676999,48.46970105,168.9583333,12/10/2010,5/28/2011,344,148,W,2010,17,12.0,W,W,WD,W,83,1,6.769090909,0.462899543,19.390625,0.076923077,0.000926784,15
40128_1,WWSC,SM,St,1,M,ASY,Quebec,St. Lawrence River,-59.15502022,50.60004752,0.0,6/2/2011,6/2/2011,153,153,S,2011,17,17.0,S,W,SM,SM,83,1,6.769090909,0.0,19.390625,0.076923077,0.000926784,15
40128_1,WWSC,S,S1,1,M,ASY,Quebec,St. Lawrence River,-62.43513067,50.156831,28.0,6/8/2011,7/6/2011,159,187,S,2011,15,17.0,S,S,SD,SM,83,1,6.769090909,0.076712329,19.390625,0.076923077,0.000926784,15
40128_1,WWSC,M,M1,2,M,ASY,Quebec,St. Lawrence River,-68.90237634,48.32818405,68.0,7/14/2011,9/20/2011,195,263,F,2011,16,15.0,F,S,SM,SM,83,1,6.769090909,0.18630137,19.390625,0.076923077,0.000926784,13
40128_1,WWSC,W,W1,2,M,ASY,Quebec,St. Lawrence River,-63.74850967,46.48057234,82.04166667,9/28/2011,12/19/2011,271,353,W,2011,12,16.0,W,F,WM,WM,83,1,6.769090909,0.224771689,19.390625,0.076923077,0.000926784,14
40128_1,WWSC,W,W2,2,M,ASY,Quebec,St. Lawrence River,-59.36318312,47.68195936,16.0,12/31/2011,1/16/2012,365,16,W,2011,17,12.0,W,W,WD,W,83,1,6.769090909,0.043835616,19.390625,0.076923077,0.000926784,15
40128_1,WWSC,W,W3,2,M,ASY,Quebec,St. Lawrence River,-58.79413918,48.4577999,86.95833333,1/20/2012,4/16/2012,20,107,W,2012,17,17.0,W,W,WD,W,83,1,6.769090909,0.238242009,19.390625,0.076923077,0.000926784,15
40128_1,WWSC,S,S1,2,M,ASY,Quebec,St. Lawrence River,-63.68353165,46.44692838,20.0,4/24/2012,5/14/2012,115,135,S,2012,12,17.0,S,W,SM,SM,83,1,6.769090909,0.054794521,19.390625,0.076923077,0.000926784,14
40128_1,WWSC,BM,St,2,M,ASY,Quebec,St. Lawrence River,-69.76382963,51.68797604,20.0,5/20/2012,6/9/2012,141,161,S,2012,20,12.0,S,S,SD,SM,83,1,6.769090909,0.054794521,19.390625,0.076923077,0.000926784,13
40128_1,WWSC,M,M1,3,M,ASY,Quebec,St. Lawrence River,-78.66795716,58.91384286,75.0,6/29/2012,9/12/2012,181,256,F,2012,19,20.0,F,S,SM,SM,83,1,6.769090909,0.205479452,19.390625,0.076923077,0.000926784,22
40128_1,WWSC,W,W1,3,M,ASY,Quebec,St. Lawrence River,-63.89559784,46.42887834,23.0,9/28/2012,10/21/2012,272,295,W,2012,12,19.0,W,F,WM,WM,83,1,6.769090909,0.063013699,19.390625,0.076923077,0.000926784,14
94771_1,WWSC,W,W1,1,M,ASY,Quebec,St. Lawrence River,-70.11726651,41.09795105,161.9583333,12/1/2012,5/12/2013,336,132,W,2012,1,16.0,W,F,WM,WM,83,1,6.769090909,0.443721461,19.390625,0.142857143,0.00172117,8
94771_1,WWSC,S,S1,1,M,ASY,Quebec,St. Lawrence River,-64.30659763,48.51342505,8.0,5/20/2013,5/28/2013,140,148,S,2013,12,1.0,S,W,SM,SM,83,1,6.769090909,0.021917808,19.390625,0.142857143,0.00172117,15
94771_1,WWSC,M,M1,2,M,ASY,Quebec,St. Lawrence River,-68.74160605,48.81359975,6.0,6/7/2013,6/13/2013,158,164,F,2013,16,12.0,F,S,SM,SM,83,1,6.769090909,0.016438356,19.390625,0.142857143,0.00172117,13
94771_1,WWSC,M,M2,2,M,ASY,Quebec,St. Lawrence River,-66.57685367,50.12022427,8.0,6/17/2013,6/25/2013,168,176,F,2013,15,16.0,F,F,MD,WM,83,1,6.769090909,0.021917808,19.390625,0.142857143,0.00172117,15
94771_1,WWSC,M,M3,2,M,ASY,Quebec,St. Lawrence River,-69.05197931,48.25402069,100.0,6/30/2013,10/8/2013,181,281,F,2013,16,15.0,F,F,MD,WM,83,1,6.769090909,0.273972603,19.390625,0.142857143,0.00172117,13
94771_1,WWSC,W,W1,2,M,ASY,Quebec,St. Lawrence River,-70.04322965,41.15528962,35.04166667,10/14/2013,11/18/2013,287,322,W,2013,1,16.0,W,F,WM,WM,83,1,6.769090909,0.096004566,19.390625,0.142857143,0.00172117,8
94772_1,WWSC,W,W1,1,M,ASY,Quebec,St. Lawrence River,-72.78607415,40.70632983,116.9583333,11/23/2012,3/20/2013,328,79,W,2012,2,16.0,W,F,WM,WM,83,1,6.769090909,0.32043379,19.390625,0.25,0.003012048,8
94772_1,WWSC,S,S1,1,M,ASY,Quebec,St. Lawrence River,-70.14234875,40.96480847,40.0,3/26/2013,5/5/2013,85,125,S,2013,1,2.0,S,W,SM,SM,83,1,6.769090909,0.109589041,19.390625,0.25,0.003012048,8
94772_1,WWSC,M,M1,2,M,ASY,Quebec,St. Lawrence River,-79.37541309,54.68893984,84.0,5/25/2013,8/17/2013,145,229,F,2013,23,1.0,F,S,SM,SM,83,1,6.769090909,0.230136986,19.390625,0.25,0.003012048,19
